record_id,source,group,test_standard,LL,PL,PI,fines_pct,sand_pct,energy_kJm3,Gs,MDD_Mgm3,OMC_frac
bio_0004,zenodo:10.5281/zenodo.19242689,Kaolinite soil,SP,38.3,19.0,19.2,92.0,8.0,592.5,2.68,1.58,0.249
bio_0005,zenodo:10.5281/zenodo.19242689,"BC soil , North Karnataka, India",SP,64.0,31.0,33.0,72.0,24.0,592.5,2.5,1.77,0.1632
bio_0006,zenodo:10.5281/zenodo.19242689,"Undavalli in Guntur District, Andhra Pradesh",SP,72.0,27.0,45.0,95.0,5.0,592.5,2.68,1.51,0.25
bio_0008,zenodo:10.5281/zenodo.19242689,A factory in Iran,SP,37.8,19.1,18.7,100.0,0.0,592.5,2.63,1.59,0.2362999999999999
bio_0009,zenodo:10.5281/zenodo.19242689,"Gaziantep University campus, Turkey",SP,35.16,28.31,6.85,100.0,0.0,592.5,2.68,1.80796,0.1685
bio_0010,zenodo:10.5281/zenodo.19242689,"Serra Riccò – Genoa, Italy",SP,43.0,28.0,15.0,73.1,26.9,592.5,2.7,1.94,0.12
bio_0011,zenodo:10.5281/zenodo.19242689,Bentonite + Kaolin (B:K=25:75),SP,94.5,35.0,59.5,99.0,1.0,592.5,2.73,1.57,0.22
fs206_100KS0_MP,figshare:10.6084/m9.figshare.32955851,Experimental Work,MP,72.1,27.62,44.48,100.0,,2693.3,2.74,1.5321100917431192,0.2362999999999999
fs206_100KS0_RMP,figshare:10.6084/m9.figshare.32955851,Experimental Work,RMP,72.1,27.62,44.48,100.0,,1346.6,2.74,1.475025484199796,0.276
fs206_100KS0_RSP,figshare:10.6084/m9.figshare.32955851,Experimental Work,RSP,72.1,27.62,44.48,100.0,,355.2,2.74,1.3200815494393474,0.312
fs206_100KS0_SP,figshare:10.6084/m9.figshare.32955851,Experimental Work,SP,72.1,27.62,44.48,100.0,,592.5,2.74,1.3832823649337411,0.301
fs206_50BS50_MP,figshare:10.6084/m9.figshare.32955851,Experimental Work,MP,151.6,25.39999999999999,126.2,50.0,,2693.3,2.65,1.6819571865443423,0.2098
fs206_50BS50_RMP,figshare:10.6084/m9.figshare.32955851,Experimental Work,RMP,151.6,25.39999999999999,126.2,50.0,,1346.6,2.65,1.6513761467889907,0.216
fs206_50BS50_RSP,figshare:10.6084/m9.figshare.32955851,Experimental Work,RSP,151.6,25.39999999999999,126.2,50.0,,355.2,2.65,1.6106014271151885,0.24
fs206_50BS50_SP,figshare:10.6084/m9.figshare.32955851,Experimental Work,SP,151.6,25.39999999999999,126.2,50.0,,592.5,2.65,1.6309887869520896,0.2319999999999999
fs206_50KS50_MP,figshare:10.6084/m9.figshare.32955851,Experimental Work,MP,36.2,13.830000000000002,22.37,50.0,,2693.3,2.63,1.9367991845056065,0.118
fs206_50KS50_RMP,figshare:10.6084/m9.figshare.32955851,Experimental Work,RMP,36.2,13.830000000000002,22.37,50.0,,1346.6,2.63,1.926605504587156,0.126
fs206_50KS50_SP,figshare:10.6084/m9.figshare.32955851,Experimental Work,SP,36.2,13.830000000000002,22.37,50.0,,592.5,2.63,1.8144750254842,0.166
fs206_60KS40_MP,figshare:10.6084/m9.figshare.32955851,Experimental Work,MP,43.8,16.929999999999996,26.87,60.0,,2693.3,2.65,1.9041794087665649,0.132
fs206_60KS40_RMP,figshare:10.6084/m9.figshare.32955851,Experimental Work,RMP,43.8,16.929999999999996,26.87,60.0,,1346.6,2.65,1.855249745158002,0.142
fs206_60KS40_RSP,figshare:10.6084/m9.figshare.32955851,Experimental Work,RSP,43.8,16.929999999999996,26.87,60.0,,355.2,2.65,1.7125382262996942,0.206
fs206_60KS40_SP,figshare:10.6084/m9.figshare.32955851,Experimental Work,SP,43.8,16.929999999999996,26.87,60.0,,592.5,2.65,1.7533129459734962,0.1882
fs206_70KS30_MP,figshare:10.6084/m9.figshare.32955851,Experimental Work,MP,49.07,20.03,29.04,70.0,,2693.3,2.67,1.8583078491335367,0.155
fs206_70KS30_RMP,figshare:10.6084/m9.figshare.32955851,Experimental Work,RMP,49.07,20.03,29.04,70.0,,1346.6,2.67,1.8144750254842,0.1694999999999999
fs206_70KS30_RSP,figshare:10.6084/m9.figshare.32955851,Experimental Work,RSP,49.07,20.03,29.04,70.0,,355.2,2.67,1.6554536187563709,0.2289999999999999
fs206_70KS30_SP,figshare:10.6084/m9.figshare.32955851,Experimental Work,SP,49.07,20.03,29.04,70.0,,592.5,2.67,1.6819571865443423,0.212
fs206_80KS20_MP,figshare:10.6084/m9.figshare.32955851,Experimental Work,MP,55.11,22.11,33.0,80.0,,2693.3,2.7,1.7655453618756372,0.183
fs206_80KS20_RMP,figshare:10.6084/m9.figshare.32955851,Experimental Work,RMP,55.11,22.11,33.0,80.0,,1346.6,2.7,1.6717635066258918,0.191
fs206_80KS20_RSP,figshare:10.6084/m9.figshare.32955851,Experimental Work,RSP,55.11,22.11,33.0,80.0,,355.2,2.7,1.549439347604485,0.252
fs206_80KS20_SP,figshare:10.6084/m9.figshare.32955851,Experimental Work,SP,55.11,22.11,33.0,80.0,,592.5,2.7,1.5779816513761469,0.245
fs206_90KS10_MP,figshare:10.6084/m9.figshare.32955851,Experimental Work,MP,61.1,24.9,36.2,90.0,,2693.3,2.72,1.6462793068297654,0.2052
fs206_90KS10_RMP,figshare:10.6084/m9.figshare.32955851,Experimental Work,RMP,61.1,24.9,36.2,90.0,,1346.6,2.72,1.5361875637104994,0.236
fs206_90KS10_RSP,figshare:10.6084/m9.figshare.32955851,Experimental Work,RSP,61.1,24.9,36.2,90.0,,355.2,2.72,1.475025484199796,0.281
fs206_90KS10_SP,figshare:10.6084/m9.figshare.32955851,Experimental Work,SP,61.1,24.9,36.2,90.0,,592.5,2.72,1.490316004077472,0.276
fs206_Alevoor_MP,figshare:10.6084/m9.figshare.32955851,http://hdl.handle.net/10603/640117,MP,47.4,41.3,6.1,61.0,,2693.3,2.35,1.7227319062181443,0.139
fs206_Alevoor_SP,figshare:10.6084/m9.figshare.32955851,http://hdl.handle.net/10603/640107,SP,47.4,41.3,6.1,61.0,,592.5,2.35,1.5188583078491336,0.2019999999999999
fs206_Ankola_MP,figshare:10.6084/m9.figshare.32955851,"Bhagyashree, udayshankar",MP,31.7,22.2,9.5,4.3,,2693.3,2.7,1.9062181447502544,0.088
fs206_Apsarakonda_MP,figshare:10.6084/m9.figshare.32955851,"Bhagyashree, udayshankar",MP,36.0,23.4,12.6,2.0,,2693.3,2.54,1.8348623853211008,0.111
fs206_Apsarakonda_SP,figshare:10.6084/m9.figshare.32955851,"Bhagyashree, udayshankar",SP,36.0,23.4,12.6,2.0,,592.5,2.54,1.6513761467889907,0.131
fs206_Baijpe_SP,figshare:10.6084/m9.figshare.32955851,"Bhagyashree, udayshankar",SP,26.5,15.1,11.4,29.0,,592.5,2.89,1.9062181447502544,0.104
fs206_Bannur (S5)_MP,figshare:10.6084/m9.figshare.32955851,DOI: 10.13189/cea.2023.110219,MP,68.0,30.0,38.0,100.0,,2693.3,2.69,1.6649999999999998,0.2
fs206_Bannur (S5)_SP,figshare:10.6084/m9.figshare.32955851,DOI: 10.13189/cea.2023.110212,SP,68.0,30.0,38.0,100.0,,592.5,2.69,1.432,0.28
fs206_Behalli_MP,figshare:10.6084/m9.figshare.32955851,"Bhagyashree, udayshankar",MP,28.1,17.200000000000003,10.9,4.1,,2693.3,2.62,1.885830784913353,0.079
fs206_Behalli_SP,figshare:10.6084/m9.figshare.32955851,"Bhagyashree, udayshankar",SP,28.1,17.200000000000003,10.9,4.1,,592.5,2.62,1.5800203873598369,0.084
fs206_Benjana padavu_MP,figshare:10.6084/m9.figshare.32955851,"Bhagyashree, udayshankar",MP,34.8,26.9,7.9,1.9,,2693.3,2.7,1.8960244648318043,0.138
fs206_Benjana padavu_SP,figshare:10.6084/m9.figshare.32955851,"Bhagyashree, udayshankar",SP,34.8,26.9,7.9,1.9,,592.5,2.7,1.7023445463812434,0.16
fs206_Bentonite + Kaolinite_MP,figshare:10.6084/m9.figshare.32955851,doi:10.3208/sandf.48.142,MP,150.5,39.2,111.3,100.0,,2693.3,2.58,1.600407747196738,0.208
fs206_Bentonite + Kaolinite_RSP,figshare:10.6084/m9.figshare.32955851,doi:10.3208/sandf.48.139,RSP,150.5,39.2,111.3,100.0,,355.2,2.58,1.325178389398573,0.322
fs206_Bentonite + Kaolinite_SP,figshare:10.6084/m9.figshare.32955851,doi:10.3208/sandf.48.140,SP,150.5,39.2,111.3,100.0,,592.5,2.58,1.4067278287461773,0.285
fs206_Bentonite + Weathered clay_MP,figshare:10.6084/m9.figshare.32955851,doi:10.3208/sandf.48.146,MP,152.8,48.20000000000002,104.6,88.7,,2693.3,2.6,1.529051987767584,0.239
fs206_Bentonite + Weathered clay_RSP,figshare:10.6084/m9.figshare.32955851,doi:10.3208/sandf.48.143,RSP,152.8,48.20000000000002,104.6,88.7,,355.2,2.6,1.253822629969419,0.368
fs206_Bentonite + Weathered clay_SP,figshare:10.6084/m9.figshare.32955851,doi:10.3208/sandf.48.144,SP,152.8,48.20000000000002,104.6,88.7,,592.5,2.6,1.3353720693170232,0.326
fs206_Bhatkal_MP,figshare:10.6084/m9.figshare.32955851,"Bhagyashree, udayshankar",MP,32.0,21.8,10.2,2.8,,2693.3,2.8,1.946992864424057,0.103
fs206_Bhatkal_SP,figshare:10.6084/m9.figshare.32955851,"Bhagyashree, udayshankar",SP,32.0,21.8,10.2,2.8,,592.5,2.8,1.7533129459734962,0.1119999999999999
fs206_Bogadi (S1)_MP,figshare:10.6084/m9.figshare.32955851,DOI: 10.13189/cea.2023.110215,MP,46.0,22.0,24.0,59.0,,2693.3,2.61,1.91,0.1369999999999999
fs206_Bogadi (S1)_SP,figshare:10.6084/m9.figshare.32955851,DOI: 10.13189/cea.2023.110208,SP,46.0,22.0,24.0,59.0,,592.5,2.61,1.6499999999999997,0.17
fs206_Brahmavar_MP,figshare:10.6084/m9.figshare.32955851,http://hdl.handle.net/10603/640120,MP,54.9,45.1,9.8,58.5,,2693.3,2.45,1.5902140672782874,0.1939999999999999
fs206_Brahmavar_SP,figshare:10.6084/m9.figshare.32955851,http://hdl.handle.net/10603/640110,SP,54.9,45.1,9.8,58.5,,592.5,2.45,1.5392456676860344,0.203
fs206_Byndoor_MP,figshare:10.6084/m9.figshare.32955851,"Bhagyashree, udayshankar",MP,31.8,23.700000000000003,8.1,4.8,,2693.3,2.54,1.875637104994903,0.095
fs206_Byndoor_MP,figshare:10.6084/m9.figshare.32955851,http://hdl.handle.net/10603/640125,MP,46.7,37.7,9.0,59.5,,2693.3,2.4,1.7125382262996942,0.151
fs206_Byndoor_SP,figshare:10.6084/m9.figshare.32955851,http://hdl.handle.net/10603/640115,SP,46.7,37.7,9.0,59.5,,592.5,2.4,1.5698267074413863,0.1889999999999999
fs206_Byndoor_SP,figshare:10.6084/m9.figshare.32955851,"Bhagyashree, udayshankar",SP,31.8,23.700000000000003,8.1,4.8,,592.5,2.54,1.7125382262996942,0.109
fs206_CFTRI Layout (S6)_MP,figshare:10.6084/m9.figshare.32955851,DOI: 10.13189/cea.2023.110220,MP,68.0,33.0,35.0,100.0,,2693.3,2.72,1.664,0.226
fs206_CFTRI Layout (S6)_SP,figshare:10.6084/m9.figshare.32955851,DOI: 10.13189/cea.2023.110213,SP,68.0,33.0,35.0,100.0,,592.5,2.72,1.361,0.302
fs206_China Clay (S7)_MP,figshare:10.6084/m9.figshare.32955851,DOI: 10.13189/cea.2023.110221,MP,68.0,30.0,38.0,100.0,,2693.3,2.67,1.591,0.212
fs206_China Clay (S7)_SP,figshare:10.6084/m9.figshare.32955851,DOI: 10.13189/cea.2023.110214,SP,68.0,30.0,38.0,100.0,,592.5,2.67,1.34,0.345
fs206_Deralakatte_MP,figshare:10.6084/m9.figshare.32955851,"Bhagyashree, udayshankar",MP,31.1,23.3,7.8,2.6,,2693.3,2.65,1.7533129459734962,0.115
fs206_Deralakatte_SP,figshare:10.6084/m9.figshare.32955851,"Bhagyashree, udayshankar",SP,31.1,23.3,7.8,2.6,,592.5,2.65,1.5392456676860344,0.123
fs206_Gunavanthe_MP,figshare:10.6084/m9.figshare.32955851,"Bhagyashree, udayshankar",MP,35.5,23.1,12.4,3.6,,2693.3,2.61,1.946992864424057,0.079
fs206_Gunavanthe_SP,figshare:10.6084/m9.figshare.32955851,"Bhagyashree, udayshankar",SP,35.5,23.1,12.4,3.6,,592.5,2.61,1.620795107033639,0.091
fs206_Haradi_MP,figshare:10.6084/m9.figshare.32955851,"Bhagyashree, udayshankar",MP,26.4,17.2,9.2,3.6,,2693.3,2.52,1.8348623853211008,0.1159999999999999
fs206_Haradi_SP,figshare:10.6084/m9.figshare.32955851,"Bhagyashree, udayshankar",SP,26.4,17.2,9.2,3.6,,592.5,2.52,1.6819571865443423,0.135
fs206_Hemmadi_MP,figshare:10.6084/m9.figshare.32955851,"Bhagyashree, udayshankar",MP,34.7,25.200000000000003,9.5,3.3,,2693.3,2.75,1.9062181447502544,0.099
fs206_Hemmadi_SP,figshare:10.6084/m9.figshare.32955851,"Bhagyashree, udayshankar",SP,34.7,25.200000000000003,9.5,3.3,,592.5,2.75,1.6921508664627931,0.105
fs206_Honnavar_MP,figshare:10.6084/m9.figshare.32955851,"Bhagyashree, udayshankar",MP,35.8,22.3,13.5,4.5,,2693.3,2.55,1.926605504587156,0.111
fs206_Honnavar_SP,figshare:10.6084/m9.figshare.32955851,"Bhagyashree, udayshankar",SP,35.8,22.3,13.5,4.5,,592.5,2.55,1.6921508664627931,0.122
fs206_Jantra_MP,figshare:10.6084/m9.figshare.32955851,"Bhagyashree, udayshankar",MP,35.7,24.1,11.6,2.5,,2693.3,2.6,1.9775739041794085,0.071
fs206_Jantra_SP,figshare:10.6084/m9.figshare.32955851,"Bhagyashree, udayshankar",SP,35.7,24.1,11.6,2.5,,592.5,2.6,1.6411824668705404,0.079
fs206_Kalalagiri_MP,figshare:10.6084/m9.figshare.32955851,"Bhagyashree, udayshankar",MP,29.6,18.200000000000003,11.4,4.6,,2693.3,2.47,1.9367991845056065,0.099
fs206_Kalalagiri_SP,figshare:10.6084/m9.figshare.32955851,"Bhagyashree, udayshankar",SP,29.6,18.200000000000003,11.4,4.6,,592.5,2.47,1.8144750254842,0.107
fs206_Kandluru_MP,figshare:10.6084/m9.figshare.32955851,"Bhagyashree, udayshankar",MP,32.6,21.200000000000003,11.4,3.0,,2693.3,2.47,1.8348623853211008,0.102
fs206_Kandluru_SP,figshare:10.6084/m9.figshare.32955851,"Bhagyashree, udayshankar",SP,32.6,21.200000000000003,11.4,3.0,,592.5,2.47,1.7227319062181443,0.123
fs206_Kaolinite_MP,figshare:10.6084/m9.figshare.32955851,doi:10.3208/sandf.48.134,MP,52.0,34.8,17.2,100.0,,2693.3,2.62,1.5698267074413863,0.233
fs206_Kaolinite_RSP,figshare:10.6084/m9.figshare.32955851,doi:10.3208/sandf.48.131,RSP,52.0,34.8,17.2,100.0,,355.2,2.62,1.3455657492354738,0.331
fs206_Kaolinite_SP,figshare:10.6084/m9.figshare.32955851,doi:10.3208/sandf.48.132,SP,52.0,34.8,17.2,100.0,,592.5,2.62,1.4271151885830784,0.293
fs206_Karwar_MP,figshare:10.6084/m9.figshare.32955851,"Bhagyashree, udayshankar",MP,30.5,22.1,8.4,4.9,,2693.3,2.47,1.885830784913353,0.104
fs206_Karwar_SP,figshare:10.6084/m9.figshare.32955851,"Bhagyashree, udayshankar",SP,30.5,22.1,8.4,4.9,,592.5,2.47,1.743119266055046,0.113
fs206_Katapadi_SP,figshare:10.6084/m9.figshare.32955851,http://hdl.handle.net/10603/640106,SP,40.4,38.8,1.6,47.4,,592.5,2.5,1.6615698267074417,0.151
fs206_Katpadi_MP,figshare:10.6084/m9.figshare.32955851,"Bhagyashree, udayshankar",MP,36.4,26.9,9.5,4.7,,2693.3,2.57,1.9062181447502544,0.123
fs206_Katpadi_SP,figshare:10.6084/m9.figshare.32955851,"Bhagyashree, udayshankar",SP,36.4,26.9,9.5,4.7,,592.5,2.57,1.5902140672782874,0.132
fs206_Kollegala (S3)_MP,figshare:10.6084/m9.figshare.32955851,DOI: 10.13189/cea.2023.110217,MP,55.0,26.0,29.0,71.5,,2693.3,2.74,1.7619999999999998,0.174
fs206_Kollegala (S3)_SP,figshare:10.6084/m9.figshare.32955851,DOI: 10.13189/cea.2023.110210,SP,55.0,26.0,29.0,71.5,,592.5,2.74,1.61,0.2319999999999999
fs206_Kuderu (S4)_MP,figshare:10.6084/m9.figshare.32955851,DOI: 10.13189/cea.2023.110218,MP,55.0,27.0,28.0,60.0,,2693.3,2.85,1.846,0.144
fs206_Kuderu (S4)_SP,figshare:10.6084/m9.figshare.32955851,DOI: 10.13189/cea.2023.110211,SP,55.0,27.0,28.0,60.0,,592.5,2.85,1.64,0.1810999999999999
fs206_Kumbashi_MP,figshare:10.6084/m9.figshare.32955851,"Bhagyashree, udayshankar",MP,35.7,27.1,8.6,1.8,,2693.3,2.61,1.9775739041794085,0.076
fs206_Kumbashi_SP,figshare:10.6084/m9.figshare.32955851,http://hdl.handle.net/10603/640111,SP,55.6,46.900000000000006,8.7,61.8,,592.5,2.53,1.529051987767584,0.258
fs206_LS1-BSH_MP,figshare:10.6084/m9.figshare.32955851,doi10.1061(asce)1090-0241(2005)1318(1034),MP,41.0,24.0,17.0,34.0,,2693.3,2.67,1.8807339449541285,0.14
fs206_LS1-BSL_SP,figshare:10.6084/m9.figshare.32955851,doi10.1061(asce)1090-0241(2005)1318(1034),SP,41.0,24.0,17.0,34.0,,592.5,2.67,1.7023445463812434,0.188
fs206_LS1-RBSL_RSP,figshare:10.6084/m9.figshare.32955851,doi10.1061(asce)1090-0241(2005)1318(1034),RSP,41.0,24.0,17.0,34.0,,355.2,2.67,1.6483180428134558,0.208
fs206_LS2-BSH_MP,figshare:10.6084/m9.figshare.32955851,doi10.1061(asce)1090-0241(2005)1318(1034),MP,40.0,23.0,17.0,34.0,,2693.3,2.68,1.91131498470948,0.125
fs206_LS2-BSL_SP,figshare:10.6084/m9.figshare.32955851,doi10.1061(asce)1090-0241(2005)1318(1034),SP,40.0,23.0,17.0,34.0,,592.5,2.68,1.7206931702344543,0.168
fs206_LS2-RBSL_RSP,figshare:10.6084/m9.figshare.32955851,doi10.1061(asce)1090-0241(2005)1318(1034),RSP,40.0,23.0,17.0,34.0,,355.2,2.68,1.6697247706422016,0.188
fs206_LS3-BSH_MP,figshare:10.6084/m9.figshare.32955851,doi10.1061(asce)1090-0241(2005)1318(1034),MP,43.0,26.0,17.0,29.0,,2693.3,2.69,1.849133537206932,0.133
fs206_LS3-BSL_SP,figshare:10.6084/m9.figshare.32955851,doi10.1061(asce)1090-0241(2005)1318(1034),SP,43.0,26.0,17.0,34.0,,592.5,2.69,1.6615698267074417,0.18
fs206_LS3-RBSL_RSP,figshare:10.6084/m9.figshare.32955851,doi10.1061(asce)1090-0241(2005)1318(1034),RSP,43.0,26.0,17.0,34.0,,355.2,2.69,1.604485219164118,0.193
fs206_Mudipu_MP,figshare:10.6084/m9.figshare.32955851,"Bhagyashree, udayshankar",MP,31.4,19.4,12.0,5.0,,2693.3,2.55,1.783893985728848,0.1119999999999999
fs206_Mudipu_SP,figshare:10.6084/m9.figshare.32955851,"Bhagyashree, udayshankar",SP,31.4,19.4,12.0,5.0,,592.5,2.55,1.5596330275229358,0.122
fs206_Mundkoor_MP,figshare:10.6084/m9.figshare.32955851,"Bhagyashree, udayshankar",MP,29.2,18.7,10.5,4.1,,2693.3,2.58,1.7940876656472988,0.105
fs206_Mundkoor_SP,figshare:10.6084/m9.figshare.32955851,"Bhagyashree, udayshankar",SP,29.2,18.7,10.5,29.0,,592.5,2.58,1.6615698267074417,0.11
fs206_Murude shwara_MP,figshare:10.6084/m9.figshare.32955851,"Bhagyashree, udayshankar",MP,34.0,25.2,8.8,4.4,,2693.3,2.53,1.7940876656472988,0.123
fs206_Murude shwara_SP,figshare:10.6084/m9.figshare.32955851,"Bhagyashree, udayshankar",SP,34.0,25.2,8.8,4.4,,592.5,2.53,1.6411824668705404,0.145
fs206_Nanjangud (S2)_MP,figshare:10.6084/m9.figshare.32955851,DOI: 10.13189/cea.2023.110216,MP,46.0,23.0,23.0,60.0,,2693.3,2.7,1.89,0.138
fs206_Nanjangud (S2)_SP,figshare:10.6084/m9.figshare.32955851,DOI: 10.13189/cea.2023.110209,SP,46.0,23.0,23.0,60.0,,592.5,2.7,1.779816513761468,0.185
fs206_Neralakatte_MP,figshare:10.6084/m9.figshare.32955851,"Bhagyashree, udayshankar",MP,35.4,24.9,10.5,2.6,,2693.3,2.67,1.8654434250764529,0.104
fs206_Neralakatte_SP,figshare:10.6084/m9.figshare.32955851,"Bhagyashree, udayshankar",SP,35.4,24.9,10.5,2.6,,592.5,2.67,1.7023445463812434,0.119
fs206_Niddodi_MP,figshare:10.6084/m9.figshare.32955851,"Bhagyashree, udayshankar",MP,37.4,23.2,14.2,4.9,,2693.3,2.81,1.8042813455657487,0.073
fs206_Niddodi_SP,figshare:10.6084/m9.figshare.32955851,"Bhagyashree, udayshankar",SP,37.4,23.2,14.2,29.0,,592.5,2.81,1.6411824668705404,0.078
fs206_Sasthana_MP,figshare:10.6084/m9.figshare.32955851,"Bhagyashree, udayshankar",MP,36.2,26.700000000000003,9.5,2.4,,2693.3,2.49,1.7737003058103973,0.109
fs206_Sasthana_SP,figshare:10.6084/m9.figshare.32955851,"Bhagyashree, udayshankar",SP,36.2,26.700000000000003,9.5,2.4,,592.5,2.49,1.7023445463812434,0.126
fs206_Shirva_MP,figshare:10.6084/m9.figshare.32955851,"Bhagyashree, udayshankar",MP,37.7,25.200000000000003,12.5,4.9,,2693.3,2.55,1.8042813455657487,0.074
fs206_Shirva_SP,figshare:10.6084/m9.figshare.32955851,"Bhagyashree, udayshankar",SP,37.7,25.200000000000003,12.5,4.9,,592.5,2.55,1.5902140672782874,0.086
fs206_Silty clay 1_MP,figshare:10.6084/m9.figshare.32955851,doi:10.3208/sandf.48.118,MP,39.7,7.700000000000003,32.0,69.2,,2693.3,2.7,2.038735983690112,0.108
fs206_Silty clay 1_RSP,figshare:10.6084/m9.figshare.32955851,doi:10.3208/sandf.48.115,RSP,39.7,7.700000000000003,32.0,69.2,,355.2,2.7,1.7125382262996942,0.178
fs206_Silty clay 1_SP,figshare:10.6084/m9.figshare.32955851,doi:10.3208/sandf.48.116,SP,39.7,7.700000000000003,32.0,69.2,,592.5,2.7,1.7940876656472988,0.156
fs206_Silty clay 2_MP,figshare:10.6084/m9.figshare.32955851,doi:10.3208/sandf.48.122,MP,42.3,6.099999999999994,36.2,75.8,,2693.3,2.69,1.9673802242609584,0.119
fs206_Silty clay 2_RSP,figshare:10.6084/m9.figshare.32955851,doi:10.3208/sandf.48.119,RSP,42.3,6.099999999999994,36.2,75.8,,355.2,2.69,1.6921508664627931,0.191
fs206_Silty clay 2_SP,figshare:10.6084/m9.figshare.32955851,doi:10.3208/sandf.48.120,SP,42.3,6.099999999999994,36.2,75.8,,592.5,2.69,1.783893985728848,0.165
fs206_Silty clay 3_MP,figshare:10.6084/m9.figshare.32955851,doi:10.3208/sandf.48.126,MP,47.5,15.8,31.7,71.0,,2693.3,2.64,1.6717635066258918,0.181
fs206_Silty clay 3_RSP,figshare:10.6084/m9.figshare.32955851,doi:10.3208/sandf.48.123,RSP,47.5,15.8,31.7,71.0,,355.2,2.64,1.4882772680937817,0.24
fs206_Silty clay 3_SP,figshare:10.6084/m9.figshare.32955851,doi:10.3208/sandf.48.124,SP,47.5,15.8,31.7,71.0,,592.5,2.64,1.5392456676860344,0.22
fs206_Soil A_MP,figshare:10.6084/m9.figshare.32955851,https://doi.org/10.1346/CCMN.1995.0430605,MP,70.0,32.0,38.0,94.0,,2693.3,2.8,1.743119266055046,0.146
fs206_Soil A_RSP,figshare:10.6084/m9.figshare.32955851,https://doi.org/10.1346/CCMN.1995.0430603,RSP,70.0,32.0,38.0,94.0,,355.2,2.8,1.4780835881753311,0.2319999999999999
fs206_Soil A_SP,figshare:10.6084/m9.figshare.32955851,https://doi.org/10.1346/CCMN.1995.0430604,SP,70.0,32.0,38.0,94.0,,592.5,2.8,1.5698267074413863,0.241
fs206_Soil C_MP,figshare:10.6084/m9.figshare.32955851,https://doi.org/10.1346/CCMN.1995.0430608,MP,27.0,12.0,15.0,76.0,,2693.3,2.75,2.0897043832823647,0.073
fs206_Soil C_RSP,figshare:10.6084/m9.figshare.32955851,https://doi.org/10.1346/CCMN.1995.0430606,RSP,27.0,12.0,15.0,76.0,,355.2,2.75,1.8960244648318043,0.132
fs206_Soil C_SP,figshare:10.6084/m9.figshare.32955851,https://doi.org/10.1346/CCMN.1995.0430607,SP,27.0,12.0,15.0,76.0,,592.5,2.75,1.9367991845056065,0.119
fs206_Soil D_MP,figshare:10.6084/m9.figshare.32955851,https://doi.org/10.1346/CCMN.1995.0430611,MP,35.0,16.0,19.0,89.0,,2693.3,2.8,1.9775739041794085,0.136
fs206_Soil D_RSP,figshare:10.6084/m9.figshare.32955851,https://doi.org/10.1346/CCMN.1995.0430609,RSP,35.0,16.0,19.0,89.0,,355.2,2.8,1.7329255861365953,0.182
fs206_Soil D_SP,figshare:10.6084/m9.figshare.32955851,https://doi.org/10.1346/CCMN.1995.0430610,SP,35.0,16.0,19.0,89.0,,592.5,2.8,1.7737003058103973,0.181
fs206_Soil E_MP,figshare:10.6084/m9.figshare.32955851,https://doi.org/10.1346/CCMN.1995.0430614,MP,53.0,12.0,41.0,88.0,,2693.3,2.9,2.028542303771661,0.119
fs206_Soil E_RSP,figshare:10.6084/m9.figshare.32955851,https://doi.org/10.1346/CCMN.1995.0430612,RSP,53.0,12.0,41.0,88.0,,355.2,2.9,1.7023445463812434,0.187
fs206_Soil E_SP,figshare:10.6084/m9.figshare.32955851,https://doi.org/10.1346/CCMN.1995.0430613,SP,53.0,12.0,41.0,88.0,,592.5,2.9,1.82466870540265,0.16
fs206_Soil F_MP,figshare:10.6084/m9.figshare.32955851,https://doi.org/10.1346/CCMN.1995.0430617,MP,67.0,21.0,46.0,94.0,,2693.3,2.8,1.875637104994903,0.16
fs206_Soil F_RSP,figshare:10.6084/m9.figshare.32955851,https://doi.org/10.1346/CCMN.1995.0430615,RSP,67.0,21.0,46.0,94.0,,355.2,2.8,1.6106014271151885,0.233
fs206_Soil F_SP,figshare:10.6084/m9.figshare.32955851,https://doi.org/10.1346/CCMN.1995.0430616,SP,67.0,21.0,46.0,94.0,,592.5,2.8,1.6513761467889907,0.214
fs206_Soil G_MP,figshare:10.6084/m9.figshare.32955851,https://doi.org/10.1346/CCMN.1995.0430620,MP,29.0,13.0,16.0,52.0,,2693.3,2.68,2.069317023445464,0.103
fs206_Soil G_RSP,figshare:10.6084/m9.figshare.32955851,https://doi.org/10.1346/CCMN.1995.0430618,RSP,29.0,13.0,16.0,52.0,,355.2,2.68,1.885830784913353,0.125
fs206_Soil G_SP,figshare:10.6084/m9.figshare.32955851,https://doi.org/10.1346/CCMN.1995.0430619,SP,29.0,13.0,16.0,52.0,,592.5,2.68,1.9367991845056065,0.111
fs206_Soil H_MP,figshare:10.6084/m9.figshare.32955851,https://doi.org/10.1346/CCMN.1995.0430623,MP,37.0,17.0,20.0,81.0,,2693.3,2.78,1.99796126401631,0.121
fs206_Soil H_RSP,figshare:10.6084/m9.figshare.32955851,https://doi.org/10.1346/CCMN.1995.0430621,RSP,37.0,17.0,20.0,81.0,,355.2,2.78,1.7125382262996942,0.151
fs206_Soil H_SP,figshare:10.6084/m9.figshare.32955851,https://doi.org/10.1346/CCMN.1995.0430622,SP,37.0,17.0,20.0,81.0,,592.5,2.78,1.783893985728848,0.135
fs206_Soil I_MP,figshare:10.6084/m9.figshare.32955851,https://doi.org/10.1346/CCMN.1995.0430626,MP,33.0,14.0,19.0,85.0,,2693.3,2.8,1.9673802242609584,0.1173
fs206_Soil I_RSP,figshare:10.6084/m9.figshare.32955851,https://doi.org/10.1346/CCMN.1995.0430624,RSP,33.0,14.0,19.0,85.0,,355.2,2.8,1.743119266055046,0.171
fs206_Soil I_SP,figshare:10.6084/m9.figshare.32955851,https://doi.org/10.1346/CCMN.1995.0430625,SP,33.0,14.0,19.0,85.0,,592.5,2.8,1.8042813455657487,0.1691
fs206_Soil J_MP,figshare:10.6084/m9.figshare.32955851,https://doi.org/10.1346/CCMN.1995.0430629,MP,31.0,13.0,18.0,74.0,,2693.3,2.8,1.9775739041794085,0.1341
fs206_Soil J_RSP,figshare:10.6084/m9.figshare.32955851,https://doi.org/10.1346/CCMN.1995.0430627,RSP,31.0,13.0,18.0,74.0,,355.2,2.8,1.7533129459734962,0.1723
fs206_Soil J_SP,figshare:10.6084/m9.figshare.32955851,https://doi.org/10.1346/CCMN.1995.0430628,SP,31.0,13.0,18.0,74.0,,592.5,2.8,1.8042813455657487,0.1509
fs206_Soil K_RSP,figshare:10.6084/m9.figshare.32955851,https://doi.org/10.1346/CCMN.1995.0430630,RSP,24.0,13.0,11.0,62.0,,355.2,2.8,1.8960244648318043,0.1331
fs206_Soil K_SP,figshare:10.6084/m9.figshare.32955851,https://doi.org/10.1346/CCMN.1995.0430631,SP,24.0,13.0,11.0,62.0,,592.5,2.8,2.0489296636085625,0.086
fs206_Soil L_MP,figshare:10.6084/m9.figshare.32955851,https://doi.org/10.1346/CCMN.1995.0430635,MP,43.0,17.0,26.0,89.0,,2693.3,2.78,1.8960244648318043,0.1404
fs206_Soil L_RSP,figshare:10.6084/m9.figshare.32955851,https://doi.org/10.1346/CCMN.1995.0430633,RSP,43.0,17.0,26.0,89.0,,355.2,2.78,1.6819571865443423,0.2006
fs206_Soil L_SP,figshare:10.6084/m9.figshare.32955851,https://doi.org/10.1346/CCMN.1995.0430634,SP,43.0,17.0,26.0,89.0,,592.5,2.78,1.6309887869520896,0.198
fs206_Soil M_MP,figshare:10.6084/m9.figshare.32955851,https://doi.org/10.1346/CCMN.1995.0430638,MP,32.0,18.0,14.0,85.0,,2693.3,2.8,2.099898063200816,0.1017
fs206_Soil M_RSP,figshare:10.6084/m9.figshare.32955851,https://doi.org/10.1346/CCMN.1995.0430636,RSP,32.0,18.0,14.0,85.0,,355.2,2.8,1.8042813455657487,0.159
fs206_Soil M_SP,figshare:10.6084/m9.figshare.32955851,https://doi.org/10.1346/CCMN.1995.0430637,SP,32.0,18.0,14.0,85.0,,592.5,2.8,1.885830784913353,0.1147
fs206_Thokkottu_MP,figshare:10.6084/m9.figshare.32955851,"Bhagyashree, udayshankar",MP,37.7,27.500000000000004,10.2,3.4,,2693.3,2.51,1.7227319062181443,0.124
fs206_Thokkottu_SP,figshare:10.6084/m9.figshare.32955851,"Bhagyashree, udayshankar",SP,37.7,27.500000000000004,10.2,3.4,,592.5,2.51,1.620795107033639,0.144
fs206_Ucchila_MP,figshare:10.6084/m9.figshare.32955851,"Bhagyashree, udayshankar",MP,32.3,25.0,7.3,2.4,,2693.3,2.48,1.875637104994903,0.103
fs206_Ucchila_SP,figshare:10.6084/m9.figshare.32955851,"Bhagyashree, udayshankar",SP,32.3,25.0,7.3,2.4,,592.5,2.48,1.6615698267074417,0.114
fs206_Udupi_MP,figshare:10.6084/m9.figshare.32955851,"Bhagyashree, udayshankar",MP,35.8,27.1,8.7,3.4,,2693.3,2.62,1.875637104994903,0.098
fs206_Udupi_SP,figshare:10.6084/m9.figshare.32955851,"Bhagyashree, udayshankar",SP,35.8,27.1,8.7,3.4,,592.5,2.62,1.600407747196738,0.109
fs206_Valandhur_MP,figshare:10.6084/m9.figshare.32955851,http://hdl.handle.net/10603/640123,MP,43.3,34.5,8.8,56.2,,2693.3,2.3,1.6483180428134558,0.131
fs206_Valandhur_SP,figshare:10.6084/m9.figshare.32955851,http://hdl.handle.net/10603/640113,SP,43.3,34.5,8.8,56.2,,592.5,2.3,1.5902140672782874,0.15
fs206_Weathered clay_MP,figshare:10.6084/m9.figshare.32955851,doi:10.3208/sandf.48.138,MP,63.5,32.6,30.9,55.7,,2693.3,2.63,1.6513761467889907,0.203
fs206_Weathered clay_RSP,figshare:10.6084/m9.figshare.32955851,doi:10.3208/sandf.48.135,RSP,63.5,32.6,30.9,55.7,,355.2,2.63,1.4413863404689091,0.307
fs206_Weathered clay_SP,figshare:10.6084/m9.figshare.32955851,doi:10.3208/sandf.48.136,SP,63.5,32.6,30.9,55.7,,592.5,2.63,1.533129459734964,0.272
gun_1,figshare:10.6084/m9.figshare.28681187,Günaydın et. al. (2009),SP,54.5,24.44,30.06,63.5,30.75,592.5,2.68,1.531090723751274,0.2079
gun_10,figshare:10.6084/m9.figshare.28681187,Günaydın et. al. (2009),SP,55.6,27.48,28.12,75.0,15.98,592.5,2.68,1.5718654434250765,0.24
gun_103,figshare:10.6084/m9.figshare.28681187,Günaydın et. al. (2009),SP,45.5,23.96,21.54,31.0,55.4,592.5,2.68,1.7380224260958206,0.182
gun_104,figshare:10.6084/m9.figshare.28681187,Günaydın et. al. (2009),SP,37.7,20.19,17.51,38.0,37.7,592.5,2.68,1.8216106014271152,0.1605
gun_105,figshare:10.6084/m9.figshare.28681187,Günaydın et. al. (2009),SP,43.0,24.46,18.54,37.0,32.32,592.5,2.68,1.7339449541284404,0.174
gun_106,figshare:10.6084/m9.figshare.28681187,Günaydın et. al. (2009),SP,33.9,18.89,15.009999999999998,23.0,69.09,592.5,2.68,1.827726809378185,0.148
gun_107,figshare:10.6084/m9.figshare.28681187,Günaydın et. al. (2009),SP,39.05,25.2,13.849999999999998,33.5,37.4,592.5,2.68,1.709480122324159,0.185
gun_108,figshare:10.6084/m9.figshare.28681187,Günaydın et. al. (2009),SP,42.45,25.96,16.490000000000002,45.5,30.9,592.5,2.68,1.715596330275229,0.178
gun_109,figshare:10.6084/m9.figshare.28681187,Günaydın et. al. (2009),SP,33.7,23.48,10.220000000000002,40.0,57.0,592.5,2.68,1.859327217125382,0.138
gun_110,figshare:10.6084/m9.figshare.28681187,Günaydın et. al. (2009),SP,34.1,21.82,12.28,39.0,37.7,592.5,2.68,1.845056065239552,0.143
gun_111,figshare:10.6084/m9.figshare.28681187,Günaydın et. al. (2009),SP,32.5,19.75,12.75,41.0,45.75,592.5,2.68,1.8899082568807333,0.132
gun_112,figshare:10.6084/m9.figshare.28681187,Günaydın et. al. (2009),SP,36.5,21.5,15.0,32.0,47.63,592.5,2.68,1.694189602446483,0.1639999999999999
gun_113,figshare:10.6084/m9.figshare.28681187,Günaydın et. al. (2009),SP,36.2,22.55,13.650000000000002,42.0,48.68,592.5,2.68,1.91131498470948,0.1169999999999999
gun_114,figshare:10.6084/m9.figshare.28681187,Günaydın et. al. (2009),SP,33.6,20.42,13.18,33.0,53.29,592.5,2.68,1.8807339449541285,0.125
gun_115,figshare:10.6084/m9.figshare.28681187,Günaydın et. al. (2009),SP,30.4,16.92,13.479999999999997,38.0,52.93,592.5,2.68,1.9694189602446484,0.109
gun_119,figshare:10.6084/m9.figshare.28681187,Günaydın et. al. (2009),SP,36.8,15.86,20.94,45.0,45.5,592.5,2.68,1.836901121304791,0.146
gun_12,figshare:10.6084/m9.figshare.28681187,Günaydın et. al. (2009),SP,53.85,27.46,26.39,57.0,23.75,592.5,2.68,1.6452599388379203,0.2155
gun_121,figshare:10.6084/m9.figshare.28681187,Günaydın et. al. (2009),SP,35.15,20.05,15.099999999999998,19.0,48.95,592.5,2.68,1.9255861365953109,0.124
gun_122,figshare:10.6084/m9.figshare.28681187,Günaydın et. al. (2009),SP,23.1,15.73,7.370000000000001,15.0,54.18,592.5,2.68,2.015290519877676,0.093
gun_123,figshare:10.6084/m9.figshare.28681187,Günaydın et. al. (2009),SP,25.0,16.45,8.55,27.0,59.84,592.5,2.68,2.019367991845056,0.107
gun_124,figshare:10.6084/m9.figshare.28681187,Günaydın et. al. (2009),SP,32.0,16.16,15.84,24.0,49.04,592.5,2.68,2.0336391437308867,0.1
gun_125,figshare:10.6084/m9.figshare.28681187,Günaydın et. al. (2009),SP,30.8,15.74,15.06,42.0,52.48,592.5,2.68,1.9694189602446484,0.105
gun_126,figshare:10.6084/m9.figshare.28681187,Günaydın et. al. (2009),SP,41.4,24.59,16.81,47.0,41.77,592.5,2.68,1.7849133537206932,0.156
gun_127,figshare:10.6084/m9.figshare.28681187,Hussain (2016),SP,68.3,26.7,41.6,72.97,27.03,592.5,2.68,1.6666666666666667,0.215
gun_128,figshare:10.6084/m9.figshare.28681187,Hussain (2016),SP,44.3,23.6,20.7,38.66,61.34,592.5,2.68,1.8267074413863404,0.17
gun_129,figshare:10.6084/m9.figshare.28681187,Hussain (2016),SP,82.5,31.2,51.3,85.28999999999999,14.71,592.5,2.68,1.5891946992864423,0.228
gun_13,figshare:10.6084/m9.figshare.28681187,Günaydın et. al. (2009),SP,52.9,27.23,25.67,57.0,41.16,592.5,2.68,1.63914373088685,0.175
gun_131,figshare:10.6084/m9.figshare.28681187,Hussain (2016),SP,87.5,32.3,55.2,92.39,7.61,592.5,2.68,1.54638124362895,0.24
gun_133,figshare:10.6084/m9.figshare.28681187,Hussain (2016),SP,75.5,31.0,44.5,78.95,21.05,592.5,2.68,1.5606523955147809,0.23
gun_135,figshare:10.6084/m9.figshare.28681187,Hussain (2016),SP,58.9,23.6,35.3,62.4,37.6,592.5,2.68,1.6901121304791027,0.195
gun_136,figshare:10.6084/m9.figshare.28681187,Hussain (2016),SP,63.8,28.3,35.5,68.05,31.95,592.5,2.68,1.5983690112130478,0.21
gun_137,figshare:10.6084/m9.figshare.28681187,Hussain (2016),SP,54.5,24.44,30.06,56.71,43.29,592.5,2.68,1.7604485219164117,0.1939999999999999
gun_138,figshare:10.6084/m9.figshare.28681187,Hussain (2016),SP,70.4,25.0,45.400000000000006,78.76,21.24,592.5,2.68,1.6330275229357798,0.205
gun_14,figshare:10.6084/m9.figshare.28681187,Günaydın et. al. (2009),SP,49.1,25.2,23.9,66.0,30.23,592.5,2.68,1.6085626911314983,0.173
gun_140,figshare:10.6084/m9.figshare.28681187,Hussain (2016),SP,66.5,26.25,40.25,69.24,30.76,592.5,2.68,1.565749235474006,0.2
gun_143,figshare:10.6084/m9.figshare.28681187,Hussain (2016),SP,44.5,20.6,23.9,37.96,62.04,592.5,2.68,1.762487257900102,0.16
gun_144,figshare:10.6084/m9.figshare.28681187,Hussain (2016),SP,67.9,25.0,42.900000000000006,70.19,29.81,592.5,2.68,1.6085626911314983,0.212
gun_145,figshare:10.6084/m9.figshare.28681187,Hussain (2016),SP,58.7,24.3,34.400000000000006,60.81,39.19,592.5,2.68,1.6778797145769624,0.2
gun_146,figshare:10.6084/m9.figshare.28681187,Hussain (2016),SP,68.4,28.7,39.7,75.21000000000001,24.79,592.5,2.68,1.584097859327217,0.22
gun_147,figshare:10.6084/m9.figshare.28681187,Hussain (2016),SP,60.3,23.8,36.5,63.54,36.46,592.5,2.68,1.5973496432212029,0.2
gun_148,figshare:10.6084/m9.figshare.28681187,Hussain (2016),SP,69.5,27.8,41.7,81.76,18.24,592.5,2.68,1.623853211009174,0.22
gun_15,figshare:10.6084/m9.figshare.28681187,Günaydın et. al. (2009),SP,43.9,24.4,19.5,70.0,25.3,592.5,2.68,1.6921508664627931,0.16
gun_152,figshare:10.6084/m9.figshare.28681187,Hussain (2016),SP,67.5,28.6,38.9,77.85,22.15,592.5,2.68,1.5575942915392456,0.205
gun_155,figshare:10.6084/m9.figshare.28681187,Hussain (2016),SP,44.3,23.8,20.5,35.55,64.45,592.5,2.68,1.7257900101936798,0.17
gun_156,figshare:10.6084/m9.figshare.28681187,Hussain (2016),SP,43.7,23.8,19.9,33.19,66.81,592.5,2.68,1.8950050968399592,0.15
gun_157,figshare:10.6084/m9.figshare.28681187,Hussain (2016),SP,60.8,26.7,34.099999999999994,67.19,32.81,592.5,2.68,1.7145769622833842,0.205
gun_158,figshare:10.6084/m9.figshare.28681187,Hussain (2016),SP,43.8,21.8,22.0,36.02,63.98,592.5,2.68,1.8501529051987768,0.15
gun_159,figshare:10.6084/m9.figshare.28681187,Hussain (2016),SP,56.8,23.6,33.2,57.15,42.85,592.5,2.68,1.7145769622833842,0.192
gun_16,figshare:10.6084/m9.figshare.28681187,Günaydın et. al. (2009),SP,47.15,21.78,25.37,65.0,24.94,592.5,2.68,1.6503567787971458,0.174
gun_161,figshare:10.6084/m9.figshare.28681187,Hussain (2016),SP,54.0,27.8,26.2,62.6,37.4,592.5,2.68,1.7370030581039753,0.168
gun_164,figshare:10.6084/m9.figshare.28681187,Hussain (2016),SP,39.7,18.6,21.1,46.37,53.63,592.5,2.68,1.8501529051987768,0.145
gun_166,figshare:10.6084/m9.figshare.28681187,Hussain (2016),SP,57.8,23.2,34.599999999999994,59.620000000000005,40.38,592.5,2.68,1.672782874617737,0.19
gun_167,figshare:10.6084/m9.figshare.28681187,Hussain (2016),SP,56.3,22.7,33.599999999999994,60.0,40.0,592.5,2.68,1.7512742099898062,0.19
gun_169,figshare:10.6084/m9.figshare.28681187,Hussain (2016),SP,58.5,24.29,34.21,60.89,39.11,592.5,2.68,1.6483180428134558,0.195
gun_170,figshare:10.6084/m9.figshare.28681187,Hussain (2016),SP,55.0,19.6,35.4,50.33,49.67,592.5,2.68,1.7686034658511722,0.18
gun_171,figshare:10.6084/m9.figshare.28681187,Hussain (2016),SP,65.0,21.6,43.4,78.78999999999999,21.21,592.5,2.68,1.6177370030581038,0.205
gun_172,figshare:10.6084/m9.figshare.28681187,Ölmez (2007),SP,21.0,16.0,5.0,12.0,35.0,592.5,2.68,2.252803261977574,0.065
gun_174,figshare:10.6084/m9.figshare.28681187,Ölmez (2007),SP,37.0,16.0,21.0,7.0,9.0,592.5,2.68,2.028542303771661,0.0905
gun_175,figshare:10.6084/m9.figshare.28681187,Ölmez (2007),SP,26.0,11.0,15.0,8.0,15.0,592.5,2.68,2.079510703363914,0.1
gun_178,figshare:10.6084/m9.figshare.28681187,Ölmez (2007),SP,27.0,13.0,14.0,12.0,19.0,592.5,2.68,2.0897043832823647,0.09
gun_179,figshare:10.6084/m9.figshare.28681187,Ölmez (2007),SP,24.0,13.0,11.0,7.0,46.0,592.5,2.68,1.99796126401631,0.12
gun_18,figshare:10.6084/m9.figshare.28681187,Günaydın et. al. (2009),SP,46.35,25.45,20.9,56.0,33.89,592.5,2.68,1.7196738022426097,0.1989999999999999
gun_180,figshare:10.6084/m9.figshare.28681187,Ölmez (2007),SP,26.0,15.0,11.0,6.0,12.0,592.5,2.68,2.110091743119266,0.08
gun_181,figshare:10.6084/m9.figshare.28681187,Ölmez (2007),SP,24.0,14.0,10.0,10.0,18.0,592.5,2.68,2.1916411824668702,0.08
gun_183,figshare:10.6084/m9.figshare.28681187,Ölmez (2007),SP,31.0,17.0,14.0,5.0,15.0,592.5,2.68,2.099898063200816,0.09
gun_184,figshare:10.6084/m9.figshare.28681187,Ölmez (2007),SP,21.0,12.0,9.0,12.0,41.0,592.5,2.68,2.059123343527013,0.099
gun_185,figshare:10.6084/m9.figshare.28681187,Ölmez (2007),SP,44.0,22.0,22.0,7.0,4.0,592.5,2.68,1.743119266055046,0.18
gun_186,figshare:10.6084/m9.figshare.28681187,Ölmez (2007),SP,19.0,13.0,6.0,8.0,40.0,592.5,2.68,1.99796126401631,0.095
gun_187,figshare:10.6084/m9.figshare.28681187,Ölmez (2007),SP,31.0,21.0,10.0,6.0,25.0,592.5,2.68,1.926605504587156,0.13
gun_188,figshare:10.6084/m9.figshare.28681187,Ölmez (2007),SP,38.0,21.0,17.0,9.0,27.0,592.5,2.68,1.9164118246687047,0.13
gun_189,figshare:10.6084/m9.figshare.28681187,Ölmez (2007),SP,30.0,18.0,12.0,6.0,14.0,592.5,2.68,2.018348623853211,0.1
gun_19,figshare:10.6084/m9.figshare.28681187,Günaydın et. al. (2009),SP,48.25,25.47,22.78,53.0,42.44,592.5,2.68,1.777777777777778,0.172
gun_190,figshare:10.6084/m9.figshare.28681187,Ölmez (2007),SP,40.0,26.0,14.0,10.0,26.0,592.5,2.68,1.6819571865443423,0.2
gun_192,figshare:10.6084/m9.figshare.28681187,Ölmez (2007),SP,28.0,17.0,11.0,3.0,9.0,592.5,2.68,2.1508664627930685,0.085
gun_194,figshare:10.6084/m9.figshare.28681187,Ölmez (2007),SP,20.0,12.0,8.0,4.0,18.0,592.5,2.68,2.0489296636085625,0.06
gun_195,figshare:10.6084/m9.figshare.28681187,Ölmez (2007),SP,37.0,19.0,18.0,4.0,8.0,592.5,2.68,2.059123343527013,0.1
gun_197,figshare:10.6084/m9.figshare.28681187,Ölmez (2007),SP,22.0,11.0,11.0,4.0,18.0,592.5,2.68,2.1610601427115186,0.08
gun_198,figshare:10.6084/m9.figshare.28681187,Ölmez (2007),SP,25.0,19.0,6.0,2.0,2.0,592.5,2.68,2.0489296636085625,0.11
gun_199,figshare:10.6084/m9.figshare.28681187,Ölmez (2007),SP,26.0,15.0,11.0,26.0,14.0,592.5,2.68,1.9164118246687047,0.14
gun_2,figshare:10.6084/m9.figshare.28681187,Günaydın et. al. (2009),SP,56.75,23.49,33.260000000000005,74.0,24.45,592.5,2.68,1.4301732925586137,0.25
gun_20,figshare:10.6084/m9.figshare.28681187,Günaydın et. al. (2009),SP,47.55,25.9,21.65,57.0,38.58,592.5,2.68,1.7420998980632008,0.1639999999999999
gun_200,figshare:10.6084/m9.figshare.28681187,Ölmez (2007),SP,53.0,19.0,34.0,18.0,15.0,592.5,2.68,1.99796126401631,0.11
gun_202,figshare:10.6084/m9.figshare.28681187,Ölmez (2007),SP,29.0,14.0,15.0,18.0,18.0,592.5,2.68,2.079510703363914,0.1
gun_203,figshare:10.6084/m9.figshare.28681187,Ölmez (2007),SP,52.0,31.0,21.0,17.0,16.0,592.5,2.68,1.4882772680937817,0.23
gun_204,figshare:10.6084/m9.figshare.28681187,Ölmez (2007),SP,62.0,33.0,29.0,31.0,10.0,592.5,2.68,1.3353720693170232,0.3
gun_205,figshare:10.6084/m9.figshare.28681187,Ölmez (2007),SP,47.0,30.0,17.0,14.0,14.0,592.5,2.68,1.5188583078491336,0.275
gun_206,figshare:10.6084/m9.figshare.28681187,Ölmez (2007),SP,32.0,14.0,18.0,26.0,31.0,592.5,2.68,1.9164118246687047,0.14
gun_207,figshare:10.6084/m9.figshare.28681187,Ölmez (2007),SP,45.0,27.0,18.0,28.0,31.0,592.5,2.68,1.6615698267074417,0.19
gun_208,figshare:10.6084/m9.figshare.28681187,Ölmez (2007),SP,30.0,14.0,16.0,19.0,36.0,592.5,2.68,2.038735983690112,0.1
gun_209,figshare:10.6084/m9.figshare.28681187,Ölmez (2007),SP,27.0,16.0,11.0,24.0,35.0,592.5,2.68,1.9775739041794085,0.1
gun_21,figshare:10.6084/m9.figshare.28681187,Günaydın et. al. (2009),SP,44.1,21.72,22.380000000000003,50.0,27.23,592.5,2.68,1.8053007135575945,0.166
gun_210,figshare:10.6084/m9.figshare.28681187,Ölmez (2007),SP,35.0,19.0,16.0,16.0,16.0,592.5,2.68,1.9367991845056065,0.11
gun_213,figshare:10.6084/m9.figshare.28681187,Ölmez (2007),SP,25.0,13.0,12.0,14.0,29.0,592.5,2.68,1.8960244648318043,0.14
gun_214,figshare:10.6084/m9.figshare.28681187,Ölmez (2007),SP,39.0,19.0,20.0,26.0,22.0,592.5,2.68,1.8042813455657487,0.16
gun_215,figshare:10.6084/m9.figshare.28681187,Ölmez (2007),SP,26.0,12.0,14.0,17.0,33.0,592.5,2.68,2.110091743119266,0.09
gun_216,figshare:10.6084/m9.figshare.28681187,Ölmez (2007),SP,26.0,15.0,11.0,35.0,27.0,592.5,2.68,1.946992864424057,0.13
gun_217,figshare:10.6084/m9.figshare.28681187,Ölmez (2007),SP,34.0,21.0,13.0,22.0,37.0,592.5,2.68,1.8960244648318043,0.135
gun_219,figshare:10.6084/m9.figshare.28681187,Ölmez (2007),SP,28.0,16.0,12.0,19.0,27.0,592.5,2.68,2.018348623853211,0.115
gun_22,figshare:10.6084/m9.figshare.28681187,Günaydın et. al. (2009),SP,40.15,25.67,14.479999999999997,59.0,35.62,592.5,2.68,1.838939857288481,0.163
gun_220,figshare:10.6084/m9.figshare.28681187,Ölmez (2007),SP,33.0,16.0,17.0,46.0,26.0,592.5,2.68,1.9164118246687047,0.14
gun_221,figshare:10.6084/m9.figshare.28681187,Ölmez (2007),SP,25.0,13.0,12.0,13.0,24.0,592.5,2.68,2.069317023445464,0.09
gun_222,figshare:10.6084/m9.figshare.28681187,Ölmez (2007),SP,30.0,16.0,14.0,21.0,39.0,592.5,2.68,1.99796126401631,0.11
gun_223,figshare:10.6084/m9.figshare.28681187,Ölmez (2007),SP,33.0,18.0,15.0,30.0,28.0,592.5,2.68,1.743119266055046,0.155
gun_224,figshare:10.6084/m9.figshare.28681187,Ölmez (2007),SP,39.0,22.0,17.0,14.0,24.0,592.5,2.68,1.8960244648318043,0.139
gun_225,figshare:10.6084/m9.figshare.28681187,Ölmez (2007),SP,25.0,13.0,12.0,28.0,72.0,592.5,2.68,1.9062181447502544,0.135
gun_226,figshare:10.6084/m9.figshare.28681187,Ölmez (2007),SP,34.0,25.0,9.0,11.0,60.0,592.5,2.68,1.8042813455657487,0.14
gun_227,figshare:10.6084/m9.figshare.28681187,Ölmez (2007),SP,35.0,19.0,16.0,11.0,60.0,592.5,2.68,1.763506625891947,0.17
gun_228,figshare:10.6084/m9.figshare.28681187,Ölmez (2007),SP,25.0,18.0,7.0,10.0,48.0,592.5,2.68,2.0489296636085625,0.09
gun_229,figshare:10.6084/m9.figshare.28681187,Ölmez (2007),SP,40.0,23.0,17.0,3.0,53.0,592.5,2.68,1.6513761467889907,0.21
gun_23,figshare:10.6084/m9.figshare.28681187,Günaydın et. al. (2009),SP,39.45,24.09,15.360000000000005,55.0,36.8,592.5,2.68,1.6595310907237513,0.188
gun_230,figshare:10.6084/m9.figshare.28681187,Ölmez (2007),SP,26.0,13.0,13.0,14.0,66.0,592.5,2.68,1.9062181447502544,0.11
gun_231,figshare:10.6084/m9.figshare.28681187,Ölmez (2007),SP,53.0,34.0,19.0,21.0,46.0,592.5,2.68,1.365953109072375,0.32
gun_232,figshare:10.6084/m9.figshare.28681187,Ölmez (2007),SP,39.0,18.0,21.0,49.0,49.0,592.5,2.68,1.7737003058103973,0.16
gun_233,figshare:10.6084/m9.figshare.28681187,Ölmez (2007),SP,23.0,12.0,11.0,21.0,79.0,592.5,2.68,1.82466870540265,0.14
gun_234,figshare:10.6084/m9.figshare.28681187,Ölmez (2007),SP,37.0,15.0,22.0,35.0,63.0,592.5,2.68,1.9164118246687047,0.13
gun_235,figshare:10.6084/m9.figshare.28681187,Ölmez (2007),SP,27.0,10.0,17.0,30.0,57.0,592.5,2.68,2.069317023445464,0.095
gun_236,figshare:10.6084/m9.figshare.28681187,Ölmez (2007),SP,47.0,19.0,28.0,31.0,61.0,592.5,2.68,1.7737003058103973,0.17
gun_237,figshare:10.6084/m9.figshare.28681187,Ölmez (2007),SP,32.0,12.0,20.0,23.0,70.0,592.5,2.68,1.926605504587156,0.12
gun_238,figshare:10.6084/m9.figshare.28681187,Ölmez (2007),SP,28.0,15.0,13.0,33.0,45.0,592.5,2.68,1.957186544342508,0.119
gun_239,figshare:10.6084/m9.figshare.28681187,Ölmez (2007),SP,21.0,11.0,10.0,30.0,44.0,592.5,2.68,2.038735983690112,0.1
gun_24,figshare:10.6084/m9.figshare.28681187,Günaydın et. al. (2009),SP,44.7,24.64,20.06,52.0,37.28,592.5,2.68,1.6228338430173292,0.184
gun_240,figshare:10.6084/m9.figshare.28681187,Ölmez (2007),SP,25.0,12.0,13.0,43.0,40.0,592.5,2.68,1.9164118246687047,0.11
gun_241,figshare:10.6084/m9.figshare.28681187,Ölmez (2007),SP,22.0,10.0,12.0,31.0,45.0,592.5,2.68,2.038735983690112,0.1
gun_242,figshare:10.6084/m9.figshare.28681187,Ölmez (2007),SP,30.0,17.0,13.0,14.0,45.0,592.5,2.68,2.099898063200816,0.08
gun_243,figshare:10.6084/m9.figshare.28681187,Ölmez (2007),SP,83.0,43.0,40.0,21.0,61.0,592.5,2.68,1.294597349643221,0.32
gun_244,figshare:10.6084/m9.figshare.28681187,Ölmez (2007),SP,41.0,22.0,19.0,48.0,51.0,592.5,2.68,1.6615698267074417,0.19
gun_245,figshare:10.6084/m9.figshare.28681187,Ölmez (2007),SP,32.0,20.0,12.0,44.0,38.0,592.5,2.68,1.783893985728848,0.17
gun_246,figshare:10.6084/m9.figshare.28681187,Ölmez (2007),SP,29.0,14.0,15.0,39.0,43.0,592.5,2.68,1.9367991845056065,0.14
gun_247,figshare:10.6084/m9.figshare.28681187,Soycan (2008),SP,57.0,24.0,33.0,98.0,2.0,592.5,2.68,1.6819571865443423,0.22
gun_248,figshare:10.6084/m9.figshare.28681187,Soycan (2008),SP,45.0,28.0,17.0,53.0,33.0,592.5,2.68,1.7227319062181443,0.17
gun_249,figshare:10.6084/m9.figshare.28681187,Soycan (2008),SP,32.0,16.0,16.0,55.0,41.0,592.5,2.68,1.7737003058103973,0.16
gun_25,figshare:10.6084/m9.figshare.28681187,Günaydın et. al. (2009),SP,41.7,23.65,18.050000000000004,74.0,23.91,592.5,2.68,1.6371049949031595,0.192
gun_250,figshare:10.6084/m9.figshare.28681187,Soycan (2008),SP,48.0,22.0,26.0,92.0,3.0,592.5,2.68,1.6106014271151885,0.22
gun_251,figshare:10.6084/m9.figshare.28681187,Soycan (2008),SP,35.0,17.0,18.0,50.0,48.0,592.5,2.68,1.8348623853211008,0.13
gun_252,figshare:10.6084/m9.figshare.28681187,Soycan (2008),SP,32.0,12.0,20.0,51.0,48.0,592.5,2.68,1.8144750254842,0.15
gun_253,figshare:10.6084/m9.figshare.28681187,Soycan (2008),SP,42.0,22.0,20.0,78.0,21.0,592.5,2.68,1.5800203873598369,0.21
gun_254,figshare:10.6084/m9.figshare.28681187,Soycan (2008),SP,42.0,15.0,27.0,53.0,9.0,592.5,2.68,1.7329255861365953,0.17
gun_255,figshare:10.6084/m9.figshare.28681187,Soycan (2008),SP,30.0,12.0,18.0,52.0,40.0,592.5,2.68,1.9062181447502544,0.13
gun_256,figshare:10.6084/m9.figshare.28681187,Soycan (2008),SP,37.0,18.0,19.0,73.0,27.0,592.5,2.68,1.7329255861365953,0.19
gun_257,figshare:10.6084/m9.figshare.28681187,Soycan (2008),SP,40.0,18.0,22.0,65.0,30.0,592.5,2.68,1.7737003058103973,0.17
gun_258,figshare:10.6084/m9.figshare.28681187,Soycan (2008),SP,41.0,21.0,20.0,67.0,31.0,592.5,2.68,1.6717635066258918,0.185
gun_259,figshare:10.6084/m9.figshare.28681187,Soycan (2008),SP,31.0,15.0,16.0,56.0,40.0,592.5,2.68,1.855249745158002,0.14
gun_26,figshare:10.6084/m9.figshare.28681187,Günaydın et. al. (2009),SP,40.0,23.09,16.91,64.0,29.72,592.5,2.68,1.6850152905198776,0.179
gun_260,figshare:10.6084/m9.figshare.28681187,Soycan (2008),SP,33.0,16.0,17.0,41.0,49.0,592.5,2.68,1.885830784913353,0.15
gun_261,figshare:10.6084/m9.figshare.28681187,Soycan (2008),SP,36.0,16.0,20.0,64.0,27.0,592.5,2.68,1.7227319062181443,0.2
gun_263,figshare:10.6084/m9.figshare.28681187,Soycan (2008),SP,43.0,18.0,25.0,56.0,34.0,592.5,2.68,1.743119266055046,0.18
gun_264,figshare:10.6084/m9.figshare.28681187,Soycan (2008),SP,38.0,20.0,18.0,58.0,41.0,592.5,2.68,1.620795107033639,0.2
gun_265,figshare:10.6084/m9.figshare.28681187,Soycan (2008),SP,45.0,26.0,19.0,72.0,27.0,592.5,2.68,1.6156982670744138,0.22
gun_266,figshare:10.6084/m9.figshare.28681187,Soycan (2008),SP,44.0,23.0,21.0,54.0,45.0,592.5,2.68,1.6513761467889907,0.2
gun_267,figshare:10.6084/m9.figshare.28681187,Soycan (2008),SP,46.0,20.0,26.0,68.0,29.0,592.5,2.68,1.7329255861365953,0.17
gun_268,figshare:10.6084/m9.figshare.28681187,Soycan (2008),SP,41.0,24.0,17.0,90.0,9.0,592.5,2.68,1.6513761467889907,0.2
gun_269,figshare:10.6084/m9.figshare.28681187,Soycan (2008),SP,43.0,24.0,19.0,92.0,8.0,592.5,2.68,1.6513761467889907,0.2
gun_271,figshare:10.6084/m9.figshare.28681187,Soycan (2008),SP,33.0,19.0,14.0,72.0,24.0,592.5,2.68,1.7533129459734962,0.175
gun_272,figshare:10.6084/m9.figshare.28681187,Soycan (2008),SP,45.0,22.0,23.0,79.0,21.0,592.5,2.68,1.6921508664627931,0.2
gun_273,figshare:10.6084/m9.figshare.28681187,Soycan (2008),SP,36.0,20.0,16.0,70.0,29.0,592.5,2.68,1.5596330275229358,0.22
gun_274,figshare:10.6084/m9.figshare.28681187,Soycan (2008),SP,36.0,16.0,20.0,82.0,16.0,592.5,2.68,1.885830784913353,0.14
gun_275,figshare:10.6084/m9.figshare.28681187,Soycan (2008),SP,51.0,20.0,31.0,99.0,1.0,592.5,2.68,1.5596330275229358,0.23
gun_276,figshare:10.6084/m9.figshare.28681187,Soycan (2008),SP,69.0,26.0,43.0,74.0,18.0,592.5,2.68,1.6106014271151885,0.2
gun_277,figshare:10.6084/m9.figshare.28681187,Soycan (2008),SP,54.0,27.0,27.0,52.0,7.0,592.5,2.68,1.4882772680937817,0.26
gun_278,figshare:10.6084/m9.figshare.28681187,Soycan (2008),SP,63.0,23.0,40.0,77.0,11.0,592.5,2.68,1.6309887869520896,0.23
gun_279,figshare:10.6084/m9.figshare.28681187,Soycan (2008),SP,53.0,23.0,30.0,88.0,6.0,592.5,2.68,1.620795107033639,0.2
gun_28,figshare:10.6084/m9.figshare.28681187,Günaydın et. al. (2009),SP,44.35,26.48,17.87,75.0,24.52,592.5,2.68,1.54841997961264,0.2185
gun_280,figshare:10.6084/m9.figshare.28681187,Soycan (2008),SP,51.0,20.0,31.0,95.0,5.0,592.5,2.68,1.529051987767584,0.23
gun_281,figshare:10.6084/m9.figshare.28681187,Soycan (2008),SP,53.0,28.0,25.0,77.0,18.0,592.5,2.68,1.4678899082568806,0.27
gun_282,figshare:10.6084/m9.figshare.28681187,Soycan (2008),SP,62.0,35.0,27.0,84.0,15.0,592.5,2.68,1.4475025484199795,0.25
gun_283,figshare:10.6084/m9.figshare.28681187,Soycan (2008),SP,52.0,31.0,21.0,67.0,31.0,592.5,2.68,1.6411824668705404,0.22
gun_284,figshare:10.6084/m9.figshare.28681187,Soycan (2008),SP,51.0,21.0,30.0,62.0,34.0,592.5,2.68,1.6513761467889907,0.19
gun_285,figshare:10.6084/m9.figshare.28681187,Soycan (2008),SP,59.0,23.0,36.0,76.0,22.0,592.5,2.68,1.549439347604485,0.24
gun_286,figshare:10.6084/m9.figshare.28681187,Soycan (2008),SP,54.0,26.0,28.0,65.0,31.0,592.5,2.68,1.549439347604485,0.22
gun_287,figshare:10.6084/m9.figshare.28681187,Soycan (2008),SP,67.0,28.0,39.0,77.0,23.0,592.5,2.68,1.5188583078491336,0.25
gun_288,figshare:10.6084/m9.figshare.28681187,Soycan (2008),SP,74.0,28.0,46.0,84.0,15.0,592.5,2.68,1.5392456676860344,0.26
gun_289,figshare:10.6084/m9.figshare.28681187,Isık (2012),SP,48.0,20.7,27.3,58.0,22.0,592.5,2.68,1.8787971457696229,0.1383
gun_290,figshare:10.6084/m9.figshare.28681187,Isık (2012),SP,44.5,18.0,26.5,24.8,30.4,592.5,2.68,2.096941896024465,0.0888
gun_291,figshare:10.6084/m9.figshare.28681187,Isık (2012),SP,37.9,16.6,21.3,15.5,39.6,592.5,2.68,2.157186544342508,0.0837
gun_292,figshare:10.6084/m9.figshare.28681187,Isık (2012),SP,44.9,20.9,24.0,44.2,40.7,592.5,2.68,1.9360856269113147,0.1222
gun_293,figshare:10.6084/m9.figshare.28681187,Isık (2012),SP,45.4,20.1,25.3,39.3,35.60000000000001,592.5,2.68,1.870948012232416,0.13
gun_294,figshare:10.6084/m9.figshare.28681187,Isık (2012),SP,40.1,18.7,21.4,31.5,48.400000000000006,592.5,2.68,2.1759429153924565,0.0728
gun_295,figshare:10.6084/m9.figshare.28681187,Isık (2012),SP,51.2,21.4,29.800000000000004,70.2,14.899999999999991,592.5,2.68,1.786136595310907,0.1808
gun_296,figshare:10.6084/m9.figshare.28681187,Isık (2012),SP,43.0,18.9,24.1,60.3,29.10000000000001,592.5,2.68,1.821202854230377,0.156
gun_297,figshare:10.6084/m9.figshare.28681187,Isık (2012),SP,50.6,22.2,28.4,79.8,20.0,592.5,2.68,1.6724770642201834,0.1964999999999999
gun_298,figshare:10.6084/m9.figshare.28681187,Isık (2012),SP,44.3,21.6,22.7,50.1,44.6,592.5,2.68,1.874006116207951,0.1387
gun_299,figshare:10.6084/m9.figshare.28681187,Isık (2012),SP,36.1,17.3,18.8,19.7,59.89999999999999,592.5,2.68,2.0920489296636084,0.1003
gun_3,figshare:10.6084/m9.figshare.28681187,Günaydın et. al. (2009),SP,51.6,23.57,28.03,72.5,24.14,592.5,2.68,1.5555555555555554,0.215
gun_30,figshare:10.6084/m9.figshare.28681187,Günaydın et. al. (2009),SP,37.2,16.93,20.270000000000003,67.0,32.82,592.5,2.68,1.769622833843017,0.165
gun_300,figshare:10.6084/m9.figshare.28681187,Isık (2012),SP,32.9,16.6,16.299999999999997,14.7,69.7,592.5,2.68,2.0573904179408764,0.0917
gun_302,figshare:10.6084/m9.figshare.28681187,Isık (2012),SP,40.1,18.7,21.4,29.9,49.6,592.5,2.68,2.0108053007135576,0.0998
gun_303,figshare:10.6084/m9.figshare.28681187,Isık (2012),SP,35.6,18.0,17.6,24.8,64.7,592.5,2.68,2.0108053007135576,0.1003999999999999
gun_304,figshare:10.6084/m9.figshare.28681187,Isık (2012),SP,38.2,15.4,22.800000000000004,20.6,49.2,592.5,2.68,2.0091743119266057,0.1074
gun_305,figshare:10.6084/m9.figshare.28681187,Isık (2012),SP,51.0,20.7,30.3,53.5,31.40000000000001,592.5,2.68,1.895208970438328,0.1349
gun_306,figshare:10.6084/m9.figshare.28681187,Isık (2012),SP,40.0,17.9,22.1,20.6,49.3,592.5,2.68,2.02579001019368,0.0966
gun_307,figshare:10.6084/m9.figshare.28681187,Isık (2012),SP,36.5,19.1,17.4,20.9,58.8,592.5,2.68,2.052905198776758,0.0915
gun_308,figshare:10.6084/m9.figshare.28681187,Isık (2012),SP,45.5,16.7,28.8,29.9,40.1,592.5,2.68,1.983078491335372,0.105
gun_309,figshare:10.6084/m9.figshare.28681187,Isık (2012),SP,48.0,18.3,29.7,29.6,30.6,592.5,2.68,2.070234454638124,0.0906
gun_31,figshare:10.6084/m9.figshare.28681187,Günaydın et. al. (2009),SP,36.55,16.71,19.84,63.0,36.85,592.5,2.68,1.8073394495412844,0.15
gun_310,figshare:10.6084/m9.figshare.28681187,Isık (2012),SP,44.5,17.3,27.2,20.0,30.3,592.5,2.68,2.169520897043833,0.0767
gun_311,figshare:10.6084/m9.figshare.28681187,Isık (2012),SP,46.3,17.2,29.1,19.7,20.7,592.5,2.68,2.1011213047910293,0.0768
gun_312,figshare:10.6084/m9.figshare.28681187,Isık (2012),SP,45.5,16.5,29.0,14.9,20.6,592.5,2.68,2.146992864424057,0.0617999999999999
gun_313,figshare:10.6084/m9.figshare.28681187,Isık (2012),SP,45.0,17.2,27.8,19.9,25.4,592.5,2.68,2.116921508664628,0.0703
gun_314,figshare:10.6084/m9.figshare.28681187,Isık (2012),SP,44.1,20.1,24.0,39.4,40.50000000000001,592.5,2.68,1.983690112130479,0.1214
gun_315,figshare:10.6084/m9.figshare.28681187,Isık (2012),SP,42.9,20.2,22.7,39.6,45.2,592.5,2.68,1.9519877675840973,0.1168999999999999
gun_316,figshare:10.6084/m9.figshare.28681187,Isık (2012),SP,47.0,19.4,27.6,39.7,50.0,592.5,2.68,1.963608562691132,0.1139
gun_317,figshare:10.6084/m9.figshare.28681187,Isık (2012),SP,40.3,20.2,20.1,39.9,54.8,592.5,2.68,1.9211009174311928,0.1369
gun_318,figshare:10.6084/m9.figshare.28681187,Isık (2012),SP,39.1,20.2,18.9,40.0,59.6,592.5,2.68,1.9058103975535168,0.1304
gun_319,figshare:10.6084/m9.figshare.28681187,Isık (2012),SP,40.1,18.7,21.4,30.2,49.6,592.5,2.68,2.0316004077471965,0.1017
gun_32,figshare:10.6084/m9.figshare.28681187,Günaydın et. al. (2009),SP,35.15,15.44,19.71,61.0,36.76,592.5,2.68,1.769622833843017,0.158
gun_320,figshare:10.6084/m9.figshare.28681187,Isık (2012),SP,38.9,18.7,20.2,30.3,54.5,592.5,2.68,2.023853211009174,0.1096
gun_321,figshare:10.6084/m9.figshare.28681187,Isık (2012),SP,41.5,21.5,20.0,30.5,59.2,592.5,2.68,1.979001019367992,0.1157
gun_322,figshare:10.6084/m9.figshare.28681187,Isık (2012),SP,36.3,18.8,17.499999999999996,30.6,63.99999999999999,592.5,2.68,1.984301732925586,0.1156
gun_323,figshare:10.6084/m9.figshare.28681187,Isık (2012),SP,35.1,18.8,16.3,30.7,68.8,592.5,2.68,1.966156982670744,0.1074
gun_324,figshare:10.6084/m9.figshare.28681187,Isık (2012),SP,53.4,18.3,35.099999999999994,48.7,31.3,592.5,2.68,1.929765545361876,0.1307
gun_325,figshare:10.6084/m9.figshare.28681187,Isık (2012),SP,49.2,21.3,27.9,44.1,35.800000000000004,592.5,2.68,1.9454638124362893,0.1264
gun_326,figshare:10.6084/m9.figshare.28681187,Isık (2012),SP,46.5,22.5,24.0,34.8,45.10000000000001,592.5,2.68,2.020183486238532,0.1043999999999999
gun_327,figshare:10.6084/m9.figshare.28681187,Isık (2012),SP,41.4,16.5,24.9,25.5,54.3,592.5,2.68,2.048012232415902,0.0932
gun_328,figshare:10.6084/m9.figshare.28681187,Isık (2012),SP,34.3,22.4,11.9,16.2,63.5,592.5,2.68,2.1087665647298675,0.0859
gun_329,figshare:10.6084/m9.figshare.28681187,Isık (2012),SP,38.0,20.9,17.1,20.9,58.9,592.5,2.68,2.0751274209989803,0.086
gun_33,figshare:10.6084/m9.figshare.28681187,Günaydın et. al. (2009),SP,35.3,15.47,19.83,66.0,32.29,592.5,2.68,1.7278287461773698,0.1689999999999999
gun_330,figshare:10.6084/m9.figshare.28681187,Isık (2012),SP,36.5,16.3,20.2,21.0,63.7,592.5,2.68,2.0481141692150864,0.0897
gun_331,figshare:10.6084/m9.figshare.28681187,Isık (2012),SP,36.4,16.2,20.2,21.2,68.39999999999999,592.5,2.68,2.041386340468909,0.0938
gun_332,figshare:10.6084/m9.figshare.28681187,Isık (2012),SP,32.3,17.3,14.999999999999996,21.3,73.2,592.5,2.68,2.015800203873598,0.0982
gun_333,figshare:10.6084/m9.figshare.28681187,Isık (2012),SP,31.1,17.3,13.8,21.5,77.9,592.5,2.68,2.010907237512742,0.0960999999999999
gun_334,figshare:10.6084/m9.figshare.28681187,Isık (2012),SP,28.1,16.1,12.0,11.6,68.10000000000001,592.5,2.68,2.1170234454638126,0.085
gun_335,figshare:10.6084/m9.figshare.28681187,Isık (2012),SP,27.5,16.3,11.2,11.7,72.89999999999999,592.5,2.68,2.082976554536188,0.0941
gun_336,figshare:10.6084/m9.figshare.28681187,Isık (2012),SP,28.6,16.5,12.1,11.9,77.6,592.5,2.68,2.0573904179408764,0.0960999999999999
gun_337,figshare:10.6084/m9.figshare.28681187,Isık (2012),SP,27.7,17.0,10.7,12.0,82.5,592.5,2.68,2.03710499490316,0.1009
gun_338,figshare:10.6084/m9.figshare.28681187,Isık (2012),SP,29.4,16.3,13.099999999999998,12.2,87.2,592.5,2.68,1.999490316004077,0.1137
gun_344,figshare:10.6084/m9.figshare.28681187,Isık (2012),SP,47.6,22.3,25.3,53.7,36.2,592.5,2.68,1.8400611620795104,0.1558
gun_345,figshare:10.6084/m9.figshare.28681187,Isık (2012),SP,49.6,17.9,31.700000000000003,53.8,41.0,592.5,2.68,1.8406727828746168,0.1518
gun_346,figshare:10.6084/m9.figshare.28681187,Isık (2012),SP,49.6,23.0,26.6,58.3,31.60000000000001,592.5,2.68,1.8184505606523955,0.1551
gun_347,figshare:10.6084/m9.figshare.28681187,Isık (2012),SP,50.7,19.4,31.300000000000004,62.9,27.000000000000007,592.5,2.68,1.771559633027523,0.1639999999999999
gun_348,figshare:10.6084/m9.figshare.28681187,Isık (2012),SP,52.3,24.4,27.9,67.7,27.200000000000003,592.5,2.68,1.7470948012232417,0.1767
gun_349,figshare:10.6084/m9.figshare.28681187,Isık (2012),SP,54.3,25.1,29.2,72.4,22.5,592.5,2.68,1.7262996941896025,0.171
gun_350,figshare:10.6084/m9.figshare.28681187,Isık (2012),SP,53.8,18.9,34.9,77.0,17.900000000000006,592.5,2.68,1.6992864424057086,0.1921
gun_351,figshare:10.6084/m9.figshare.28681187,Isık (2012),SP,58.3,26.6,31.7,81.6,13.400000000000006,592.5,2.68,1.675433231396534,0.1914999999999999
gun_357,figshare:10.6084/m9.figshare.28681187,Isık (2012),SP,47.4,20.8,26.6,43.9,31.1,592.5,2.68,1.9862385321100915,0.1141
gun_358,figshare:10.6084/m9.figshare.28681187,Isık (2012),SP,43.4,19.4,24.0,34.7,40.3,592.5,2.68,2.0520897043832824,0.0917999999999999
gun_359,figshare:10.6084/m9.figshare.28681187,Isık (2012),SP,39.4,18.0,21.4,25.4,49.50000000000001,592.5,2.68,2.1045871559633027,0.0874
gun_360,figshare:10.6084/m9.figshare.28681187,Isık (2012),SP,35.4,16.6,18.8,16.1,58.7,592.5,2.68,2.108053007135576,0.0819
gun_362,figshare:10.6084/m9.figshare.28681187,Isık (2012),SP,39.7,15.8,23.9,10.7,39.5,592.5,2.68,2.153516819571865,0.0748
gun_363,figshare:10.6084/m9.figshare.28681187,Isık (2012),SP,41.0,15.8,25.2,10.6,34.7,592.5,2.68,2.177471967380224,0.084
gun_364,figshare:10.6084/m9.figshare.28681187,Isık (2012),SP,42.3,15.8,26.5,10.4,30.0,592.5,2.68,2.152701325178389,0.0776
gun_365,figshare:10.6084/m9.figshare.28681187,Isık (2012),SP,43.5,15.8,27.7,10.3,25.1,592.5,2.68,2.1363914373088684,0.0906
gun_367,figshare:10.6084/m9.figshare.28681187,Isık (2012),SP,41.9,18.0,23.9,25.1,39.99999999999999,592.5,2.68,2.032619775739042,0.1026
gun_368,figshare:10.6084/m9.figshare.28681187,Isık (2012),SP,39.9,17.3,22.6,20.4,44.6,592.5,2.68,2.065749235474006,0.0942
gun_369,figshare:10.6084/m9.figshare.28681187,Isık (2012),SP,35.9,15.9,20.0,11.2,53.7,592.5,2.68,2.1137614678899084,0.0865
gun_371,figshare:10.6084/m9.figshare.28681187,Isık (2012),SP,44.5,18.0,26.5,24.8,30.4,592.5,2.68,2.108256880733945,0.0839
gun_372,figshare:10.6084/m9.figshare.28681187,Isık (2012),SP,42.5,17.3,25.2,20.2,35.0,592.5,2.68,2.104689092762487,0.0843999999999999
gun_373,figshare:10.6084/m9.figshare.28681187,Isık (2012),SP,40.5,16.5,24.0,15.5,39.6,592.5,2.68,2.1395514780835883,0.083
gun_376,figshare:10.6084/m9.figshare.28681187,Isık (2012),SP,48.1,21.6,26.5,48.7,31.3,592.5,2.68,1.8978593272171247,0.1245
gun_377,figshare:10.6084/m9.figshare.28681187,Isık (2012),SP,49.0,23.2,25.8,53.5,31.40000000000001,592.5,2.68,1.854841997961264,0.135
gun_38,figshare:10.6084/m9.figshare.28681187,Günaydın et. al. (2009),SP,36.3,14.4,21.9,65.0,28.08,592.5,2.68,1.7573904179408764,0.156
gun_380,figshare:10.6084/m9.figshare.28681187,Isık (2012),SP,41.0,15.8,25.2,10.6,34.7,592.5,2.68,2.208868501529052,0.0755
gun_382,figshare:10.6084/m9.figshare.28681187,Isık (2012),SP,43.0,16.5,26.5,15.2,30.1,592.5,2.68,2.159531090723751,0.0847
gun_384,figshare:10.6084/m9.figshare.28681187,Isık (2012),SP,41.8,16.1,25.7,12.4,32.89,592.5,2.68,2.1271151885830784,0.0894
gun_385,figshare:10.6084/m9.figshare.28681187,Isık (2012),SP,43.8,16.8,27.0,17.1,28.22,592.5,2.68,2.0766564729867483,0.0973
gun_386,figshare:10.6084/m9.figshare.28681187,Isık (2012),SP,47.0,17.9,29.1,24.5,20.880000000000003,592.5,2.68,2.0809378185524974,0.084
gun_387,figshare:10.6084/m9.figshare.28681187,Isık (2012),SP,49.0,18.7,30.3,29.2,16.209999999999997,592.5,2.68,1.9862385321100915,0.1128999999999999
gun_388,figshare:10.6084/m9.figshare.28681187,Isık (2012),SP,43.1,21.6,21.5,49.3,50.400000000000006,592.5,2.68,1.8666666666666667,0.131
gun_389,figshare:10.6084/m9.figshare.28681187,Isık (2012),SP,41.1,20.9,20.200000000000003,44.7,54.89999999999999,592.5,2.68,1.8779816513761465,0.1288
gun_39,figshare:10.6084/m9.figshare.28681187,Günaydın et. al. (2009),SP,43.4,23.45,19.95,54.0,22.93,592.5,2.68,1.6972477064220182,0.1975
gun_390,figshare:10.6084/m9.figshare.28681187,Isık (2012),SP,37.1,19.5,17.6,35.4,64.19999999999999,592.5,2.68,1.921406727828746,0.1163
gun_391,figshare:10.6084/m9.figshare.28681187,Isık (2012),SP,33.1,18.1,15.0,26.1,73.4,592.5,2.68,1.9803261977573905,0.1125999999999999
gun_392,figshare:10.6084/m9.figshare.28681187,Isık (2012),SP,29.1,16.6,12.5,16.8,82.60000000000001,592.5,2.68,1.9754332313965344,0.1144999999999999
gun_393,figshare:10.6084/m9.figshare.28681187,Isık (2012),SP,57.2,19.8,37.400000000000006,62.8,22.200000000000003,592.5,2.68,1.7965341488277269,0.1571
gun_394,figshare:10.6084/m9.figshare.28681187,Isık (2012),SP,50.8,23.0,27.8,58.1,26.9,592.5,2.68,1.841896024464832,0.153
gun_395,figshare:10.6084/m9.figshare.28681187,Isık (2012),SP,46.8,21.6,25.2,48.9,36.00000000000001,592.5,2.68,1.8728848114169208,0.1405
gun_396,figshare:10.6084/m9.figshare.28681187,Isık (2012),SP,32.9,16.6,16.299999999999997,16.4,68.30000000000001,592.5,2.68,2.092864424057084,0.1039
gun_397,figshare:10.6084/m9.figshare.28681187,Isık (2012),SP,45.6,21.6,24.0,49.0,40.8,592.5,2.68,1.8839959225280325,0.1415
gun_398,figshare:10.6084/m9.figshare.28681187,Isık (2012),SP,43.6,20.9,22.700000000000003,44.4,45.4,592.5,2.68,1.957186544342508,0.1278999999999999
gun_399,figshare:10.6084/m9.figshare.28681187,Isık (2012),SP,39.6,19.5,20.1,35.1,54.6,592.5,2.68,1.9590214067278289,0.1075
gun_4,figshare:10.6084/m9.figshare.28681187,Günaydın et. al. (2009),SP,54.2,25.28,28.92,79.5,19.27,592.5,2.68,1.5514780835881754,0.22
gun_400,figshare:10.6084/m9.figshare.28681187,Isık (2012),SP,31.6,16.6,15.0,16.5,73.1,592.5,2.68,2.031498470948012,0.0963
gun_401,figshare:10.6084/m9.figshare.28681187,Isık (2012),SP,50.0,22.0,28.0,63.1,31.7,592.5,2.68,1.806422018348624,0.1657999999999999
gun_402,figshare:10.6084/m9.figshare.28681187,Isık (2012),SP,49.1,21.7,27.4,58.4,36.4,592.5,2.68,1.8285423037716613,0.1601
gun_403,figshare:10.6084/m9.figshare.28681187,Isık (2012),SP,42.3,20.9,21.4,44.5,50.2,592.5,2.68,1.8900101936799183,0.1301999999999999
gun_404,figshare:10.6084/m9.figshare.28681187,Isık (2012),SP,38.3,19.5,18.8,35.2,59.39999999999999,592.5,2.68,1.9267074413863403,0.1031
gun_405,figshare:10.6084/m9.figshare.28681187,Isık (2012),SP,34.3,18.0,16.299999999999997,26.0,68.6,592.5,2.68,1.9747196738022423,0.1085
gun_406,figshare:10.6084/m9.figshare.28681187,Isık (2012),SP,30.4,16.6,13.799999999999995,16.7,77.8,592.5,2.68,2.020387359836901,0.1042
gun_41,figshare:10.6084/m9.figshare.28681187,Günaydın et. al. (2009),SP,36.25,18.72,17.53,55.0,44.95,592.5,2.68,1.8848114169215084,0.148
gun_410,figshare:10.6084/m9.figshare.28681187,Isık (2012),SP,40.8,15.8,25.0,10.9,36.0,592.5,2.68,2.251070336391437,0.07
gun_411,figshare:10.6084/m9.figshare.28681187,Isık (2012),SP,41.7,16.5,25.200000000000003,14.7,34.599999999999994,592.5,2.68,2.061671763506626,0.094
gun_412,figshare:10.6084/m9.figshare.28681187,Isık (2012),SP,43.6,15.4,28.200000000000003,6.9,25.1,592.5,2.68,2.110907237512742,0.0732
gun_413,figshare:10.6084/m9.figshare.28681187,Isık (2012),SP,54.3,19.6,34.7,67.3,12.799999999999995,592.5,2.68,1.8950050968399592,0.1536
gun_414,figshare:10.6084/m9.figshare.28681187,Isık (2012),SP,54.1,23.7,30.4,62.6,17.499999999999993,592.5,2.68,1.813761467889908,0.1566
gun_415,figshare:10.6084/m9.figshare.28681187,Isık (2012),SP,52.1,23.0,29.1,58.0,22.0,592.5,2.68,1.8411824668705403,0.1444
gun_416,figshare:10.6084/m9.figshare.28681187,Isık (2012),SP,51.5,21.6,29.9,53.4,26.6,592.5,2.68,1.8864424057084608,0.1335
gun_418,figshare:10.6084/m9.figshare.28681187,Isık (2012),SP,55.4,23.7,31.7,62.5,12.700000000000005,592.5,2.68,1.7952089704383285,0.168
gun_419,figshare:10.6084/m9.figshare.28681187,Isık (2012),SP,50.0,23.8,26.2,57.9,17.199999999999996,592.5,2.68,1.8336391437308868,0.1629
gun_42,figshare:10.6084/m9.figshare.28681187,Günaydın et. al. (2009),SP,35.2,20.48,14.720000000000002,54.0,33.65,592.5,2.68,1.91335372069317,0.143
gun_420,figshare:10.6084/m9.figshare.28681187,Isık (2012),SP,51.4,22.3,29.1,53.2,21.89999999999999,592.5,2.68,1.8545361875637103,0.1463
gun_421,figshare:10.6084/m9.figshare.28681187,Isık (2012),SP,49.4,21.6,27.8,48.6,26.5,592.5,2.68,1.8964322120285424,0.1329
gun_422,figshare:10.6084/m9.figshare.28681187,Isık (2012),SP,45.4,20.1,25.3,39.3,35.7,592.5,2.68,1.9448521916411825,0.1248
gun_423,figshare:10.6084/m9.figshare.28681187,Isık (2012),SP,41.4,18.7,22.7,30.0,44.900000000000006,592.5,2.68,2.033843017329256,0.1008
gun_424,figshare:10.6084/m9.figshare.28681187,Isık (2012),SP,33.4,15.9,17.5,11.5,63.3,592.5,2.68,2.0981651376146786,0.0871
gun_426,figshare:10.6084/m9.figshare.28681187,Isık (2012),SP,34.7,15.9,18.800000000000004,11.3,58.60000000000001,592.5,2.68,2.0779816513761467,0.0877999999999999
gun_427,figshare:10.6084/m9.figshare.28681187,Isık (2012),SP,36.7,16.6,20.1,16.0,53.900000000000006,592.5,2.68,2.046687054026503,0.1009999999999999
gun_428,figshare:10.6084/m9.figshare.28681187,Isık (2012),SP,38.7,17.3,21.4,20.6,49.3,592.5,2.68,1.96085626911315,0.0960999999999999
gun_429,figshare:10.6084/m9.figshare.28681187,Isık (2012),SP,40.7,18.0,22.700000000000003,25.2,44.8,592.5,2.68,1.992354740061162,0.1124
gun_43,figshare:10.6084/m9.figshare.28681187,Günaydın et. al. (2009),SP,47.0,23.77,23.23,54.0,38.97,592.5,2.68,1.825688073394496,0.168
gun_430,figshare:10.6084/m9.figshare.28681187,Isık (2012),SP,42.7,18.7,24.000000000000004,29.9,40.1,592.5,2.68,1.979714576962284,0.1117
gun_431,figshare:10.6084/m9.figshare.28681187,Isık (2012),SP,44.7,19.4,25.300000000000004,34.5,35.5,592.5,2.68,1.9488277268093777,0.1215
gun_432,figshare:10.6084/m9.figshare.28681187,Isık (2012),SP,46.7,20.1,26.6,39.2,30.89999999999999,592.5,2.68,1.8747196738022425,0.1082
gun_433,figshare:10.6084/m9.figshare.28681187,Isık (2012),SP,48.6,20.8,27.8,43.8,26.3,592.5,2.68,1.870030581039755,0.1399
gun_434,figshare:10.6084/m9.figshare.28681187,Isık (2012),SP,50.6,21.5,29.1,48.4,21.7,592.5,2.68,1.8334352701325176,0.1506
gun_435,figshare:10.6084/m9.figshare.28681187,Isık (2012),SP,52.6,22.3,30.3,53.1,17.1,592.5,2.68,1.818348623853211,0.1616
gun_436,figshare:10.6084/m9.figshare.28681187,Isık (2012),SP,54.6,23.0,31.6,57.7,12.5,592.5,2.68,1.738124362895005,0.1813
gun_438,figshare:10.6084/m9.figshare.28681187,Isık (2012),SP,37.2,15.8,21.4,11.0,49.0,592.5,2.68,2.124362895005097,0.0828
gun_442,figshare:10.6084/m9.figshare.28681187,Isık (2012),SP,40.9,19.4,21.5,34.9,49.9,592.5,2.68,1.963302752293578,0.1113
gun_443,figshare:10.6084/m9.figshare.28681187,Isık (2012),SP,37.4,17.3,20.1,20.7,54.2,592.5,2.68,2.063302752293578,0.0968
gun_444,figshare:10.6084/m9.figshare.28681187,Isık (2012),SP,36.9,18.0,18.9,25.7,59.0,592.5,2.68,1.98868501529052,0.0988
gun_447,figshare:10.6084/m9.figshare.28681187,Isık (2012),SP,34.7,15.4,19.300000000000004,11.3,58.60000000000001,592.5,2.68,2.07940876656473,0.092
gun_457,figshare:10.6084/m9.figshare.28681187,Isık (2012),SP,30.4,16.2,14.2,13.8,75.8,592.5,2.68,2.0734964322120284,0.0923
gun_458,figshare:10.6084/m9.figshare.28681187,Isık (2012),SP,31.7,16.2,15.5,13.6,71.0,592.5,2.68,2.051172273190622,0.095
gun_459,figshare:10.6084/m9.figshare.28681187,Isık (2012),SP,32.9,16.2,16.7,13.5,66.2,592.5,2.68,2.090417940876657,0.0975
gun_460,figshare:10.6084/m9.figshare.28681187,Isık (2012),SP,34.2,16.2,18.000000000000004,13.3,61.5,592.5,2.68,2.106523955147808,0.088
gun_461,figshare:10.6084/m9.figshare.28681187,Isık (2012),SP,35.5,16.1,19.4,13.2,56.7,592.5,2.68,2.0782874617737,0.0926
gun_462,figshare:10.6084/m9.figshare.28681187,Isık (2012),SP,29.9,16.9,13.0,18.7,80.7,592.5,2.68,2.008766564729868,0.0975999999999999
gun_463,figshare:10.6084/m9.figshare.28681187,Isık (2012),SP,31.1,16.9,14.200000000000005,18.5,76.0,592.5,2.68,1.9992864424057084,0.0984
gun_464,figshare:10.6084/m9.figshare.28681187,Isık (2012),SP,32.4,16.9,15.5,18.4,71.19999999999999,592.5,2.68,2.03802242609582,0.0921
gun_465,figshare:10.6084/m9.figshare.28681187,Isık (2012),SP,33.7,16.9,16.800000000000004,18.2,66.5,592.5,2.68,2.041590214067278,0.0911999999999999
gun_466,figshare:10.6084/m9.figshare.28681187,Isık (2012),SP,34.9,16.9,18.0,18.1,61.7,592.5,2.68,2.0642201834862384,0.1
gun_467,figshare:10.6084/m9.figshare.28681187,Isık (2012),SP,36.2,16.9,19.300000000000004,18.0,56.8,592.5,2.68,2.084301732925586,0.0941
gun_468,figshare:10.6084/m9.figshare.28681187,Isık (2012),SP,37.5,16.9,20.6,17.8,52.10000000000001,592.5,2.68,2.052395514780836,0.0953
gun_469,figshare:10.6084/m9.figshare.28681187,Isık (2012),SP,31.9,17.6,14.299999999999995,23.3,76.2,592.5,2.68,1.9646279306829764,0.1059
gun_47,figshare:10.6084/m9.figshare.28681187,Günaydın et. al. (2009),SP,34.9,20.04,14.86,49.0,38.54,592.5,2.68,1.8307849133537208,0.152
gun_470,figshare:10.6084/m9.figshare.28681187,Isık (2012),SP,33.1,17.6,15.5,23.2,71.3,592.5,2.68,1.9890927624872576,0.0953999999999999
gun_471,figshare:10.6084/m9.figshare.28681187,Isık (2012),SP,34.4,17.6,16.799999999999997,23.0,66.6,592.5,2.68,2.023241590214067,0.0984999999999999
gun_472,figshare:10.6084/m9.figshare.28681187,Isık (2012),SP,35.7,17.6,18.1,22.9,61.8,592.5,2.68,2.021202854230377,0.0959
gun_473,figshare:10.6084/m9.figshare.28681187,Isık (2012),SP,36.9,17.6,19.3,22.7,57.1,592.5,2.68,2.055555555555556,0.0917
gun_474,figshare:10.6084/m9.figshare.28681187,Isık (2012),SP,38.2,17.6,20.6,22.6,52.3,592.5,2.68,2.0908256880733944,0.0902
gun_475,figshare:10.6084/m9.figshare.28681187,Isık (2012),SP,39.5,17.6,21.9,22.4,47.50000000000001,592.5,2.68,2.0235474006116205,0.1036999999999999
gun_476,figshare:10.6084/m9.figshare.28681187,Isık (2012),SP,33.9,18.3,15.599999999999998,28.0,71.5,592.5,2.68,1.953414882772681,0.1067
gun_477,figshare:10.6084/m9.figshare.28681187,Isık (2012),SP,35.1,18.3,16.8,27.8,66.8,592.5,2.68,1.958919469928644,0.1084
gun_478,figshare:10.6084/m9.figshare.28681187,Isık (2012),SP,36.4,18.3,18.1,27.7,62.0,592.5,2.68,2.03190621814475,0.0978999999999999
gun_479,figshare:10.6084/m9.figshare.28681187,Isık (2012),SP,37.7,18.3,19.4,27.5,57.2,592.5,2.68,1.998776758409786,0.0994999999999999
gun_48,figshare:10.6084/m9.figshare.28681187,Günaydın et. al. (2009),SP,34.0,16.2,17.8,67.0,20.67,592.5,2.68,1.7828746177370027,0.143
gun_480,figshare:10.6084/m9.figshare.28681187,Isık (2012),SP,38.9,18.3,20.6,27.4,52.4,592.5,2.68,2.028440366972477,0.0987
gun_481,figshare:10.6084/m9.figshare.28681187,Isık (2012),SP,40.2,18.3,21.9,27.2,47.7,592.5,2.68,2.0544342507645257,0.0851
gun_482,figshare:10.6084/m9.figshare.28681187,Isık (2012),SP,41.5,18.3,23.2,27.1,42.9,592.5,2.68,2.0046890927624874,0.104
gun_483,figshare:10.6084/m9.figshare.28681187,Isık (2012),SP,35.9,19.0,16.9,32.6,66.9,592.5,2.68,1.9374108053007133,0.1143
gun_484,figshare:10.6084/m9.figshare.28681187,Isık (2012),SP,37.1,19.0,18.1,32.5,62.1,592.5,2.68,1.973598369011213,0.1018999999999999
gun_485,figshare:10.6084/m9.figshare.28681187,Isık (2012),SP,38.4,19.0,19.4,32.3,57.400000000000006,592.5,2.68,2.006625891946993,0.1134
gun_486,figshare:10.6084/m9.figshare.28681187,Isık (2012),SP,39.7,19.0,20.700000000000003,32.2,52.6,592.5,2.68,1.9996941896024465,0.107
gun_487,figshare:10.6084/m9.figshare.28681187,Isık (2012),SP,40.9,19.0,21.9,32.0,47.900000000000006,592.5,2.68,1.98868501529052,0.1063
gun_488,figshare:10.6084/m9.figshare.28681187,Isık (2012),SP,42.2,19.0,23.200000000000003,31.9,43.00000000000001,592.5,2.68,2.0127420998980634,0.1085999999999999
gun_49,figshare:10.6084/m9.figshare.28681187,Günaydın et. al. (2009),SP,34.5,18.82,15.68,70.0,28.86,592.5,2.68,1.777777777777778,0.176
gun_50,figshare:10.6084/m9.figshare.28681187,Günaydın et. al. (2009),SP,32.4,17.46,14.939999999999998,52.0,28.98,592.5,2.68,1.8134556574923544,0.165
gun_51,figshare:10.6084/m9.figshare.28681187,Günaydın et. al. (2009),SP,32.1,17.99,14.110000000000005,54.0,38.4,592.5,2.68,1.7604485219164117,0.158
gun_52,figshare:10.6084/m9.figshare.28681187,Günaydın et. al. (2009),SP,34.8,19.23,15.569999999999997,70.0,18.77,592.5,2.68,1.7716615698267073,0.152
gun_53,figshare:10.6084/m9.figshare.28681187,Günaydın et. al. (2009),SP,33.7,18.04,15.660000000000004,75.0,24.66,592.5,2.68,1.748216106014271,0.161
gun_54,figshare:10.6084/m9.figshare.28681187,Günaydın et. al. (2009),SP,33.5,20.45,13.05,49.0,32.4,592.5,2.68,1.7543323139653415,0.143
gun_55,figshare:10.6084/m9.figshare.28681187,Günaydın et. al. (2009),SP,29.5,21.62,7.879999999999999,57.5,40.0,592.5,2.68,1.7981651376146788,0.136
gun_57,figshare:10.6084/m9.figshare.28681187,Günaydın et. al. (2009),SP,32.45,17.79,14.660000000000004,51.0,47.22,592.5,2.68,1.8440366972477065,0.133
gun_58,figshare:10.6084/m9.figshare.28681187,Günaydın et. al. (2009),SP,33.45,17.79,15.660000000000004,51.0,47.22,592.5,2.68,1.8440366972477065,0.133
gun_59,figshare:10.6084/m9.figshare.28681187,Günaydın et. al. (2009),SP,34.4,16.76,17.639999999999997,64.0,35.95,592.5,2.68,1.7257900101936798,0.175
gun_6,figshare:10.6084/m9.figshare.28681187,Günaydın et. al. (2009),SP,51.2,22.03,29.17,61.0,29.35,592.5,2.68,1.7176350662589197,0.193
gun_60,figshare:10.6084/m9.figshare.28681187,Günaydın et. al. (2009),SP,31.55,16.6,14.95,72.0,26.79,592.5,2.68,1.8053007135575945,0.147
gun_61,figshare:10.6084/m9.figshare.28681187,Günaydın et. al. (2009),SP,34.6,16.76,17.84,64.0,35.75,592.5,2.68,1.7257900101936798,0.175
gun_62,figshare:10.6084/m9.figshare.28681187,Günaydın et. al. (2009),SP,31.55,16.6,14.95,83.3,15.49,592.5,2.68,1.8053007135575945,0.147
gun_63,figshare:10.6084/m9.figshare.28681187,Günaydın et. al. (2009),SP,33.4,20.23,13.169999999999998,47.0,41.08,592.5,2.68,1.8318042813455653,0.1375
gun_64,figshare:10.6084/m9.figshare.28681187,Günaydın et. al. (2009),SP,30.35,18.89,11.46,37.0,42.62,592.5,2.68,1.9123343527013248,0.124
gun_65,figshare:10.6084/m9.figshare.28681187,Günaydın et. al. (2009),SP,29.45,17.55,11.9,52.0,33.73,592.5,2.68,1.90316004077472,0.123
gun_66,figshare:10.6084/m9.figshare.28681187,Günaydın et. al. (2009),SP,31.35,14.21,17.14,61.0,31.38,592.5,2.68,1.8053007135575945,0.159
gun_67,figshare:10.6084/m9.figshare.28681187,Günaydın et. al. (2009),SP,32.6,16.16,16.44,60.0,35.25,592.5,2.68,1.837920489296636,0.149
gun_68,figshare:10.6084/m9.figshare.28681187,Günaydın et. al. (2009),SP,28.35,13.68,14.670000000000002,51.0,37.95,592.5,2.68,1.965341488277268,0.11
gun_69,figshare:10.6084/m9.figshare.28681187,Günaydın et. al. (2009),SP,41.7,23.84,17.860000000000003,65.0,31.5,592.5,2.68,1.6595310907237513,0.198
gun_7,figshare:10.6084/m9.figshare.28681187,Günaydın et. al. (2009),SP,51.3,28.64,22.66,60.0,21.78,592.5,2.68,1.7217125382262997,0.188
gun_70,figshare:10.6084/m9.figshare.28681187,Günaydın et. al. (2009),SP,46.25,26.11,20.14,37.5,28.9,592.5,2.68,1.8093781855249744,0.148
gun_71,figshare:10.6084/m9.figshare.28681187,Günaydın et. al. (2009),SP,39.2,25.15,14.050000000000004,41.5,26.7,592.5,2.68,1.6992864424057086,0.182
gun_72,figshare:10.6084/m9.figshare.28681187,Günaydın et. al. (2009),SP,40.8,23.65,17.15,37.0,28.7,592.5,2.68,1.674821610601427,0.188
gun_73,figshare:10.6084/m9.figshare.28681187,Günaydın et. al. (2009),SP,34.95,19.65,15.300000000000004,21.0,33.2,592.5,2.68,1.8695208970438328,0.142
gun_74,figshare:10.6084/m9.figshare.28681187,Günaydın et. al. (2009),SP,33.2,15.8,17.400000000000002,34.0,27.79,592.5,2.68,1.892966360856269,0.129
gun_75,figshare:10.6084/m9.figshare.28681187,Günaydın et. al. (2009),SP,37.8,20.36,17.439999999999998,32.5,32.66,592.5,2.68,1.7655453618756372,0.149
gun_76,figshare:10.6084/m9.figshare.28681187,Günaydın et. al. (2009),SP,35.3,19.71,15.589999999999996,24.0,45.61,592.5,2.68,1.9011213047910287,0.131
gun_77,figshare:10.6084/m9.figshare.28681187,Günaydın et. al. (2009),SP,39.9,19.69,20.21,36.0,25.22,592.5,2.68,1.747196738022426,0.185
gun_78,figshare:10.6084/m9.figshare.28681187,Günaydın et. al. (2009),SP,28.2,15.0,13.2,13.0,19.9,592.5,2.68,2.09072375127421,0.076
gun_79,figshare:10.6084/m9.figshare.28681187,Günaydın et. al. (2009),SP,27.6,17.5,10.1,38.0,25.81,592.5,2.68,1.921508664627931,0.122
gun_8,figshare:10.6084/m9.figshare.28681187,Günaydın et. al. (2009),SP,55.15,28.04,27.11,75.0,23.35,592.5,2.68,1.4668705402650355,0.26
gun_80,figshare:10.6084/m9.figshare.28681187,Günaydın et. al. (2009),SP,49.3,22.6,26.7,33.0,32.89,592.5,2.68,1.7359836901121306,0.182
gun_81,figshare:10.6084/m9.figshare.28681187,Günaydın et. al. (2009),SP,40.2,26.0,14.200000000000005,40.0,28.64,592.5,2.68,1.788990825688073,0.1384999999999999
gun_83,figshare:10.6084/m9.figshare.28681187,Günaydın et. al. (2009),SP,49.1,26.61,22.49,50.0,25.31,592.5,2.68,1.6880733944954127,0.204
gun_84,figshare:10.6084/m9.figshare.28681187,Günaydın et. al. (2009),SP,50.9,26.13,24.77,45.0,17.25,592.5,2.68,1.6676860346585116,0.1939999999999999
gun_85,figshare:10.6084/m9.figshare.28681187,Günaydın et. al. (2009),SP,53.0,29.84,23.16,60.0,36.48,592.5,2.68,1.640163098878695,0.1939999999999999
gun_86,figshare:10.6084/m9.figshare.28681187,Günaydın et. al. (2009),SP,47.9,28.85,19.05,59.0,34.61,592.5,2.68,1.6676860346585116,0.18
gun_87,figshare:10.6084/m9.figshare.28681187,Günaydın et. al. (2009),SP,49.35,28.41,20.94,74.0,24.24,592.5,2.68,1.670744138634047,0.2195
gun_88,figshare:10.6084/m9.figshare.28681187,Günaydın et. al. (2009),SP,26.95,14.55,12.4,53.0,37.0,592.5,2.68,1.961264016309888,0.104
gun_89,figshare:10.6084/m9.figshare.28681187,Günaydın et. al. (2009),SP,43.0,23.36,19.64,47.0,52.25,592.5,2.68,1.7584097859327217,0.1745
gun_91,figshare:10.6084/m9.figshare.28681187,Günaydın et. al. (2009),SP,41.4,23.77,17.63,42.0,51.01,592.5,2.68,1.8114169215086644,0.1669999999999999
gun_92,figshare:10.6084/m9.figshare.28681187,Günaydın et. al. (2009),SP,33.75,18.66,15.09,27.0,71.26,592.5,2.68,1.9449541284403664,0.1369999999999999
gun_93,figshare:10.6084/m9.figshare.28681187,Günaydın et. al. (2009),SP,36.5,21.33,15.170000000000002,35.0,63.79,592.5,2.68,1.957186544342508,0.1344999999999999
gun_94,figshare:10.6084/m9.figshare.28681187,Günaydın et. al. (2009),SP,38.2,22.85,15.35,42.0,57.35,592.5,2.68,1.839959225280326,0.162
gun_95,figshare:10.6084/m9.figshare.28681187,Günaydın et. al. (2009),SP,48.8,25.87,22.93,37.0,51.14,592.5,2.68,1.7013251783893986,0.1785
gun_96,figshare:10.6084/m9.figshare.28681187,Günaydın et. al. (2009),SP,50.6,24.02,26.58,48.0,47.47,592.5,2.68,1.6595310907237513,0.184
gun_97,figshare:10.6084/m9.figshare.28681187,Günaydın et. al. (2009),SP,46.9,26.24,20.66,45.0,43.98,592.5,2.68,1.808358817533129,0.162
gun_98,figshare:10.6084/m9.figshare.28681187,Günaydın et. al. (2009),SP,41.7,19.85,21.85,41.0,45.25,592.5,2.68,1.825688073394496,0.158
gun_99,figshare:10.6084/m9.figshare.28681187,Günaydın et. al. (2009),SP,46.7,19.78,26.92,33.0,33.12,592.5,2.68,1.847094801223241,0.133
ltpp-1-0101-c1-L1-t2,ltpp-sdr39,LTPP-1,SP,49.0,35.0,14.0,68.0,31.0,592.5,2.68,1.665920152,0.2
ltpp-1-0102-c1-L1-t2,ltpp-sdr39,LTPP-1,SP,48.0,33.0,15.0,75.8,22.200000000000003,592.5,2.68,1.6018463,0.21
ltpp-1-0102-c2-L1-t1,ltpp-sdr39,LTPP-1,SP,41.0,25.0,16.0,65.6,27.40000000000001,592.5,2.751,1.8036789338,0.16
ltpp-1-0102-c2-L1-t1,ltpp-sdr39,LTPP-1,SP,41.0,25.0,16.0,65.6,27.40000000000001,592.5,2.751,1.8309103209,0.16
ltpp-1-0102-c2-L2-t1,ltpp-sdr39,LTPP-1,SP,,,0.0,12.8,29.2,592.5,2.863,2.3835472944,0.06
ltpp-1-0102-c2-L2-t1,ltpp-sdr39,LTPP-1,SP,,,0.0,12.8,29.2,592.5,2.863,2.3755380629,0.06
ltpp-1-0103-c1-L1-t2,ltpp-sdr39,LTPP-1,SP,46.0,28.0,18.0,68.0,30.0,592.5,2.68,1.6450961501,0.2
ltpp-1-0106-c1-L1-t2,ltpp-sdr39,LTPP-1,SP,51.0,34.0,17.0,72.3,24.700000000000003,592.5,2.68,1.6787349224,0.19
ltpp-1-0107-c1-L1-t2,ltpp-sdr39,LTPP-1,SP,36.0,28.0,8.0,57.6,40.4,592.5,2.68,1.7508180059,0.16
ltpp-1-0107-c2-L1-t1,ltpp-sdr39,LTPP-1,SP,45.0,25.0,20.0,73.0,26.0,592.5,2.732,1.746012467,0.18
ltpp-1-0108-c1-L1-t2,ltpp-sdr39,LTPP-1,SP,42.0,28.0,14.0,66.4,31.599999999999994,592.5,2.68,1.7107718484,0.17
ltpp-1-0108-c1-L1-t2,ltpp-sdr39,LTPP-1,SP,42.0,28.0,14.0,66.4,31.599999999999994,592.5,2.68,2.4155842204000004,0.04
ltpp-1-0109-c1-L1-t2,ltpp-sdr39,LTPP-1,SP,42.0,24.0,18.0,65.9,28.099999999999994,592.5,2.752,1.7924660097,0.17
ltpp-1-0109-c1-L2-t2,ltpp-sdr39,LTPP-1,SP,,,0.0,14.9,26.1,592.5,2.855,2.3691306777000003,0.05
ltpp-1-0110-c1-L1-t2,ltpp-sdr39,LTPP-1,SP,40.0,25.0,15.0,62.9,33.1,592.5,2.71,1.7380032355,0.18
ltpp-1-0111-c1-L1-t2,ltpp-sdr39,LTPP-1,SP,47.0,29.0,18.0,70.9,26.099999999999994,592.5,2.739,1.6851423076,0.19
ltpp-1-0503-c2-L3-t1,ltpp-sdr39,LTPP-1,SP,25.0,19.0,6.0,7.3,34.7,592.5,2.695,2.210547894,0.06
ltpp-1-0503-c2-L3-t1,ltpp-sdr39,LTPP-1,SP,25.0,19.0,6.0,7.3,34.7,592.5,2.695,2.194529431,0.06
ltpp-1-0504-c2-L1-t2,ltpp-sdr39,LTPP-1,SP,25.0,15.0,10.0,22.2,70.8,592.5,2.694,2.034344801,0.1
ltpp-1-0504-c2-L1-t2,ltpp-sdr39,LTPP-1,SP,25.0,15.0,10.0,22.2,70.8,592.5,2.694,2.0231318769,0.1
ltpp-1-0504-c2-L2-t2,ltpp-sdr39,LTPP-1,SP,25.0,16.0,9.0,20.8,71.2,592.5,2.748,2.0743909585,0.08
ltpp-1-0504-c2-L2-t2,ltpp-sdr39,LTPP-1,SP,25.0,16.0,9.0,20.8,71.2,592.5,2.748,2.0695854196,0.09
ltpp-1-0504-c2-L2-t2,ltpp-sdr39,LTPP-1,SP,25.0,16.0,9.0,20.8,71.2,592.5,2.748,2.0375484936,0.09
ltpp-1-0504-c2-L3-t2,ltpp-sdr39,LTPP-1,SP,24.0,18.0,6.0,8.6,37.4,592.5,2.708,2.226566357,0.06
ltpp-1-0504-c2-L3-t2,ltpp-sdr39,LTPP-1,SP,24.0,18.0,6.0,8.6,37.4,592.5,2.708,2.2377792811,0.06
ltpp-1-0506-c2-L1-t2,ltpp-sdr39,LTPP-1,SP,23.0,14.0,9.0,23.7,71.3,592.5,2.701,2.050363264,0.09
ltpp-1-0506-c2-L1-t2,ltpp-sdr39,LTPP-1,SP,23.0,14.0,9.0,23.7,71.3,592.5,2.701,2.034344801,0.09
ltpp-1-0506-c2-L2-t2,ltpp-sdr39,LTPP-1,SP,22.0,15.0,7.0,19.8,68.2,592.5,2.676,2.1528814272,0.06
ltpp-1-0506-c2-L2-t2,ltpp-sdr39,LTPP-1,SP,22.0,15.0,7.0,19.8,68.2,592.5,2.676,2.1769091217,0.07
ltpp-1-0506-c2-L2-t2,ltpp-sdr39,LTPP-1,SP,22.0,15.0,7.0,19.8,68.2,592.5,2.676,2.1176408086,0.07
ltpp-1-0506-c2-L3-t2,ltpp-sdr39,LTPP-1,SP,25.0,16.0,9.0,7.7,37.3,592.5,2.713,2.210547894,0.06
ltpp-1-0506-c2-L3-t2,ltpp-sdr39,LTPP-1,SP,25.0,16.0,9.0,7.7,37.3,592.5,2.713,2.2121497403,0.06
ltpp-1-0506-c2-L3-t2,ltpp-sdr39,LTPP-1,SP,25.0,16.0,9.0,7.7,37.3,592.5,2.713,2.2089460477,0.06
ltpp-1-0605-c2-L1-t3,ltpp-sdr39,LTPP-1,SP,30.0,18.0,12.0,60.7,23.3,592.5,2.68,1.826104782,0.16
ltpp-1-0605-c2-L2-t3,ltpp-sdr39,LTPP-1,SP,14.0,12.0,2.0,11.3,44.7,592.5,2.68,2.306658672,0.05
ltpp-1-0606-c2-L1-t1,ltpp-sdr39,LTPP-1,SP,45.0,18.0,27.0,50.8,27.200000000000003,592.5,2.665,1.858141708,0.14
ltpp-1-0606-c2-L1-t2,ltpp-sdr39,LTPP-1,SP,45.0,18.0,27.0,50.8,27.200000000000003,592.5,2.665,1.7444106207,0.14
ltpp-1-0606-c2-L1-t2,ltpp-sdr39,LTPP-1,SP,45.0,18.0,27.0,50.8,27.200000000000003,592.5,2.665,1.8036789338,0.14
ltpp-1-0606-c2-L1-t3,ltpp-sdr39,LTPP-1,SP,45.0,18.0,27.0,50.8,27.200000000000003,592.5,2.665,1.681938615,0.15
ltpp-1-0606-c2-L2-t1,ltpp-sdr39,LTPP-1,SP,18.0,14.0,4.0,11.1,33.9,592.5,2.798,2.3563159073,0.05
ltpp-1-0606-c2-L2-t2,ltpp-sdr39,LTPP-1,SP,18.0,14.0,4.0,11.1,33.9,592.5,2.798,2.3899546796,0.05
ltpp-1-0606-c2-L2-t3,ltpp-sdr39,LTPP-1,SP,18.0,14.0,4.0,11.1,33.9,592.5,2.798,2.322677135,0.07
ltpp-1-0607-c2-L1-t2,ltpp-sdr39,LTPP-1,SP,35.0,18.0,17.0,69.2,25.8,592.5,2.68,1.746012467,0.17
ltpp-1-0607-c2-L2-t2,ltpp-sdr39,LTPP-1,SP,17.0,14.0,3.0,19.1,44.9,592.5,2.68,2.306658672,0.06
ltpp-1-0608-c2-L1-t1,ltpp-sdr39,LTPP-1,SP,37.0,14.0,23.0,59.0,22.0,592.5,2.736,1.8036789338,0.16
ltpp-1-1001-c1-L1-t1,ltpp-sdr39,LTPP-1,SP,34.0,20.0,14.0,33.4,60.6,592.5,2.688,1.938234023,0.11
ltpp-1-1001-c1-L1-t2,ltpp-sdr39,LTPP-1,SP,34.0,20.0,14.0,33.4,60.6,592.5,2.688,2.114437116,0.07
ltpp-1-1011-c1-L1-t1,ltpp-sdr39,LTPP-1,SP,24.0,18.0,6.0,67.0,23.0,592.5,2.787,1.874160171,0.13
ltpp-1-1011-c1-L1-t2,ltpp-sdr39,LTPP-1,SP,24.0,18.0,6.0,67.0,23.0,592.5,2.787,1.826104782,0.15
ltpp-1-1019-c1-L1-t1,ltpp-sdr39,LTPP-1,SP,17.0,15.0,2.0,53.2,42.8,592.5,2.671,2.018326338,0.09
ltpp-1-1019-c1-L1-t2,ltpp-sdr39,LTPP-1,SP,17.0,15.0,2.0,53.2,42.8,592.5,2.671,1.842123245,0.1
ltpp-1-1021-c1-L1-t2,ltpp-sdr39,LTPP-1,SP,27.0,22.0,5.0,63.8,31.200000000000003,592.5,2.729,1.810086319,0.15
ltpp-1-1021-c1-L2-t1,ltpp-sdr39,LTPP-1,SP,22.0,18.0,4.0,10.0,38.0,592.5,2.596,2.178510968,0.06
ltpp-1-1021-c1-L2-t2,ltpp-sdr39,LTPP-1,SP,22.0,18.0,4.0,10.0,38.0,592.5,2.596,2.162492505,0.06
ltpp-1-3028-c1-L1-t1,ltpp-sdr39,LTPP-1,SP,31.0,19.0,12.0,45.6,39.4,592.5,2.701,1.778049393,0.15
ltpp-1-3028-c1-L1-t2,ltpp-sdr39,LTPP-1,SP,31.0,19.0,12.0,45.6,39.4,592.5,2.701,1.826104782,0.15
ltpp-1-3028-c1-L2-t1,ltpp-sdr39,LTPP-1,SP,34.0,16.0,18.0,31.5,48.5,592.5,2.683,2.098418653,0.09
ltpp-1-3028-c1-L2-t2,ltpp-sdr39,LTPP-1,SP,34.0,16.0,18.0,31.5,48.5,592.5,2.683,2.114437116,0.09
ltpp-1-3998-c2-L1-t1,ltpp-sdr39,LTPP-1,SP,24.0,21.0,3.0,32.6,67.4,592.5,2.786,1.906197097,0.12
ltpp-1-3998-c2-L1-t2,ltpp-sdr39,LTPP-1,SP,24.0,21.0,3.0,32.6,67.4,592.5,2.786,1.938234023,0.11
ltpp-1-4007-c1-L1-t1,ltpp-sdr39,LTPP-1,SP,30.0,19.0,11.0,44.7,39.3,592.5,2.784,1.794067856,0.14
ltpp-1-4007-c1-L1-t2,ltpp-sdr39,LTPP-1,SP,30.0,19.0,11.0,44.7,39.3,592.5,2.784,1.810086319,0.16
ltpp-1-4007-c1-L3-t2,ltpp-sdr39,LTPP-1,SP,19.0,15.0,4.0,9.3,20.7,592.5,2.783,2.386750987,0.05
ltpp-1-4073-c1-L1-t1,ltpp-sdr39,LTPP-1,SP,59.0,32.0,27.0,48.7,30.3,592.5,2.645,1.6018463,0.22
ltpp-1-4073-c1-L1-t2,ltpp-sdr39,LTPP-1,SP,59.0,32.0,27.0,48.7,30.3,592.5,2.645,1.585827837,0.22
ltpp-1-4073-c1-L3-t1,ltpp-sdr39,LTPP-1,SP,17.0,14.0,3.0,10.1,37.9,592.5,2.665,2.290640209,0.06
ltpp-1-4084-c1-L1-t2,ltpp-sdr39,LTPP-1,SP,31.0,18.0,13.0,9.8,72.2,592.5,2.777,1.986289412,0.12
ltpp-1-4125-c1-L1-t1,ltpp-sdr39,LTPP-1,SP,23.0,15.0,8.0,28.3,55.7,592.5,2.629,2.034344801,0.1
ltpp-1-4125-c1-L1-t2,ltpp-sdr39,LTPP-1,SP,23.0,15.0,8.0,28.3,55.7,592.5,2.629,2.018326338,0.1
ltpp-1-4126-c1-L1-t1,ltpp-sdr39,LTPP-1,SP,21.0,19.0,2.0,31.8,62.2,592.5,2.754,1.92221556,0.12
ltpp-1-4126-c1-L1-t2,ltpp-sdr39,LTPP-1,SP,21.0,19.0,2.0,31.8,62.2,592.5,2.754,1.986289412,0.11
ltpp-1-4127-c2-L1-t1,ltpp-sdr39,LTPP-1,SP,36.0,21.0,15.0,48.7,33.3,592.5,2.641,1.826104782,0.14
ltpp-1-4127-c2-L1-t2,ltpp-sdr39,LTPP-1,SP,36.0,21.0,15.0,48.7,33.3,592.5,2.641,1.858141708,0.14
ltpp-1-4129-c2-L1-t1,ltpp-sdr39,LTPP-1,SP,31.0,24.0,7.0,34.9,53.1,592.5,2.68,1.890178634,0.14
ltpp-1-4129-c2-L1-t2,ltpp-sdr39,LTPP-1,SP,31.0,24.0,7.0,34.9,53.1,592.5,2.68,1.906197097,0.14
ltpp-1-4155-c1-L1-t1,ltpp-sdr39,LTPP-1,SP,21.0,19.0,2.0,25.3,69.7,592.5,2.73,2.002307875,0.1
ltpp-1-4155-c1-L1-t2,ltpp-sdr39,LTPP-1,SP,21.0,19.0,2.0,25.3,69.7,592.5,2.73,2.018326338,0.11
ltpp-1-5008-c1-L1-t1,ltpp-sdr39,LTPP-1,SP,42.0,39.0,3.0,49.6,37.4,592.5,2.744,1.842123245,0.13
ltpp-1-5008-c1-L1-t2,ltpp-sdr39,LTPP-1,SP,42.0,39.0,3.0,49.6,37.4,592.5,2.744,1.810086319,0.14
ltpp-1-6012-c1-L1-t1,ltpp-sdr39,LTPP-1,SP,19.0,16.0,3.0,40.8,56.2,592.5,2.645,2.002307875,0.11
ltpp-1-6012-c1-L1-t2,ltpp-sdr39,LTPP-1,SP,19.0,16.0,3.0,40.8,56.2,592.5,2.645,1.954252486,0.11
ltpp-1-6019-c2-L1-t1,ltpp-sdr39,LTPP-1,SP,19.0,16.0,3.0,7.2,91.8,592.5,2.649,2.002307875,0.1
ltpp-1-6019-c2-L1-t2,ltpp-sdr39,LTPP-1,SP,19.0,16.0,3.0,7.2,91.8,592.5,2.649,1.970270949,0.11
ltpp-1-6019-c2-L2-t1,ltpp-sdr39,LTPP-1,SP,19.0,18.0,1.0,15.5,63.5,592.5,2.743,2.066381727,0.08
ltpp-1-6019-c2-L2-t2,ltpp-sdr39,LTPP-1,SP,19.0,18.0,1.0,15.5,63.5,592.5,2.743,2.050363264,0.08
ltpp-10-0104-c2-L2-t2,ltpp-sdr39,LTPP-10,SP,,,0.0,10.4,57.6,592.5,2.65,2.0487614177,0.07
ltpp-10-0108-c2-L2-t2,ltpp-sdr39,LTPP-10,SP,,,0.0,10.6,88.4,592.5,2.661,1.8677527858,0.1
ltpp-10-0109-c2-L2-t1,ltpp-sdr39,LTPP-10,SP,,,0.0,13.9,84.1,592.5,2.71,1.9430395619,0.09
ltpp-10-0109-c2-L2-t2,ltpp-sdr39,LTPP-10,SP,,,0.0,13.9,84.1,592.5,2.71,1.9926967972,0.08
ltpp-10-0111-c2-L2-t2,ltpp-sdr39,LTPP-10,SP,,,0.0,17.0,83.0,592.5,2.665,1.954252486,0.09
ltpp-10-0160-c2-L2-t2,ltpp-sdr39,LTPP-10,SP,,,0.0,17.6,82.4,592.5,2.656,1.9286229452,0.09
ltpp-10-0201-c3-L2-t1,ltpp-sdr39,LTPP-10,SP,,,0.0,10.8,87.2,592.5,2.67,1.8597435543,0.1
ltpp-10-0201-c3-L2-t1,ltpp-sdr39,LTPP-10,SP,,,0.0,10.8,87.2,592.5,2.67,1.8517343228,0.1
ltpp-10-0202-c1-L2-t1,ltpp-sdr39,LTPP-10,SP,,,0.0,12.0,83.0,592.5,2.67,1.9430395619,0.09
ltpp-10-0202-c1-L2-t1,ltpp-sdr39,LTPP-10,SP,,,0.0,12.0,83.0,592.5,2.67,1.9013915581,0.09
ltpp-10-0202-c1-L2-t2,ltpp-sdr39,LTPP-10,SP,,,0.0,12.0,83.0,592.5,2.67,1.810086319,0.1
ltpp-10-0202-c1-L3-t1,ltpp-sdr39,LTPP-10,SP,25.0,23.0,2.0,17.8,25.2,592.5,2.856,2.3322882128,0.06
ltpp-10-0202-c1-L3-t1,ltpp-sdr39,LTPP-10,SP,25.0,23.0,2.0,17.8,25.2,592.5,2.856,2.290640209,0.06
ltpp-10-0202-c1-L3-t2,ltpp-sdr39,LTPP-10,SP,25.0,23.0,2.0,17.8,25.2,592.5,2.856,2.354714061,0.06
ltpp-10-0205-c3-L2-t1,ltpp-sdr39,LTPP-10,SP,,,0.0,16.5,82.5,592.5,2.659,2.0055115676,0.08
ltpp-10-0205-c3-L2-t1,ltpp-sdr39,LTPP-10,SP,,,0.0,16.5,82.5,592.5,2.659,1.9942986435,0.09
ltpp-10-0207-c1-L1-t2,ltpp-sdr39,LTPP-10,SP,19.0,16.0,3.0,32.0,66.0,592.5,2.68,2.018326338,0.1
ltpp-10-0210-c4-L2-t1,ltpp-sdr39,LTPP-10,SP,,,0.0,2.8,97.2,592.5,2.66,1.9926967972,0.09
ltpp-10-0210-c4-L2-t1,ltpp-sdr39,LTPP-10,SP,,,0.0,2.8,97.2,592.5,2.66,2.0087152602,0.09
ltpp-10-0211-c1-L1-t1,ltpp-sdr39,LTPP-10,SP,23.0,20.0,3.0,26.7,73.3,592.5,2.645,2.002307875,0.09
ltpp-10-0211-c1-L1-t1,ltpp-sdr39,LTPP-10,SP,23.0,20.0,3.0,26.7,73.3,592.5,2.645,1.9574561786,0.1
ltpp-10-0211-c1-L1-t2,ltpp-sdr39,LTPP-10,SP,23.0,20.0,3.0,26.7,73.3,592.5,2.645,2.018326338,0.1
ltpp-10-0211-c1-L2-t1,ltpp-sdr39,LTPP-10,SP,,,0.0,16.1,68.9,592.5,2.676,2.002307875,0.08
ltpp-10-0211-c1-L2-t1,ltpp-sdr39,LTPP-10,SP,,,0.0,16.1,68.9,592.5,2.676,2.0759928048,0.07
ltpp-10-0212-c2-L2-t1,ltpp-sdr39,LTPP-10,SP,,,0.0,25.0,72.0,592.5,2.672,2.0359466473,0.09
ltpp-10-0212-c2-L2-t1,ltpp-sdr39,LTPP-10,SP,,,0.0,25.0,72.0,592.5,2.672,1.9830857194,0.1
ltpp-12-0109-c1-L2-t1,ltpp-sdr39,LTPP-12,SP,13.0,12.0,1.0,17.8,47.2,592.5,2.68,2.178510968,0.06
ltpp-12-0109-c1-L2-t2,ltpp-sdr39,LTPP-12,SP,13.0,12.0,1.0,17.8,47.2,592.5,2.68,2.2089460477,0.06
ltpp-12-0503-c2-L2-t1,ltpp-sdr39,LTPP-12,SP,,,0.0,4.1,80.9,592.5,2.68,1.8677527858,0.09
ltpp-12-0503-c2-L3-t1,ltpp-sdr39,LTPP-12,SP,14.0,13.0,1.0,22.0,49.0,592.5,2.68,2.114437116,0.07
ltpp-12-0504-c2-L2-t1,ltpp-sdr39,LTPP-12,SP,,,0.0,3.5,84.5,592.5,2.68,2.290640209,0.06
ltpp-12-0504-c2-L3-t1,ltpp-sdr39,LTPP-12,SP,,,0.0,19.3,44.7,592.5,2.68,2.098418653,0.07
ltpp-12-0506-c2-L2-t2,ltpp-sdr39,LTPP-12,SP,,,0.0,6.0,67.0,592.5,2.68,1.874160171,0.08
ltpp-12-0506-c2-L3-t2,ltpp-sdr39,LTPP-12,SP,,,0.0,18.8,43.2,592.5,2.68,2.130455579,0.07
ltpp-12-3811-c1-L1-t1,ltpp-sdr39,LTPP-12,SP,25.0,13.0,12.0,32.0,68.0,592.5,2.694,1.906197097,0.13
ltpp-12-3811-c1-L1-t2,ltpp-sdr39,LTPP-12,SP,25.0,13.0,12.0,32.0,68.0,592.5,2.694,1.906197097,0.12
ltpp-12-AA01-c1-L1-t1,ltpp-sdr39,LTPP-12,SP,35.0,17.0,18.0,54.4,45.6,592.5,2.68,1.6771330761,0.17
ltpp-12-AA01-c1-L2-t1,ltpp-sdr39,LTPP-12,SP,19.0,14.0,5.0,20.7,79.3,592.5,2.68,2.0327429547,0.09
ltpp-12-AA03-c1-L1-t1,ltpp-sdr39,LTPP-12,SP,23.0,14.0,9.0,28.6,70.4,592.5,2.68,1.8997897118,0.12
ltpp-12-AA03-c1-L2-t1,ltpp-sdr39,LTPP-12,SP,21.0,13.0,8.0,26.6,73.4,592.5,2.68,2.0471595714,0.1
ltpp-13-0507-c1-L1-t1,ltpp-sdr39,LTPP-13,SP,28.0,25.0,3.0,33.4,45.6,592.5,2.68,2.08240019,0.08
ltpp-13-0509-c1-L1-t2,ltpp-sdr39,LTPP-13,SP,35.0,28.0,7.0,39.4,37.6,592.5,2.68,1.954252486,0.1
ltpp-13-0509-c2-L1-t2,ltpp-sdr39,LTPP-13,SP,34.0,24.0,10.0,13.7,83.3,592.5,2.832,2.066381727,0.09
ltpp-13-0509-c2-L1-t2,ltpp-sdr39,LTPP-13,SP,34.0,24.0,10.0,13.7,83.3,592.5,2.832,2.08240019,0.1
ltpp-13-1001-c1-L1-t1,ltpp-sdr39,LTPP-13,SP,43.0,26.0,17.0,44.8,43.2,592.5,2.587,1.890178634,0.14
ltpp-13-1001-c1-L1-t2,ltpp-sdr39,LTPP-13,SP,43.0,26.0,17.0,44.8,43.2,592.5,2.587,1.6018463,0.22
ltpp-13-1004-c1-L1-t1,ltpp-sdr39,LTPP-13,SP,35.0,23.0,12.0,49.9,44.1,592.5,2.675,1.842123245,0.16
ltpp-13-1004-c1-L1-t2,ltpp-sdr39,LTPP-13,SP,35.0,23.0,12.0,49.9,44.1,592.5,2.675,1.842123245,0.15
ltpp-13-1005-c1-L1-t1,ltpp-sdr39,LTPP-13,SP,27.0,15.0,12.0,38.4,54.6,592.5,2.68,1.874160171,0.13
ltpp-13-1005-c1-L1-t2,ltpp-sdr39,LTPP-13,SP,27.0,15.0,12.0,38.4,54.6,592.5,2.68,2.050363264,0.1
ltpp-13-1031-c1-L1-t1,ltpp-sdr39,LTPP-13,SP,32.0,25.0,7.0,44.8,53.2,592.5,2.7,1.906197097,0.13
ltpp-13-1031-c1-L1-t2,ltpp-sdr39,LTPP-13,SP,32.0,25.0,7.0,44.8,53.2,592.5,2.7,1.858141708,0.13
ltpp-13-3011-c1-L1-t1,ltpp-sdr39,LTPP-13,SP,16.0,13.0,3.0,27.1,71.9,592.5,2.63,2.034344801,0.09
ltpp-13-3011-c1-L1-t2,ltpp-sdr39,LTPP-13,SP,16.0,13.0,3.0,27.1,71.9,592.5,2.63,2.002307875,0.1
ltpp-13-3015-c1-L1-t1,ltpp-sdr39,LTPP-13,SP,20.0,19.0,1.0,1.5,98.5,592.5,2.678,1.954252486,0.11
ltpp-13-3015-c1-L1-t2,ltpp-sdr39,LTPP-13,SP,20.0,19.0,1.0,1.5,98.5,592.5,2.678,2.002307875,0.1
ltpp-13-3016-c1-L1-t1,ltpp-sdr39,LTPP-13,SP,25.0,21.0,4.0,31.3,60.7,592.5,2.717,1.986289412,0.1
ltpp-13-3016-c1-L1-t2,ltpp-sdr39,LTPP-13,SP,25.0,21.0,4.0,31.3,60.7,592.5,2.717,1.954252486,0.12
ltpp-13-3017-c1-L1-t1,ltpp-sdr39,LTPP-13,SP,21.0,18.0,3.0,33.0,63.0,592.5,2.798,1.986289412,0.1
ltpp-13-3017-c1-L1-t2,ltpp-sdr39,LTPP-13,SP,21.0,18.0,3.0,33.0,63.0,592.5,2.798,1.970270949,0.11
ltpp-13-3018-c1-L1-t1,ltpp-sdr39,LTPP-13,SP,30.0,19.0,11.0,48.8,48.2,592.5,2.735,1.906197097,0.13
ltpp-13-3018-c1-L1-t2,ltpp-sdr39,LTPP-13,SP,30.0,19.0,11.0,48.8,48.2,592.5,2.735,1.938234023,0.12
ltpp-13-3019-c1-L1-t1,ltpp-sdr39,LTPP-13,SP,34.0,27.0,7.0,56.8,36.2,592.5,2.647,1.890178634,0.14
ltpp-13-3019-c1-L1-t2,ltpp-sdr39,LTPP-13,SP,34.0,27.0,7.0,56.8,36.2,592.5,2.647,1.842123245,0.15
ltpp-13-3020-c1-L1-t1,ltpp-sdr39,LTPP-13,SP,30.0,14.0,16.0,40.0,60.0,592.5,2.607,1.810086319,0.15
ltpp-13-3020-c1-L1-t2,ltpp-sdr39,LTPP-13,SP,30.0,14.0,16.0,40.0,60.0,592.5,2.607,1.986289412,0.08
ltpp-13-4092-c1-L1-t1,ltpp-sdr39,LTPP-13,SP,22.0,13.0,9.0,32.8,67.2,592.5,2.701,2.002307875,0.1
ltpp-13-4092-c1-L1-t2,ltpp-sdr39,LTPP-13,SP,22.0,13.0,9.0,32.8,67.2,592.5,2.701,1.92221556,0.13
ltpp-13-4093-c1-L1-t1,ltpp-sdr39,LTPP-13,SP,18.0,13.0,5.0,30.9,67.1,592.5,2.651,1.970270949,0.1
ltpp-13-4093-c1-L1-t2,ltpp-sdr39,LTPP-13,SP,18.0,13.0,5.0,30.9,67.1,592.5,2.651,1.874160171,0.13
ltpp-13-4096-c1-L1-t1,ltpp-sdr39,LTPP-13,SP,24.0,16.0,8.0,35.8,64.2,592.5,2.707,1.938234023,0.11
ltpp-13-4096-c1-L1-t2,ltpp-sdr39,LTPP-13,SP,24.0,16.0,8.0,35.8,64.2,592.5,2.707,1.92221556,0.12
ltpp-13-4111-c1-L1-t1,ltpp-sdr39,LTPP-13,SP,35.0,22.0,13.0,49.3,43.7,592.5,2.705,1.746012467,0.16
ltpp-13-4111-c1-L1-t2,ltpp-sdr39,LTPP-13,SP,35.0,22.0,13.0,49.3,43.7,592.5,2.705,1.842123245,0.15
ltpp-13-4118-c1-L1-t1,ltpp-sdr39,LTPP-13,SP,28.0,17.0,11.0,47.2,51.8,592.5,2.74,1.858141708,0.14
ltpp-13-4118-c1-L1-t2,ltpp-sdr39,LTPP-13,SP,28.0,17.0,11.0,47.2,51.8,592.5,2.74,1.906197097,0.12
ltpp-13-7028-c1-L1-t2,ltpp-sdr39,LTPP-13,SP,37.0,22.0,15.0,38.8,53.2,592.5,2.67,1.826104782,0.14
ltpp-15-1003-c1-L1-t2,ltpp-sdr39,LTPP-15,SP,37.0,16.0,21.0,45.5,33.5,592.5,2.68,1.409624744,0.32
ltpp-15-1006-c1-L1-t1,ltpp-sdr39,LTPP-15,SP,32.0,20.0,12.0,52.9,36.1,592.5,2.68,1.649901689,0.21
ltpp-15-1006-c1-L1-t2,ltpp-sdr39,LTPP-15,SP,32.0,20.0,12.0,52.9,36.1,592.5,2.68,1.617864763,0.24
ltpp-16-1001-c1-L1-t1,ltpp-sdr39,LTPP-16,SP,20.0,18.0,2.0,7.0,25.0,592.5,2.68,2.194529431,0.06
ltpp-16-1001-c1-L1-t2,ltpp-sdr39,LTPP-16,SP,20.0,18.0,2.0,7.0,25.0,592.5,2.68,2.194529431,0.08
ltpp-16-1005-c1-L1-t1,ltpp-sdr39,LTPP-16,SP,36.0,22.0,14.0,16.2,21.8,592.5,2.68,1.826104782,0.15
ltpp-16-1005-c1-L1-t2,ltpp-sdr39,LTPP-16,SP,36.0,22.0,14.0,16.2,21.8,592.5,2.68,1.746012467,0.17
ltpp-16-1020-c1-L1-t1,ltpp-sdr39,LTPP-16,SP,24.0,19.0,5.0,42.8,21.200000000000003,592.5,2.68,1.874160171,0.13
ltpp-16-1020-c1-L1-t2,ltpp-sdr39,LTPP-16,SP,24.0,19.0,5.0,42.8,21.200000000000003,592.5,2.68,1.746012467,0.16
ltpp-16-3023-c1-L1-t1,ltpp-sdr39,LTPP-16,SP,24.0,16.0,8.0,40.0,60.0,592.5,2.68,1.810086319,0.11
ltpp-16-3023-c1-L1-t2,ltpp-sdr39,LTPP-16,SP,24.0,16.0,8.0,40.0,60.0,592.5,2.68,1.986289412,0.1
ltpp-16-3023-c1-L2-t1,ltpp-sdr39,LTPP-16,SP,24.0,19.0,5.0,30.4,66.6,592.5,2.68,1.986289412,0.08
ltpp-16-9032-c1-L1-t2,ltpp-sdr39,LTPP-16,SP,52.0,38.0,14.0,54.1,44.9,592.5,2.68,1.44166167,0.28
ltpp-17-0603-c7-L1-t2,ltpp-sdr39,LTPP-17,SP,27.0,14.0,13.0,70.6,25.40000000000001,592.5,2.744,2.002307875,0.11
ltpp-17-0603-c7-L2-t2,ltpp-sdr39,LTPP-17,SP,19.0,14.0,5.0,16.6,36.4,592.5,2.708,2.24258482,0.06
ltpp-17-0604-c1-L1-t1,ltpp-sdr39,LTPP-17,SP,25.0,15.0,10.0,68.5,26.5,592.5,2.68,2.002307875,0.11
ltpp-17-0604-c6-L1-t2,ltpp-sdr39,LTPP-17,SP,38.0,16.0,22.0,78.0,20.0,592.5,2.707,1.7668364689,0.17
ltpp-17-0604-c6-L2-t2,ltpp-sdr39,LTPP-17,SP,18.0,14.0,4.0,14.9,30.1,592.5,2.718,2.274621746,0.07
ltpp-17-0606-c10-L1-t2,ltpp-sdr39,LTPP-17,SP,33.0,14.0,19.0,73.2,24.8,592.5,2.735,1.890178634,0.13
ltpp-17-0606-c10-L2-t2,ltpp-sdr39,LTPP-17,SP,20.0,15.0,5.0,18.1,35.9,592.5,2.717,2.2457885126,0.07
ltpp-17-0607-c1-L1-t2,ltpp-sdr39,LTPP-17,SP,21.0,13.0,8.0,64.1,32.900000000000006,592.5,2.68,2.002307875,0.11
ltpp-17-0660-c2-L1-t1,ltpp-sdr39,LTPP-17,SP,23.0,13.0,10.0,58.5,37.5,592.5,2.68,2.018326338,0.09
ltpp-17-1002-c1-L1-t1,ltpp-sdr39,LTPP-17,SP,31.0,18.0,13.0,53.8,27.200000000000003,592.5,2.68,1.874160171,0.12
ltpp-17-1002-c1-L1-t2,ltpp-sdr39,LTPP-17,SP,31.0,18.0,13.0,53.8,27.200000000000003,592.5,2.68,1.92221556,0.12
ltpp-17-1003-c1-L1-t1,ltpp-sdr39,LTPP-17,SP,30.0,20.0,10.0,89.9,10.099999999999994,592.5,2.68,1.778049393,0.14
ltpp-17-4074-c1-L1-t1,ltpp-sdr39,LTPP-17,SP,25.0,16.0,9.0,62.5,26.5,592.5,2.68,1.874160171,0.13
ltpp-17-4074-c1-L1-t2,ltpp-sdr39,LTPP-17,SP,25.0,16.0,9.0,62.5,26.5,592.5,2.68,1.92221556,0.1
ltpp-17-4082-c1-L1-t1,ltpp-sdr39,LTPP-17,SP,45.0,20.0,25.0,92.9,7.099999999999994,592.5,2.68,1.713975541,0.18
ltpp-17-5020-c1-L1-t1,ltpp-sdr39,LTPP-17,SP,37.0,17.0,20.0,86.9,12.099999999999994,592.5,2.68,1.76203093,0.17
ltpp-17-5020-c1-L1-t2,ltpp-sdr39,LTPP-17,SP,37.0,17.0,20.0,86.9,12.099999999999994,592.5,2.68,1.746012467,0.18
ltpp-17-5217-c1-L1-t1,ltpp-sdr39,LTPP-17,SP,31.0,21.0,10.0,84.3,14.700000000000005,592.5,2.68,1.697957078,0.18
ltpp-17-5217-c1-L1-t2,ltpp-sdr39,LTPP-17,SP,31.0,21.0,10.0,84.3,14.700000000000005,592.5,2.68,1.746012467,0.16
ltpp-17-5453-c1-L1-t1,ltpp-sdr39,LTPP-17,SP,35.0,19.0,16.0,91.6,8.400000000000006,592.5,2.68,1.746012467,0.16
ltpp-17-5453-c1-L1-t2,ltpp-sdr39,LTPP-17,SP,35.0,19.0,16.0,91.6,8.400000000000006,592.5,2.68,1.729994004,0.18
ltpp-17-5843-c1-L1-t2,ltpp-sdr39,LTPP-17,SP,30.0,17.0,13.0,68.5,29.5,592.5,2.68,1.794067856,0.15
ltpp-17-5849-c1-L1-t1,ltpp-sdr39,LTPP-17,SP,25.0,16.0,9.0,81.3,16.700000000000003,592.5,2.68,1.874160171,0.14
ltpp-17-5849-c1-L1-t2,ltpp-sdr39,LTPP-17,SP,25.0,16.0,9.0,81.3,16.700000000000003,592.5,2.68,1.92221556,0.12
ltpp-17-5854-c1-L1-t1,ltpp-sdr39,LTPP-17,SP,28.0,17.0,11.0,75.1,20.90000000000001,592.5,2.68,1.874160171,0.12
ltpp-17-5854-c1-L1-t2,ltpp-sdr39,LTPP-17,SP,28.0,17.0,11.0,75.1,20.90000000000001,592.5,2.68,1.794067856,0.14
ltpp-17-5869-c1-L1-t1,ltpp-sdr39,LTPP-17,SP,21.0,15.0,6.0,54.0,38.0,592.5,2.68,1.954252486,0.11
ltpp-17-5869-c1-L1-t2,ltpp-sdr39,LTPP-17,SP,21.0,15.0,6.0,54.0,38.0,592.5,2.68,1.826104782,0.12
ltpp-17-5908-c1-L1-t1,ltpp-sdr39,LTPP-17,SP,33.0,18.0,15.0,88.7,10.299999999999995,592.5,2.68,1.810086319,0.15
ltpp-17-5908-c1-L1-t2,ltpp-sdr39,LTPP-17,SP,33.0,18.0,15.0,88.7,10.299999999999995,592.5,2.68,1.794067856,0.15
ltpp-17-6050-c1-L1-t1,ltpp-sdr39,LTPP-17,SP,41.0,23.0,18.0,89.3,5.700000000000003,592.5,2.68,1.665920152,0.19
ltpp-17-6050-c1-L1-t2,ltpp-sdr39,LTPP-17,SP,41.0,23.0,18.0,89.3,5.700000000000003,592.5,2.68,1.665920152,0.17
ltpp-17-6050-c1-L2-t1,ltpp-sdr39,LTPP-17,SP,15.0,12.0,3.0,16.4,33.6,592.5,2.68,2.290640209,0.05
ltpp-17-6050-c1-L2-t2,ltpp-sdr39,LTPP-17,SP,15.0,12.0,3.0,16.4,33.6,592.5,2.68,2.322677135,0.05
ltpp-17-6050-c1-L3-t1,ltpp-sdr39,LTPP-17,SP,16.0,13.0,3.0,16.6,36.4,592.5,2.68,2.306658672,0.06
ltpp-17-6050-c1-L3-t2,ltpp-sdr39,LTPP-17,SP,16.0,13.0,3.0,16.6,36.4,592.5,2.68,2.322677135,0.05
ltpp-17-7937-c1-L1-t1,ltpp-sdr39,LTPP-17,SP,25.0,19.0,6.0,64.9,29.099999999999994,592.5,2.68,1.842123245,0.12
ltpp-17-7937-c1-L1-t2,ltpp-sdr39,LTPP-17,SP,25.0,19.0,6.0,64.9,29.099999999999994,592.5,2.68,1.906197097,0.14
ltpp-17-9327-c1-L1-t1,ltpp-sdr39,LTPP-17,SP,25.0,16.0,9.0,76.8,21.200000000000003,592.5,2.68,1.906197097,0.12
ltpp-17-9327-c1-L2-t1,ltpp-sdr39,LTPP-17,SP,15.0,14.0,1.0,12.9,45.1,592.5,2.68,2.226566357,0.06
ltpp-17-9327-c1-L2-t2,ltpp-sdr39,LTPP-17,SP,15.0,14.0,1.0,12.9,45.1,592.5,2.68,2.210547894,0.07
ltpp-18-0608-c5-L1-t2,ltpp-sdr39,LTPP-18,SP,19.0,13.0,6.0,43.9,50.1,592.5,2.71,2.0791964974000003,0.08
ltpp-18-0660-c5-L1-t2,ltpp-sdr39,LTPP-18,SP,17.0,14.0,3.0,40.8,53.2,592.5,2.709,2.0775946511,0.09
ltpp-18-0660-c5-L1-t2,ltpp-sdr39,LTPP-18,SP,17.0,14.0,3.0,40.8,53.2,592.5,2.709,2.0904094215,0.08
ltpp-18-0668-c4-L1-t2,ltpp-sdr39,LTPP-18,SP,16.0,12.0,4.0,43.2,50.8,592.5,2.705,2.1016223456,0.08
ltpp-18-0668-c4-L1-t2,ltpp-sdr39,LTPP-18,SP,16.0,12.0,4.0,43.2,50.8,592.5,2.705,2.0791964974000003,0.08
ltpp-18-1028-c1-L1-t1,ltpp-sdr39,LTPP-18,SP,35.0,20.0,15.0,93.2,5.799999999999997,592.5,2.68,1.778049393,0.14
ltpp-18-1028-c1-L1-t2,ltpp-sdr39,LTPP-18,SP,35.0,20.0,15.0,93.2,5.799999999999997,592.5,2.68,1.842123245,0.13
ltpp-18-1037-c1-L1-t1,ltpp-sdr39,LTPP-18,SP,20.0,16.0,4.0,67.6,32.400000000000006,592.5,2.68,1.938234023,0.11
ltpp-18-1037-c1-L1-t2,ltpp-sdr39,LTPP-18,SP,20.0,16.0,4.0,67.6,32.400000000000006,592.5,2.68,1.906197097,0.12
ltpp-18-2008-c2-L1-t1,ltpp-sdr39,LTPP-18,SP,31.0,19.0,12.0,78.0,18.0,592.5,2.68,1.746012467,0.18
ltpp-18-2008-c2-L1-t2,ltpp-sdr39,LTPP-18,SP,31.0,19.0,12.0,78.0,18.0,592.5,2.68,1.649901689,0.2
ltpp-18-2009-c1-L1-t1,ltpp-sdr39,LTPP-18,SP,22.0,15.0,7.0,50.2,40.8,592.5,2.68,2.034344801,0.1
ltpp-18-2009-c1-L1-t2,ltpp-sdr39,LTPP-18,SP,22.0,15.0,7.0,50.2,40.8,592.5,2.68,1.890178634,0.14
ltpp-18-3002-c1-L1-t1,ltpp-sdr39,LTPP-18,SP,30.0,16.0,14.0,62.0,32.0,592.5,2.68,1.874160171,0.12
ltpp-18-3002-c1-L1-t2,ltpp-sdr39,LTPP-18,SP,30.0,16.0,14.0,62.0,32.0,592.5,2.68,1.858141708,0.13
ltpp-18-3003-c1-L1-t1,ltpp-sdr39,LTPP-18,SP,19.0,13.0,6.0,40.8,55.2,592.5,2.68,2.002307875,0.1
ltpp-18-3003-c1-L1-t2,ltpp-sdr39,LTPP-18,SP,19.0,13.0,6.0,40.8,55.2,592.5,2.68,2.002307875,0.09
ltpp-18-3030-c1-L1-t1,ltpp-sdr39,LTPP-18,SP,27.0,16.0,11.0,64.3,29.700000000000003,592.5,2.68,1.938234023,0.12
ltpp-18-3031-c1-L1-t1,ltpp-sdr39,LTPP-18,SP,37.0,20.0,17.0,97.7,1.2999999999999972,592.5,2.68,1.713975541,0.16
ltpp-18-3031-c1-L1-t2,ltpp-sdr39,LTPP-18,SP,37.0,20.0,17.0,97.7,1.2999999999999972,592.5,2.68,1.665920152,0.17
ltpp-18-4021-c1-L1-t1,ltpp-sdr39,LTPP-18,SP,26.0,15.0,11.0,65.0,31.0,592.5,2.68,1.92221556,0.12
ltpp-18-4021-c1-L1-t2,ltpp-sdr39,LTPP-18,SP,26.0,15.0,11.0,65.0,31.0,592.5,2.68,1.890178634,0.13
ltpp-18-4042-c1-L1-t1,ltpp-sdr39,LTPP-18,SP,20.0,16.0,4.0,64.8,34.2,592.5,2.68,1.92221556,0.1
ltpp-18-4042-c1-L1-t2,ltpp-sdr39,LTPP-18,SP,20.0,16.0,4.0,64.8,34.2,592.5,2.68,1.858141708,0.12
ltpp-18-5022-c1-L1-t1,ltpp-sdr39,LTPP-18,SP,22.0,15.0,7.0,56.7,36.3,592.5,2.68,2.034344801,0.11
ltpp-18-5022-c1-L1-t2,ltpp-sdr39,LTPP-18,SP,22.0,15.0,7.0,56.7,36.3,592.5,2.68,2.098418653,0.09
ltpp-18-5043-c1-L1-t1,ltpp-sdr39,LTPP-18,SP,45.0,27.0,18.0,90.0,8.0,592.5,2.68,1.746012467,0.18
ltpp-18-5043-c1-L1-t2,ltpp-sdr39,LTPP-18,SP,45.0,27.0,18.0,90.0,8.0,592.5,2.68,1.858141708,0.16
ltpp-18-5518-c1-L2-t1,ltpp-sdr39,LTPP-18,SP,17.0,13.0,4.0,10.4,45.6,592.5,2.68,2.210547894,0.06
ltpp-18-5518-c1-L2-t2,ltpp-sdr39,LTPP-18,SP,17.0,13.0,4.0,10.4,45.6,592.5,2.68,2.24258482,0.06
ltpp-18-5528-c1-L1-t1,ltpp-sdr39,LTPP-18,SP,27.0,15.0,12.0,37.7,54.3,592.5,2.68,1.842123245,0.15
ltpp-18-5528-c1-L1-t2,ltpp-sdr39,LTPP-18,SP,27.0,15.0,12.0,37.7,54.3,592.5,2.68,1.826104782,0.13
ltpp-18-6012-c1-L1-t1,ltpp-sdr39,LTPP-18,SP,28.0,21.0,7.0,91.5,5.5,592.5,2.68,1.746012467,0.16
ltpp-18-6012-c1-L1-t2,ltpp-sdr39,LTPP-18,SP,28.0,21.0,7.0,91.5,5.5,592.5,2.68,1.778049393,0.16
ltpp-18-9020-c1-L1-t1,ltpp-sdr39,LTPP-18,SP,25.0,16.0,9.0,72.1,23.90000000000001,592.5,2.68,1.92221556,0.13
ltpp-18-9020-c1-L1-t2,ltpp-sdr39,LTPP-18,SP,25.0,16.0,9.0,72.1,23.90000000000001,592.5,2.68,1.890178634,0.13
ltpp-19-0101-c1-L2-t2,ltpp-sdr39,LTPP-19,SP,35.0,13.0,22.0,61.1,37.9,592.5,2.68,1.92221556,0.12
ltpp-19-0102-c3-L1-t1,ltpp-sdr39,LTPP-19,SP,38.0,16.0,22.0,93.3,5.700000000000003,592.5,2.705,1.778049393,0.17
ltpp-19-0102-c3-L1-t1,ltpp-sdr39,LTPP-19,SP,38.0,16.0,22.0,93.3,5.700000000000003,592.5,2.705,1.697957078,0.18
ltpp-19-0102-c3-L1-t2,ltpp-sdr39,LTPP-19,SP,38.0,16.0,22.0,93.3,5.700000000000003,592.5,2.705,1.681938615,0.18
ltpp-19-0102-c3-L2-t1,ltpp-sdr39,LTPP-19,SP,30.0,11.0,19.0,57.1,30.9,592.5,2.729,1.938234023,0.12
ltpp-19-0102-c3-L3-t1,ltpp-sdr39,LTPP-19,SP,15.0,11.0,4.0,10.2,37.8,592.5,2.723,2.258603283,0.06
ltpp-19-0103-c3-L1-t1,ltpp-sdr39,LTPP-19,SP,32.0,11.0,21.0,69.7,29.3,592.5,2.719,1.938234023,0.12
ltpp-19-0103-c3-L2-t2,ltpp-sdr39,LTPP-19,SP,31.0,12.0,19.0,63.0,34.0,592.5,2.724,1.954252486,0.1
ltpp-19-0104-c1-L2-t2,ltpp-sdr39,LTPP-19,SP,30.0,14.0,16.0,64.5,34.5,592.5,2.68,1.970270949,0.12
ltpp-19-0104-c3-L2-t2,ltpp-sdr39,LTPP-19,SP,35.0,9.0,26.0,65.2,32.8,592.5,2.735,1.906197097,0.13
ltpp-19-0105-c1-L2-t2,ltpp-sdr39,LTPP-19,SP,32.0,14.0,18.0,59.6,38.4,592.5,2.68,1.970270949,0.11
ltpp-19-0107-c1-L2-t2,ltpp-sdr39,LTPP-19,SP,33.0,14.0,19.0,52.3,45.7,592.5,2.68,1.970270949,0.12
ltpp-19-0108-c2-L1-t1,ltpp-sdr39,LTPP-19,SP,39.0,17.0,22.0,93.1,6.900000000000006,592.5,2.727,1.9077989433,0.13
ltpp-19-0108-c2-L2-t1,ltpp-sdr39,LTPP-19,SP,29.0,11.0,18.0,59.8,35.2,592.5,2.725,2.0119189528,0.1
ltpp-19-0108-c2-L3-t1,ltpp-sdr39,LTPP-19,SP,14.0,12.0,2.0,9.4,31.6,592.5,2.722,2.210547894,0.06
ltpp-19-0109-c1-L2-t2,ltpp-sdr39,LTPP-19,SP,37.0,13.0,24.0,57.3,41.7,592.5,2.68,1.874160171,0.13
ltpp-19-0109-c2-L2-t2,ltpp-sdr39,LTPP-19,SP,34.0,9.0,25.0,57.2,37.8,592.5,2.722,1.9766783342,0.11
ltpp-19-0109-c2-L3-t2,ltpp-sdr39,LTPP-19,SP,,,0.0,9.8,39.2,592.5,2.721,2.178510968,0.07
ltpp-19-0111-c1-L2-t2,ltpp-sdr39,LTPP-19,SP,34.0,13.0,21.0,60.1,37.9,592.5,2.68,1.92221556,0.12
ltpp-19-0112-c2-L1-t1,ltpp-sdr39,LTPP-19,SP,32.0,20.0,12.0,90.0,10.0,592.5,2.672,1.778049393,0.14
ltpp-19-0112-c2-L1-t2,ltpp-sdr39,LTPP-19,SP,32.0,20.0,12.0,90.0,10.0,592.5,2.672,1.76203093,0.16
ltpp-19-0112-c2-L2-t1,ltpp-sdr39,LTPP-19,SP,32.0,11.0,21.0,59.8,38.2,592.5,2.722,1.954252486,0.11
ltpp-19-0214-c1-L1-t2,ltpp-sdr39,LTPP-19,SP,34.0,15.0,19.0,64.8,33.2,592.5,2.68,1.826104782,0.14
ltpp-19-0214-c1-L2-t2,ltpp-sdr39,LTPP-19,SP,35.0,15.0,20.0,62.8,36.2,592.5,2.68,1.858141708,0.13
ltpp-19-0216-c1-L1-t2,ltpp-sdr39,LTPP-19,SP,34.0,16.0,18.0,74.6,24.40000000000001,592.5,2.68,1.778049393,0.15
ltpp-19-0216-c1-L2-t2,ltpp-sdr39,LTPP-19,SP,37.0,15.0,22.0,59.5,38.5,592.5,2.68,1.810086319,0.15
ltpp-19-0218-c1-L1-t2,ltpp-sdr39,LTPP-19,SP,43.0,17.0,26.0,68.5,29.5,592.5,2.715,1.858141708,0.14
ltpp-19-0218-c1-L1-t2,ltpp-sdr39,LTPP-19,SP,43.0,17.0,26.0,68.5,29.5,592.5,2.715,1.778049393,0.15
ltpp-19-0218-c1-L2-t2,ltpp-sdr39,LTPP-19,SP,36.0,15.0,21.0,69.2,28.8,592.5,2.706,1.810086319,0.15
ltpp-19-0218-c1-L2-t2,ltpp-sdr39,LTPP-19,SP,36.0,15.0,21.0,69.2,28.8,592.5,2.706,1.858141708,0.14
ltpp-19-0219-c1-L2-t2,ltpp-sdr39,LTPP-19,SP,35.0,18.0,17.0,56.6,41.4,592.5,2.719,1.826104782,0.15
ltpp-19-0220-c1-L1-t2,ltpp-sdr39,LTPP-19,SP,33.0,15.0,18.0,76.6,21.40000000000001,592.5,2.718,1.794067856,0.16
ltpp-19-0220-c1-L2-t2,ltpp-sdr39,LTPP-19,SP,33.0,15.0,18.0,73.4,24.599999999999994,592.5,2.733,1.858141708,0.15
ltpp-19-0220-c1-L2-t2,ltpp-sdr39,LTPP-19,SP,33.0,15.0,18.0,73.4,24.599999999999994,592.5,2.733,1.810086319,0.14
ltpp-19-0221-c1-L1-t2,ltpp-sdr39,LTPP-19,SP,32.0,12.0,20.0,65.4,32.599999999999994,592.5,2.714,1.906197097,0.13
ltpp-19-0221-c1-L2-t2,ltpp-sdr39,LTPP-19,SP,32.0,15.0,17.0,64.2,31.8,592.5,2.707,1.906197097,0.13
ltpp-19-0222-c1-L1-t2,ltpp-sdr39,LTPP-19,SP,34.0,13.0,21.0,62.9,35.1,592.5,2.68,1.858141708,0.14
ltpp-19-0222-c1-L2-t2,ltpp-sdr39,LTPP-19,SP,31.0,14.0,17.0,62.5,35.5,592.5,2.68,1.858141708,0.13
ltpp-19-0223-c1-L2-t2,ltpp-sdr39,LTPP-19,SP,34.0,15.0,19.0,63.7,33.3,592.5,2.731,1.890178634,0.13
ltpp-19-0224-c1-L1-t2,ltpp-sdr39,LTPP-19,SP,33.0,15.0,18.0,64.9,32.099999999999994,592.5,2.703,1.890178634,0.13
ltpp-19-0224-c1-L1-t2,ltpp-sdr39,LTPP-19,SP,33.0,15.0,18.0,64.9,32.099999999999994,592.5,2.703,1.842123245,0.13
ltpp-19-0224-c1-L2-t2,ltpp-sdr39,LTPP-19,SP,33.0,14.0,19.0,61.2,35.8,592.5,2.705,1.858141708,0.13
ltpp-19-0224-c1-L2-t2,ltpp-sdr39,LTPP-19,SP,33.0,14.0,19.0,61.2,35.8,592.5,2.705,1.890178634,0.13
ltpp-19-0601-c8-L2-t1,ltpp-sdr39,LTPP-19,SP,,,0.0,6.8,33.2,592.5,2.681,2.0439558788,0.1
ltpp-19-0604-c1-L1-t1,ltpp-sdr39,LTPP-19,SP,34.0,16.0,18.0,57.1,39.9,592.5,2.68,1.890178634,0.13
ltpp-19-0604-c6-L2-t2,ltpp-sdr39,LTPP-19,SP,18.0,17.0,1.0,10.5,53.5,592.5,2.793,2.3018531331,0.06
ltpp-19-0605-c1-L1-t1,ltpp-sdr39,LTPP-19,SP,26.0,16.0,10.0,48.0,48.0,592.5,2.68,1.938234023,0.12
ltpp-19-0606-c1-L1-t1,ltpp-sdr39,LTPP-19,SP,28.0,15.0,13.0,50.9,46.1,592.5,2.68,1.890178634,0.12
ltpp-19-0608-c5-L2-t2,ltpp-sdr39,LTPP-19,SP,18.0,15.0,3.0,10.3,51.7,592.5,2.798,2.2826309775,0.06
ltpp-19-0702-c2-L1-t1,ltpp-sdr39,LTPP-19,SP,26.0,13.0,13.0,46.9,50.1,592.5,2.68,1.970270949,0.12
ltpp-19-0702-c2-L2-t1,ltpp-sdr39,LTPP-19,SP,26.0,13.0,13.0,44.4,53.6,592.5,2.68,1.954252486,0.11
ltpp-19-0705-c2-L2-t1,ltpp-sdr39,LTPP-19,SP,27.0,13.0,14.0,39.6,58.4,592.5,2.68,1.938234023,0.12
ltpp-19-0707-c2-L1-t1,ltpp-sdr39,LTPP-19,SP,39.0,21.0,18.0,54.3,45.7,592.5,2.68,1.681938615,0.13
ltpp-19-0707-c2-L2-t1,ltpp-sdr39,LTPP-19,SP,32.0,13.0,19.0,45.0,53.0,592.5,2.68,1.890178634,0.11
ltpp-19-1044-c1-L1-t1,ltpp-sdr39,LTPP-19,SP,30.0,15.0,15.0,65.0,33.0,592.5,2.68,1.906197097,0.12
ltpp-19-1044-c1-L1-t2,ltpp-sdr39,LTPP-19,SP,30.0,15.0,15.0,65.0,33.0,592.5,2.68,1.890178634,0.13
ltpp-19-3006-c1-L1-t1,ltpp-sdr39,LTPP-19,SP,30.0,15.0,15.0,62.3,35.7,592.5,2.68,1.954252486,0.1
ltpp-19-3006-c1-L1-t2,ltpp-sdr39,LTPP-19,SP,30.0,15.0,15.0,62.3,35.7,592.5,2.68,1.906197097,0.11
ltpp-19-3009-c1-L2-t1,ltpp-sdr39,LTPP-19,SP,27.0,13.0,14.0,41.9,56.1,592.5,2.68,2.066381727,0.07
ltpp-19-3009-c1-L2-t2,ltpp-sdr39,LTPP-19,SP,27.0,13.0,14.0,41.9,56.1,592.5,2.68,1.954252486,0.09
ltpp-19-3028-c1-L1-t1,ltpp-sdr39,LTPP-19,SP,29.0,14.0,15.0,58.0,39.0,592.5,2.68,1.874160171,0.12
ltpp-19-3033-c1-L1-t1,ltpp-sdr39,LTPP-19,SP,30.0,14.0,16.0,57.7,40.3,592.5,2.68,1.890178634,0.13
ltpp-19-3055-c1-L2-t1,ltpp-sdr39,LTPP-19,SP,16.0,14.0,2.0,16.0,60.0,592.5,2.68,2.24258482,0.06
ltpp-19-3055-c1-L2-t2,ltpp-sdr39,LTPP-19,SP,16.0,14.0,2.0,16.0,60.0,592.5,2.68,2.210547894,0.07
ltpp-19-5042-c2-L1-t1,ltpp-sdr39,LTPP-19,SP,22.0,16.0,6.0,43.5,49.5,592.5,2.68,2.018326338,0.09
ltpp-19-5042-c2-L1-t2,ltpp-sdr39,LTPP-19,SP,22.0,16.0,6.0,43.5,49.5,592.5,2.68,1.938234023,0.12
ltpp-19-5046-c2-L1-t1,ltpp-sdr39,LTPP-19,SP,17.0,14.0,3.0,31.5,58.5,592.5,2.68,2.098418653,0.08
ltpp-19-5046-c2-L1-t2,ltpp-sdr39,LTPP-19,SP,17.0,14.0,3.0,31.5,58.5,592.5,2.68,2.08240019,0.08
ltpp-19-6049-c1-L1-t1,ltpp-sdr39,LTPP-19,SP,36.0,17.0,19.0,57.4,41.6,592.5,2.68,1.842123245,0.13
ltpp-19-6049-c1-L1-t2,ltpp-sdr39,LTPP-19,SP,36.0,17.0,19.0,57.4,41.6,592.5,2.68,1.874160171,0.12
ltpp-19-6150-c1-L1-t1,ltpp-sdr39,LTPP-19,SP,38.0,21.0,17.0,63.2,34.8,592.5,2.68,1.76203093,0.16
ltpp-19-6150-c1-L1-t2,ltpp-sdr39,LTPP-19,SP,38.0,21.0,17.0,63.2,34.8,592.5,2.68,1.794067856,0.14
ltpp-19-9126-c2-L1-t1,ltpp-sdr39,LTPP-19,SP,26.0,22.0,4.0,98.2,1.7999999999999972,592.5,2.68,1.826104782,0.14
ltpp-19-9126-c2-L1-t2,ltpp-sdr39,LTPP-19,SP,26.0,22.0,4.0,98.2,1.7999999999999972,592.5,2.68,1.778049393,0.15
ltpp-19-9126-c2-L2-t1,ltpp-sdr39,LTPP-19,SP,24.0,15.0,9.0,56.2,38.8,592.5,2.68,2.066381727,0.1
ltpp-19-9126-c2-L2-t2,ltpp-sdr39,LTPP-19,SP,24.0,15.0,9.0,56.2,38.8,592.5,2.68,2.034344801,0.11
ltpp-20-0101-c1-L4-t2,ltpp-sdr39,LTPP-20,SP,17.0,15.0,2.0,9.5,36.5,592.5,2.68,2.24258482,0.06
ltpp-20-0102-c1-L4-t2,ltpp-sdr39,LTPP-20,SP,16.0,14.0,2.0,8.8,35.2,592.5,2.68,2.274621746,0.06
ltpp-20-0103-c2-L1-t2,ltpp-sdr39,LTPP-20,SP,25.0,15.0,10.0,43.2,56.8,592.5,2.666,1.874160171,0.13
ltpp-20-0103-c2-L2-t2,ltpp-sdr39,LTPP-20,SP,,,0.0,27.8,72.2,592.5,2.657,1.954252486,0.12
ltpp-20-0105-c1-L4-t2,ltpp-sdr39,LTPP-20,SP,16.0,14.0,2.0,6.4,21.6,592.5,2.68,2.258603283,0.06
ltpp-20-0105-c6-L2-t1,ltpp-sdr39,LTPP-20,SP,25.0,15.0,10.0,38.0,62.0,592.5,2.681,1.9126044822,0.11
ltpp-20-0106-c3-L1-t1,ltpp-sdr39,LTPP-20,SP,20.0,17.0,3.0,24.8,75.2,592.5,2.669,1.9206137137,0.11
ltpp-20-0106-c3-L1-t1,ltpp-sdr39,LTPP-20,SP,20.0,17.0,3.0,24.8,75.2,592.5,2.669,1.890178634,0.13
ltpp-20-0106-c3-L1-t2,ltpp-sdr39,LTPP-20,SP,20.0,17.0,3.0,24.8,75.2,592.5,2.669,1.9366321767,0.11
ltpp-20-0108-c1-L3-t2,ltpp-sdr39,LTPP-20,SP,16.0,14.0,2.0,8.8,27.2,592.5,2.68,2.306658672,0.05
ltpp-20-0109-c3-L2-t2,ltpp-sdr39,LTPP-20,SP,21.0,18.0,3.0,24.3,75.7,592.5,2.663,1.9366321767,0.11
ltpp-20-0109-c3-L3-t1,ltpp-sdr39,LTPP-20,SP,21.0,18.0,3.0,22.0,74.0,592.5,2.668,2.0519651103,0.1
ltpp-20-0109-c3-L4-t1,ltpp-sdr39,LTPP-20,SP,,,0.0,12.7,31.3,592.5,2.688,2.2089460477,0.06
ltpp-20-0109-c3-L4-t2,ltpp-sdr39,LTPP-20,SP,,,0.0,12.7,31.3,592.5,2.688,2.226566357,0.06
ltpp-20-0110-c3-L2-t1,ltpp-sdr39,LTPP-20,SP,22.0,17.0,5.0,28.8,71.2,592.5,2.666,1.794067856,0.1
ltpp-20-0110-c3-L2-t1,ltpp-sdr39,LTPP-20,SP,22.0,17.0,5.0,28.8,71.2,592.5,2.666,1.9286229452,0.11
ltpp-20-0159-c2-L1-t1,ltpp-sdr39,LTPP-20,SP,32.0,14.0,18.0,57.3,42.7,592.5,2.676,1.7556235448,0.16
ltpp-20-0159-c2-L1-t2,ltpp-sdr39,LTPP-20,SP,32.0,14.0,18.0,57.3,42.7,592.5,2.676,1.697957078,0.16
ltpp-20-0159-c2-L2-t2,ltpp-sdr39,LTPP-20,SP,,,0.0,35.2,63.8,592.5,2.66,1.8389195524,0.16
ltpp-20-0159-c2-L2-t2,ltpp-sdr39,LTPP-20,SP,,,0.0,35.2,63.8,592.5,2.66,1.7876604708,0.17
ltpp-20-0201-c1-L1-t2,ltpp-sdr39,LTPP-20,SP,47.0,16.0,31.0,92.1,7.900000000000006,592.5,2.68,1.633883226,0.19
ltpp-20-0201-c1-L1-t7,ltpp-sdr39,LTPP-20,SP,47.0,16.0,31.0,92.1,7.900000000000006,592.5,2.68,1.633883226,0.2
ltpp-20-0201-c1-L3-t2,ltpp-sdr39,LTPP-20,SP,19.0,16.0,3.0,9.7,32.3,592.5,2.68,2.08240019,0.08
ltpp-20-0201-c1-L3-t7,ltpp-sdr39,LTPP-20,SP,19.0,16.0,3.0,9.7,32.3,592.5,2.68,2.066381727,0.09
ltpp-20-0202-c1-L3-t2,ltpp-sdr39,LTPP-20,SP,18.0,16.0,2.0,12.7,36.3,592.5,2.68,2.098418653,0.07
ltpp-20-0202-c1-L3-t7,ltpp-sdr39,LTPP-20,SP,18.0,16.0,2.0,12.7,36.3,592.5,2.68,2.050363264,0.09
ltpp-20-0203-c1-L1-t2,ltpp-sdr39,LTPP-20,SP,42.0,15.0,27.0,62.5,34.5,592.5,2.68,1.810086319,0.13
ltpp-20-0203-c1-L1-t7,ltpp-sdr39,LTPP-20,SP,42.0,15.0,27.0,62.5,34.5,592.5,2.68,1.826104782,0.14
ltpp-20-0204-c1-L3-t1,ltpp-sdr39,LTPP-20,SP,19.0,16.0,3.0,11.0,25.0,592.5,2.68,2.114437116,0.08
ltpp-20-0204-c1-L3-t6,ltpp-sdr39,LTPP-20,SP,19.0,16.0,3.0,11.0,25.0,592.5,2.68,2.08240019,0.08
ltpp-20-0206-c1-L1-t2,ltpp-sdr39,LTPP-20,SP,47.0,18.0,29.0,86.9,12.099999999999994,592.5,2.68,1.633883226,0.19
ltpp-20-0206-c1-L1-t7,ltpp-sdr39,LTPP-20,SP,47.0,18.0,29.0,86.9,12.099999999999994,592.5,2.68,1.649901689,0.19
ltpp-20-0207-c1-L1-t2,ltpp-sdr39,LTPP-20,SP,40.0,14.0,26.0,78.1,21.90000000000001,592.5,2.68,1.778049393,0.16
ltpp-20-0207-c1-L1-t7,ltpp-sdr39,LTPP-20,SP,40.0,14.0,26.0,78.1,21.90000000000001,592.5,2.68,1.76203093,0.16
ltpp-20-0209-c2-L1-t1,ltpp-sdr39,LTPP-20,SP,48.0,15.0,33.0,90.1,9.900000000000006,592.5,2.69,1.7235866188,0.18
ltpp-20-0209-c2-L2-t1,ltpp-sdr39,LTPP-20,SP,36.0,19.0,17.0,64.0,23.0,592.5,2.681,1.9318266378,0.13
ltpp-20-0209-c2-L3-t1,ltpp-sdr39,LTPP-20,SP,23.0,16.0,7.0,9.3,35.7,592.5,2.633,2.1048260382,0.08
ltpp-20-0210-c1-L1-t2,ltpp-sdr39,LTPP-20,SP,35.0,14.0,21.0,77.6,13.400000000000006,592.5,2.68,1.826104782,0.13
ltpp-20-0210-c1-L1-t7,ltpp-sdr39,LTPP-20,SP,35.0,14.0,21.0,77.6,13.400000000000006,592.5,2.68,1.778049393,0.15
ltpp-20-0211-c1-L1-t2,ltpp-sdr39,LTPP-20,SP,37.0,16.0,21.0,93.2,6.799999999999997,592.5,2.68,1.76203093,0.17
ltpp-20-0211-c1-L1-t7,ltpp-sdr39,LTPP-20,SP,37.0,16.0,21.0,93.2,6.799999999999997,592.5,2.68,1.746012467,0.17
ltpp-20-0211-c2-L2-t1,ltpp-sdr39,LTPP-20,SP,45.0,16.0,29.0,75.7,20.3,592.5,2.691,1.842123245,0.14
ltpp-20-0212-c1-L1-t2,ltpp-sdr39,LTPP-20,SP,56.0,42.0,14.0,93.5,6.5,592.5,2.68,1.6018463,0.2
ltpp-20-0212-c1-L1-t7,ltpp-sdr39,LTPP-20,SP,56.0,42.0,14.0,93.5,6.5,592.5,2.68,1.569809374,0.22
ltpp-20-0212-c2-L1-t1,ltpp-sdr39,LTPP-20,SP,50.0,14.0,36.0,92.1,6.900000000000006,592.5,2.717,1.6691238446,0.19
ltpp-20-0212-c2-L2-t1,ltpp-sdr39,LTPP-20,SP,38.0,15.0,23.0,72.8,24.200000000000003,592.5,2.694,1.906197097,0.13
ltpp-20-0212-c2-L3-t1,ltpp-sdr39,LTPP-20,SP,24.0,16.0,8.0,13.9,28.1,592.5,2.623,2.050363264,0.08
ltpp-20-0259-c1-L1-t2,ltpp-sdr39,LTPP-20,SP,37.0,14.0,23.0,76.9,21.099999999999994,592.5,2.68,1.778049393,0.15
ltpp-20-0259-c1-L1-t7,ltpp-sdr39,LTPP-20,SP,37.0,14.0,23.0,76.9,21.099999999999994,592.5,2.68,1.76203093,0.17
ltpp-20-1005-c1-L1-t1,ltpp-sdr39,LTPP-20,SP,46.0,19.0,27.0,84.7,14.299999999999995,592.5,2.68,1.665920152,0.18
ltpp-20-1005-c1-L1-t2,ltpp-sdr39,LTPP-20,SP,46.0,19.0,27.0,84.7,14.299999999999995,592.5,2.68,1.649901689,0.19
ltpp-20-1006-c1-L1-t1,ltpp-sdr39,LTPP-20,SP,24.0,20.0,4.0,61.9,30.1,592.5,2.68,1.906197097,0.13
ltpp-20-1006-c1-L1-t2,ltpp-sdr39,LTPP-20,SP,24.0,20.0,4.0,61.9,30.1,592.5,2.68,1.842123245,0.15
ltpp-20-1009-c1-L1-t1,ltpp-sdr39,LTPP-20,SP,21.0,18.0,3.0,31.7,68.3,592.5,2.68,1.92221556,0.12
ltpp-20-1009-c1-L1-t2,ltpp-sdr39,LTPP-20,SP,21.0,18.0,3.0,31.7,68.3,592.5,2.68,1.906197097,0.12
ltpp-20-1010-c1-L1-t1,ltpp-sdr39,LTPP-20,SP,31.0,18.0,13.0,72.6,27.40000000000001,592.5,2.68,1.76203093,0.15
ltpp-20-1010-c1-L1-t2,ltpp-sdr39,LTPP-20,SP,31.0,18.0,13.0,72.6,27.40000000000001,592.5,2.68,1.906197097,0.12
ltpp-20-3013-c1-L1-t1,ltpp-sdr39,LTPP-20,SP,48.0,23.0,25.0,91.4,7.599999999999994,592.5,2.68,1.6018463,0.22
ltpp-20-3015-c1-L1-t1,ltpp-sdr39,LTPP-20,SP,33.0,22.0,11.0,93.3,6.700000000000003,592.5,2.68,1.665920152,0.2
ltpp-20-3015-c1-L1-t2,ltpp-sdr39,LTPP-20,SP,33.0,22.0,11.0,93.3,6.700000000000003,592.5,2.68,1.617864763,0.21
ltpp-20-3060-c1-L1-t1,ltpp-sdr39,LTPP-20,SP,31.0,20.0,11.0,84.3,15.700000000000005,592.5,2.68,1.76203093,0.15
ltpp-20-4016-c1-L1-t1,ltpp-sdr39,LTPP-20,SP,40.0,20.0,20.0,82.8,14.200000000000005,592.5,2.68,1.713975541,0.18
ltpp-20-4016-c1-L2-t1,ltpp-sdr39,LTPP-20,SP,23.0,17.0,6.0,21.5,43.5,592.5,2.68,2.178510968,0.08
ltpp-20-4016-c1-L2-t2,ltpp-sdr39,LTPP-20,SP,23.0,17.0,6.0,21.5,43.5,592.5,2.68,2.194529431,0.07
ltpp-20-4052-c1-L1-t1,ltpp-sdr39,LTPP-20,SP,21.0,16.0,5.0,45.3,54.7,592.5,2.68,1.938234023,0.11
ltpp-20-4053-c1-L1-t1,ltpp-sdr39,LTPP-20,SP,28.0,20.0,8.0,55.1,22.9,592.5,2.68,1.858141708,0.14
ltpp-20-4054-c1-L1-t1,ltpp-sdr39,LTPP-20,SP,39.0,20.0,19.0,87.2,9.799999999999995,592.5,2.68,1.649901689,0.2
ltpp-20-4063-c1-L1-t1,ltpp-sdr39,LTPP-20,SP,32.0,20.0,12.0,83.9,16.099999999999994,592.5,2.68,1.778049393,0.16
ltpp-20-4063-c1-L1-t2,ltpp-sdr39,LTPP-20,SP,32.0,20.0,12.0,83.9,16.099999999999994,592.5,2.68,1.906197097,0.12
ltpp-20-4067-c1-L1-t1,ltpp-sdr39,LTPP-20,SP,45.0,19.0,26.0,69.7,29.3,592.5,2.68,1.713975541,0.19
ltpp-20-4067-c1-L1-t2,ltpp-sdr39,LTPP-20,SP,45.0,19.0,26.0,69.7,29.3,592.5,2.68,1.537772448,0.23
ltpp-20-6026-c1-L1-t1,ltpp-sdr39,LTPP-20,SP,28.0,16.0,12.0,58.2,41.8,592.5,2.68,1.874160171,0.12
ltpp-20-6026-c1-L1-t2,ltpp-sdr39,LTPP-20,SP,28.0,16.0,12.0,58.2,41.8,592.5,2.68,1.890178634,0.12
ltpp-20-7085-c1-L1-t1,ltpp-sdr39,LTPP-20,SP,44.0,19.0,25.0,88.2,10.799999999999995,592.5,2.68,1.649901689,0.18
ltpp-20-7085-c1-L1-t2,ltpp-sdr39,LTPP-20,SP,44.0,19.0,25.0,88.2,10.799999999999995,592.5,2.68,1.6018463,0.2
ltpp-20-7085-c1-L2-t2,ltpp-sdr39,LTPP-20,SP,24.0,14.0,10.0,16.6,72.4,592.5,2.68,2.162492505,0.06
ltpp-20-9037-c1-L1-t1,ltpp-sdr39,LTPP-20,SP,32.0,19.0,13.0,73.9,25.099999999999994,592.5,2.68,1.858141708,0.13
ltpp-20-9037-c1-L1-t2,ltpp-sdr39,LTPP-20,SP,32.0,19.0,13.0,73.9,25.099999999999994,592.5,2.68,1.826104782,0.14
ltpp-20-9037-c1-L2-t1,ltpp-sdr39,LTPP-20,SP,24.0,16.0,8.0,14.6,79.4,592.5,2.68,2.210547894,0.05
ltpp-20-9037-c1-L2-t2,ltpp-sdr39,LTPP-20,SP,24.0,16.0,8.0,14.6,79.4,592.5,2.68,2.210547894,0.06
ltpp-21-1010-c2-L1-t1,ltpp-sdr39,LTPP-21,SP,36.0,25.0,11.0,79.4,7.599999999999994,592.5,2.68,1.938234023,0.12
ltpp-21-1010-c2-L1-t2,ltpp-sdr39,LTPP-21,SP,36.0,25.0,11.0,79.4,7.599999999999994,592.5,2.68,1.970270949,0.11
ltpp-21-1034-c1-L1-t1,ltpp-sdr39,LTPP-21,SP,45.0,24.0,21.0,83.8,11.200000000000005,592.5,2.68,1.585827837,0.21
ltpp-21-1034-c1-L1-t2,ltpp-sdr39,LTPP-21,SP,45.0,24.0,21.0,83.8,11.200000000000005,592.5,2.68,1.649901689,0.17
ltpp-21-3016-c1-L1-t1,ltpp-sdr39,LTPP-21,SP,36.0,22.0,14.0,51.8,17.200000000000003,592.5,2.68,1.810086319,0.14
ltpp-21-4025-c1-L1-t1,ltpp-sdr39,LTPP-21,SP,45.0,22.0,23.0,77.2,18.8,592.5,2.68,1.633883226,0.22
ltpp-21-4025-c1-L1-t2,ltpp-sdr39,LTPP-21,SP,45.0,22.0,23.0,77.2,18.8,592.5,2.68,1.553790911,0.25
ltpp-21-6040-c1-L1-t1,ltpp-sdr39,LTPP-21,SP,53.0,25.0,28.0,86.8,11.200000000000005,592.5,2.68,1.537772448,0.22
ltpp-21-6040-c1-L1-t2,ltpp-sdr39,LTPP-21,SP,53.0,25.0,28.0,86.8,11.200000000000005,592.5,2.68,1.617864763,0.21
ltpp-21-6043-c2-L1-t1,ltpp-sdr39,LTPP-21,SP,20.0,17.0,3.0,17.8,51.2,592.5,2.68,2.08240019,0.09
ltpp-22-0113-c1-L1-t2,ltpp-sdr39,LTPP-22,SP,37.0,18.0,19.0,92.1,6.900000000000006,592.5,2.68,1.729994004,0.15
ltpp-22-0113-c1-L2-t2,ltpp-sdr39,LTPP-22,SP,25.0,20.0,5.0,84.5,13.5,592.5,2.681,1.858141708,0.12
ltpp-22-0113-c1-L3-t1,ltpp-sdr39,LTPP-22,SP,,,0.0,21.8,45.2,592.5,2.68,2.034344801,0.08
ltpp-22-0117-c1-L1-t2,ltpp-sdr39,LTPP-22,SP,30.0,17.0,13.0,95.7,4.299999999999997,592.5,2.68,1.810086319,0.13
ltpp-22-0117-c1-L2-t2,ltpp-sdr39,LTPP-22,SP,23.0,18.0,5.0,90.7,8.299999999999997,592.5,2.68,1.858141708,0.12
ltpp-22-0118-c1-L1-t2,ltpp-sdr39,LTPP-22,SP,44.0,18.0,26.0,96.5,3.5,592.5,2.68,1.746012467,0.15
ltpp-22-0118-c1-L2-t2,ltpp-sdr39,LTPP-22,SP,23.0,19.0,4.0,91.3,7.700000000000003,592.5,2.68,1.858141708,0.11
ltpp-22-0119-c1-L2-t2,ltpp-sdr39,LTPP-22,SP,25.0,19.0,6.0,87.3,12.700000000000005,592.5,2.68,1.906197097,0.11
ltpp-22-0119-c1-L2-t2,ltpp-sdr39,LTPP-22,SP,25.0,19.0,6.0,87.3,12.700000000000005,592.5,2.68,1.826104782,0.11
ltpp-22-0120-c1-L3-t1,ltpp-sdr39,LTPP-22,SP,,,0.0,13.8,36.2,592.5,2.68,2.098418653,0.08
ltpp-22-0121-c1-L3-t1,ltpp-sdr39,LTPP-22,SP,18.0,15.0,3.0,18.5,39.5,592.5,2.615,2.050363264,0.08
ltpp-22-0124-c1-L1-t2,ltpp-sdr39,LTPP-22,SP,44.0,22.0,22.0,93.3,5.700000000000003,592.5,2.68,1.794067856,0.14
ltpp-22-0702-c2-L1-t2,ltpp-sdr39,LTPP-22,SP,47.0,17.0,30.0,99.0,1.0,592.5,2.68,1.746012467,0.14
ltpp-22-0705-c1-L1-t2,ltpp-sdr39,LTPP-22,SP,59.0,18.0,41.0,98.0,2.0,592.5,2.68,1.649901689,0.18
ltpp-22-0705-c1-L1-t2,ltpp-sdr39,LTPP-22,SP,59.0,18.0,41.0,98.0,2.0,592.5,2.68,1.617864763,0.2
ltpp-22-0705-c1-L1-t2,ltpp-sdr39,LTPP-22,SP,59.0,18.0,41.0,98.0,2.0,592.5,2.68,1.617864763,0.19
ltpp-22-0708-c1-L1-t2,ltpp-sdr39,LTPP-22,SP,52.0,28.0,24.0,92.0,8.0,592.5,2.68,1.746012467,0.16
ltpp-22-4001-c1-L1-t1,ltpp-sdr39,LTPP-22,SP,22.0,14.0,8.0,58.6,41.4,592.5,2.676,2.066381727,0.09
ltpp-22-4001-c1-L1-t2,ltpp-sdr39,LTPP-22,SP,22.0,14.0,8.0,58.6,41.4,592.5,2.676,2.098418653,0.08
ltpp-23-0503-c3-L3-t2,ltpp-sdr39,LTPP-23,SP,,,0.0,6.6,51.4,592.5,2.716,2.1753072754,0.06
ltpp-23-0504-c3-L1-t2,ltpp-sdr39,LTPP-23,SP,,,0.0,8.0,49.0,592.5,2.733,2.098418653,0.06
ltpp-23-0504-c3-L2-t1,ltpp-sdr39,LTPP-23,SP,,,0.0,7.9,44.1,592.5,2.722,2.1865201995,0.06
ltpp-23-0504-c3-L3-t1,ltpp-sdr39,LTPP-23,SP,,,0.0,7.2,44.8,592.5,2.729,2.1865201995,0.07
ltpp-23-0507-c3-L1-t2,ltpp-sdr39,LTPP-23,SP,,,0.0,7.2,66.8,592.5,2.735,2.1192426549000003,0.07
ltpp-24-0505-c3-L1-t2,ltpp-sdr39,LTPP-24,SP,42.0,37.0,5.0,71.9,27.099999999999994,592.5,2.781,1.5666056814,0.2
ltpp-24-0505-c3-L2-t2,ltpp-sdr39,LTPP-24,SP,,,0.0,46.7,49.3,592.5,2.751,1.5634019888,0.22
ltpp-24-0505-c3-L3-t2,ltpp-sdr39,LTPP-24,SP,16.0,14.0,2.0,9.1,40.9,592.5,2.734,2.2826309775,0.06
ltpp-24-0507-c2-L1-t1,ltpp-sdr39,LTPP-24,SP,33.0,30.0,3.0,73.7,25.3,592.5,2.774,1.6434943037999998,0.18
ltpp-24-0507-c2-L2-t1,ltpp-sdr39,LTPP-24,SP,,,0.0,53.3,44.7,592.5,2.752,1.5810222981000002,0.22
ltpp-24-0507-c2-L3-t1,ltpp-sdr39,LTPP-24,SP,,,0.0,11.4,45.6,592.5,2.729,2.24258482,0.06
ltpp-24-0509-c5-L1-t2,ltpp-sdr39,LTPP-24,SP,32.0,31.0,1.0,47.8,47.2,592.5,2.756,1.7380032355,0.15
ltpp-24-0509-c5-L2-t2,ltpp-sdr39,LTPP-24,SP,,,0.0,39.8,55.2,592.5,2.716,1.6274758408,0.19
ltpp-24-0509-c5-L3-t2,ltpp-sdr39,LTPP-24,SP,16.0,15.0,1.0,11.5,44.5,592.5,2.731,2.2682143608,0.06
ltpp-24-2401-c1-L1-t1,ltpp-sdr39,LTPP-24,SP,40.0,35.0,5.0,95.9,3.0999999999999943,592.5,2.647,1.649901689,0.18
ltpp-24-2401-c1-L1-t2,ltpp-sdr39,LTPP-24,SP,40.0,35.0,5.0,95.9,3.0999999999999943,592.5,2.647,1.473698596,0.24
ltpp-26-0114-c1-L1-t1,ltpp-sdr39,LTPP-26,SP,22.0,13.0,9.0,67.1,29.90000000000001,592.5,2.68,2.050363264,0.1
ltpp-26-0115-c1-L1-t2,ltpp-sdr39,LTPP-26,SP,22.0,13.0,9.0,57.5,37.5,592.5,2.68,2.018326338,0.1
ltpp-26-0117-c3-L2-t2,ltpp-sdr39,LTPP-26,SP,17.0,14.0,3.0,8.7,26.3,592.5,2.668,2.290640209,0.06
ltpp-26-0118-c1-L1-t1,ltpp-sdr39,LTPP-26,SP,28.0,16.0,12.0,67.7,29.3,592.5,2.68,1.92221556,0.13
ltpp-26-0119-c1-L1-t2,ltpp-sdr39,LTPP-26,SP,29.0,17.0,12.0,66.6,30.40000000000001,592.5,2.68,1.970270949,0.11
ltpp-26-0120-c1-L1-t2,ltpp-sdr39,LTPP-26,SP,23.0,14.0,9.0,67.7,29.3,592.5,2.68,2.002307875,0.11
ltpp-26-0122-c1-L1-t1,ltpp-sdr39,LTPP-26,SP,25.0,14.0,11.0,64.9,31.099999999999994,592.5,2.68,1.986289412,0.1
ltpp-26-0123-c1-L1-t1,ltpp-sdr39,LTPP-26,SP,24.0,14.0,10.0,61.2,33.8,592.5,2.68,2.002307875,0.11
ltpp-26-0213-c1-L1-t2,ltpp-sdr39,LTPP-26,SP,29.0,14.0,15.0,64.0,29.0,592.5,2.68,1.858141708,0.13
ltpp-26-0213-c1-L1-t7,ltpp-sdr39,LTPP-26,SP,29.0,14.0,15.0,64.0,29.0,592.5,2.68,1.890178634,0.13
ltpp-26-0213-c1-L2-t2,ltpp-sdr39,LTPP-26,SP,26.0,15.0,11.0,71.0,25.0,592.5,2.68,1.938234023,0.12
ltpp-26-0213-c1-L2-t7,ltpp-sdr39,LTPP-26,SP,26.0,15.0,11.0,71.0,25.0,592.5,2.68,1.954252486,0.12
ltpp-26-0215-c1-L1-t2,ltpp-sdr39,LTPP-26,SP,25.0,15.0,10.0,64.7,33.3,592.5,2.68,1.954252486,0.11
ltpp-26-0215-c1-L1-t2,ltpp-sdr39,LTPP-26,SP,25.0,15.0,10.0,64.7,33.3,592.5,2.68,1.954252486,0.12
ltpp-26-0215-c1-L2-t2,ltpp-sdr39,LTPP-26,SP,23.0,14.0,9.0,69.8,22.200000000000003,592.5,2.68,2.034344801,0.11
ltpp-26-0215-c1-L2-t2,ltpp-sdr39,LTPP-26,SP,23.0,14.0,9.0,69.8,22.200000000000003,592.5,2.68,2.002307875,0.11
ltpp-26-0218-c1-L1-t2,ltpp-sdr39,LTPP-26,SP,24.0,14.0,10.0,64.9,33.099999999999994,592.5,2.68,2.002307875,0.11
ltpp-26-0218-c1-L1-t7,ltpp-sdr39,LTPP-26,SP,24.0,14.0,10.0,64.9,33.099999999999994,592.5,2.68,1.986289412,0.11
ltpp-26-0218-c1-L2-t2,ltpp-sdr39,LTPP-26,SP,26.0,15.0,11.0,69.3,23.700000000000003,592.5,2.68,1.938234023,0.14
ltpp-26-0218-c1-L2-t7,ltpp-sdr39,LTPP-26,SP,26.0,15.0,11.0,69.3,23.700000000000003,592.5,2.68,1.970270949,0.12
ltpp-26-0219-c1-L1-t1,ltpp-sdr39,LTPP-26,SP,24.0,13.0,11.0,65.0,31.0,592.5,2.68,2.002307875,0.11
ltpp-26-0219-c1-L1-t2,ltpp-sdr39,LTPP-26,SP,24.0,13.0,11.0,65.0,31.0,592.5,2.68,1.986289412,0.11
ltpp-26-0219-c1-L2-t2,ltpp-sdr39,LTPP-26,SP,25.0,13.0,12.0,70.0,20.0,592.5,2.68,1.842123245,0.11
ltpp-26-0219-c1-L2-t7,ltpp-sdr39,LTPP-26,SP,25.0,13.0,12.0,70.0,20.0,592.5,2.68,1.970270949,0.12
ltpp-26-0220-c1-L1-t6,ltpp-sdr39,LTPP-26,SP,27.0,14.0,13.0,63.4,35.6,592.5,2.68,1.938234023,0.13
ltpp-26-0220-c1-L2-t1,ltpp-sdr39,LTPP-26,SP,24.0,12.0,12.0,67.4,24.599999999999994,592.5,2.68,1.986289412,0.12
ltpp-26-0220-c1-L2-t6,ltpp-sdr39,LTPP-26,SP,24.0,12.0,12.0,67.4,24.599999999999994,592.5,2.68,1.986289412,0.11
ltpp-26-0222-c1-L1-t2,ltpp-sdr39,LTPP-26,SP,18.0,14.0,4.0,72.7,26.3,592.5,2.68,1.970270949,0.13
ltpp-26-0222-c1-L1-t7,ltpp-sdr39,LTPP-26,SP,18.0,14.0,4.0,72.7,26.3,592.5,2.68,1.970270949,0.11
ltpp-26-0222-c1-L2-t2,ltpp-sdr39,LTPP-26,SP,25.0,13.0,12.0,73.1,23.90000000000001,592.5,2.68,2.002307875,0.11
ltpp-26-0222-c1-L2-t7,ltpp-sdr39,LTPP-26,SP,25.0,13.0,12.0,73.1,23.90000000000001,592.5,2.68,2.018326338,0.11
ltpp-26-0223-c2-L1-t2,ltpp-sdr39,LTPP-26,SP,38.0,19.0,19.0,63.8,32.2,592.5,2.735,1.826104782,0.15
ltpp-26-0223-c2-L3-t2,ltpp-sdr39,LTPP-26,SP,20.0,16.0,4.0,15.2,27.8,592.5,2.8,2.2826309775,0.06
ltpp-26-0224-c1-L1-t2,ltpp-sdr39,LTPP-26,SP,29.0,13.0,16.0,68.9,29.099999999999994,592.5,2.68,1.890178634,0.13
ltpp-26-0224-c1-L1-t7,ltpp-sdr39,LTPP-26,SP,29.0,13.0,16.0,68.9,29.099999999999994,592.5,2.68,1.906197097,0.12
ltpp-26-0224-c1-L2-t2,ltpp-sdr39,LTPP-26,SP,23.0,14.0,9.0,68.2,26.8,592.5,2.68,1.986289412,0.11
ltpp-26-0224-c1-L2-t7,ltpp-sdr39,LTPP-26,SP,23.0,14.0,9.0,68.2,26.8,592.5,2.68,1.938234023,0.13
ltpp-26-0224-c2-L1-t2,ltpp-sdr39,LTPP-26,SP,27.0,14.0,13.0,63.2,33.8,592.5,2.738,1.954252486,0.12
ltpp-26-0224-c2-L3-t2,ltpp-sdr39,LTPP-26,SP,22.0,17.0,5.0,15.4,25.6,592.5,2.801,2.2489922052,0.06
ltpp-26-0259-c1-L1-t2,ltpp-sdr39,LTPP-26,SP,25.0,12.0,13.0,69.3,27.700000000000003,592.5,2.68,2.002307875,0.12
ltpp-26-0259-c1-L1-t7,ltpp-sdr39,LTPP-26,SP,25.0,12.0,13.0,69.3,27.700000000000003,592.5,2.68,1.970270949,0.12
ltpp-26-0601-c1-L1-t2,ltpp-sdr39,LTPP-26,SP,22.0,14.0,8.0,56.8,40.2,592.5,2.68,1.954252486,0.12
ltpp-26-1010-c1-L1-t1,ltpp-sdr39,LTPP-26,SP,18.0,13.0,5.0,51.0,45.0,592.5,2.68,2.034344801,0.09
ltpp-26-1010-c1-L1-t2,ltpp-sdr39,LTPP-26,SP,18.0,13.0,5.0,51.0,45.0,592.5,2.68,1.986289412,0.11
ltpp-26-4015-c1-L1-t1,ltpp-sdr39,LTPP-26,SP,26.0,16.0,10.0,58.8,34.2,592.5,2.68,1.874160171,0.14
ltpp-26-4015-c1-L1-t2,ltpp-sdr39,LTPP-26,SP,26.0,16.0,10.0,58.8,34.2,592.5,2.68,1.858141708,0.14
ltpp-26-9029-c1-L1-t1,ltpp-sdr39,LTPP-26,SP,19.0,12.0,7.0,48.1,46.9,592.5,2.68,2.002307875,0.1
ltpp-26-9029-c1-L1-t2,ltpp-sdr39,LTPP-26,SP,19.0,12.0,7.0,48.1,46.9,592.5,2.68,1.954252486,0.11
ltpp-27-0501-c1-L1-t3,ltpp-sdr39,LTPP-27,SP,23.0,14.0,9.0,34.7,61.3,592.5,2.68,1.954252486,0.11
ltpp-27-0503-c4-L1-t1,ltpp-sdr39,LTPP-27,SP,17.0,13.0,4.0,29.7,67.3,592.5,2.691,2.098418653,0.08
ltpp-27-0503-c4-L2-t1,ltpp-sdr39,LTPP-27,SP,,,0.0,11.0,72.0,592.5,2.713,2.1224463475,0.07
ltpp-27-0503-c4-L3-t1,ltpp-sdr39,LTPP-27,SP,,,0.0,7.9,66.1,592.5,2.733,2.2329737422,0.06
ltpp-27-0504-c5-L1-t2,ltpp-sdr39,LTPP-27,SP,36.0,11.0,25.0,52.0,46.0,592.5,2.685,1.8453269376,0.13
ltpp-27-0504-c5-L2-t2,ltpp-sdr39,LTPP-27,SP,,,0.0,10.1,75.9,592.5,2.69,2.146474042,0.06
ltpp-27-0504-c5-L3-t2,ltpp-sdr39,LTPP-27,SP,,,0.0,8.4,65.6,592.5,2.706,2.114437116,0.08
ltpp-27-0505-c1-L1-t3,ltpp-sdr39,LTPP-27,SP,30.0,15.0,15.0,40.2,52.8,592.5,2.68,1.874160171,0.13
ltpp-27-0507-c1-L1-t3,ltpp-sdr39,LTPP-27,SP,31.0,16.0,15.0,49.7,45.3,592.5,2.68,1.76203093,0.14
ltpp-27-0507-c1-L3-t1,ltpp-sdr39,LTPP-27,SP,15.0,1.0,14.0,7.0,63.0,592.5,2.68,2.146474042,0.09
ltpp-27-0507-c6-L1-t2,ltpp-sdr39,LTPP-27,SP,36.0,12.0,24.0,53.2,44.8,592.5,2.68,1.8549380154,0.13
ltpp-27-0507-c6-L2-t2,ltpp-sdr39,LTPP-27,SP,,,0.0,12.0,76.0,592.5,2.68,2.1608906587,0.07
ltpp-27-0507-c6-L3-t2,ltpp-sdr39,LTPP-27,SP,,,0.0,7.8,61.2,592.5,2.68,2.2041405088,0.06
ltpp-27-0508-c1-L1-t3,ltpp-sdr39,LTPP-27,SP,22.0,14.0,8.0,29.3,62.7,592.5,2.68,1.92221556,0.12
ltpp-27-0701-c1-L1-t2,ltpp-sdr39,LTPP-27,SP,28.0,19.0,9.0,48.8,49.2,592.5,2.68,1.890178634,0.13
ltpp-27-0704-c1-L1-t1,ltpp-sdr39,LTPP-27,SP,23.0,15.0,8.0,65.4,33.599999999999994,592.5,2.68,1.810086319,0.11
ltpp-27-0709-c1-L1-t2,ltpp-sdr39,LTPP-27,SP,21.0,14.0,7.0,35.3,63.7,592.5,2.68,1.954252486,0.11
ltpp-27-1085-c2-L1-t1,ltpp-sdr39,LTPP-27,SP,27.0,15.0,12.0,52.6,42.4,592.5,2.68,2.018326338,0.1
ltpp-27-1085-c2-L1-t2,ltpp-sdr39,LTPP-27,SP,27.0,15.0,12.0,52.6,42.4,592.5,2.68,1.938234023,0.11
ltpp-27-3003-c1-L1-t1,ltpp-sdr39,LTPP-27,SP,37.0,18.0,19.0,51.7,43.3,592.5,2.68,1.778049393,0.14
ltpp-27-3003-c1-L1-t2,ltpp-sdr39,LTPP-27,SP,37.0,18.0,19.0,51.7,43.3,592.5,2.68,1.76203093,0.13
ltpp-27-3003-c1-L2-t1,ltpp-sdr39,LTPP-27,SP,23.0,15.0,8.0,18.1,50.9,592.5,2.68,2.210547894,0.06
ltpp-27-3003-c1-L2-t2,ltpp-sdr39,LTPP-27,SP,23.0,15.0,8.0,18.1,50.9,592.5,2.68,2.258603283,0.06
ltpp-27-4040-c1-L1-t1,ltpp-sdr39,LTPP-27,SP,39.0,19.0,20.0,79.4,16.599999999999994,592.5,2.68,1.826104782,0.16
ltpp-27-4082-c1-L1-t1,ltpp-sdr39,LTPP-27,SP,40.0,20.0,20.0,61.6,36.4,592.5,2.68,1.617864763,0.19
ltpp-27-4082-c1-L1-t2,ltpp-sdr39,LTPP-27,SP,40.0,20.0,20.0,61.6,36.4,592.5,2.68,1.954252486,0.11
ltpp-27-4082-c1-L2-t1,ltpp-sdr39,LTPP-27,SP,26.0,17.0,9.0,16.6,60.4,592.5,2.68,2.162492505,0.07
ltpp-27-5076-c1-L1-t1,ltpp-sdr39,LTPP-27,SP,17.0,14.0,3.0,41.9,48.1,592.5,2.68,2.050363264,0.09
ltpp-27-5076-c1-L1-t2,ltpp-sdr39,LTPP-27,SP,17.0,14.0,3.0,41.9,48.1,592.5,2.68,1.954252486,0.1
ltpp-27-6064-c1-L1-t1,ltpp-sdr39,LTPP-27,SP,17.0,16.0,1.0,9.5,64.5,592.5,2.68,2.178510968,0.07
ltpp-27-6064-c1-L1-t2,ltpp-sdr39,LTPP-27,SP,17.0,16.0,1.0,9.5,64.5,592.5,2.68,2.194529431,0.07
ltpp-27-6300-c1-L1-t1,ltpp-sdr39,LTPP-27,SP,28.0,16.0,12.0,57.9,35.1,592.5,2.68,1.874160171,0.13
ltpp-27-6300-c1-L1-t2,ltpp-sdr39,LTPP-27,SP,28.0,16.0,12.0,57.9,35.1,592.5,2.68,1.874160171,0.14
ltpp-27-7090-c1-L1-t1,ltpp-sdr39,LTPP-27,SP,33.0,19.0,14.0,55.0,43.0,592.5,2.68,1.729994004,0.17
ltpp-27-7090-c1-L1-t2,ltpp-sdr39,LTPP-27,SP,33.0,19.0,14.0,55.0,43.0,592.5,2.68,1.729994004,0.16
ltpp-27-9075-c1-L1-t1,ltpp-sdr39,LTPP-27,SP,58.0,31.0,27.0,74.3,23.700000000000003,592.5,2.68,1.473698596,0.18
ltpp-27-9075-c1-L1-t2,ltpp-sdr39,LTPP-27,SP,58.0,31.0,27.0,74.3,23.700000000000003,592.5,2.68,1.649901689,0.16
ltpp-28-0501-c1-L1-t1,ltpp-sdr39,LTPP-28,SP,29.0,19.0,10.0,87.4,12.599999999999994,592.5,2.68,1.842123245,0.15
ltpp-28-0501-c1-L1-t2,ltpp-sdr39,LTPP-28,SP,29.0,19.0,10.0,87.4,12.599999999999994,592.5,2.68,1.858141708,0.13
ltpp-28-0503-c1-L1-t1,ltpp-sdr39,LTPP-28,SP,30.0,19.0,11.0,82.5,17.5,592.5,2.68,1.826104782,0.15
ltpp-28-0504-c1-L1-t2,ltpp-sdr39,LTPP-28,SP,31.0,14.0,17.0,75.3,24.700000000000003,592.5,2.68,1.794067856,0.13
ltpp-28-0506-c1-L1-t2,ltpp-sdr39,LTPP-28,SP,29.0,17.0,12.0,75.2,24.8,592.5,2.68,1.826104782,0.13
ltpp-28-0507-c1-L1-t1,ltpp-sdr39,LTPP-28,SP,25.0,17.0,8.0,68.7,31.3,592.5,2.68,1.92221556,0.12
ltpp-28-0508-c1-L1-t1,ltpp-sdr39,LTPP-28,SP,31.0,22.0,9.0,89.6,10.400000000000006,592.5,2.68,1.794067856,0.15
ltpp-28-0509-c1-L1-t1,ltpp-sdr39,LTPP-28,SP,27.0,21.0,6.0,90.0,10.0,592.5,2.68,1.778049393,0.14
ltpp-28-0560-c1-L1-t1,ltpp-sdr39,LTPP-28,SP,24.0,16.0,8.0,51.2,48.8,592.5,2.68,1.906197097,0.12
ltpp-28-0805-c1-L1-t1,ltpp-sdr39,LTPP-28,SP,31.0,21.0,10.0,92.2,5.799999999999997,592.5,2.682,1.970270949,0.11
ltpp-28-0805-c1-L1-t1,ltpp-sdr39,LTPP-28,SP,31.0,21.0,10.0,92.2,5.799999999999997,592.5,2.682,1.794067856,0.15
ltpp-28-0805-c1-L1-t2,ltpp-sdr39,LTPP-28,SP,31.0,21.0,10.0,92.2,5.799999999999997,592.5,2.682,2.034344801,0.09
ltpp-28-0805-c1-L2-t1,ltpp-sdr39,LTPP-28,SP,,,0.0,11.6,59.4,592.5,2.68,2.1032241919000003,0.07
ltpp-28-0806-c1-L1-t1,ltpp-sdr39,LTPP-28,SP,67.0,17.0,50.0,66.2,17.799999999999997,592.5,2.686,1.938234023,0.11
ltpp-28-0806-c1-L1-t1,ltpp-sdr39,LTPP-28,SP,67.0,17.0,50.0,66.2,17.799999999999997,592.5,2.686,1.954252486,0.1
ltpp-28-0806-c1-L1-t2,ltpp-sdr39,LTPP-28,SP,67.0,17.0,50.0,66.2,17.799999999999997,592.5,2.686,2.034344801,0.08
ltpp-28-0806-c1-L2-t1,ltpp-sdr39,LTPP-28,SP,20.0,18.0,2.0,10.3,68.7,592.5,2.68,2.08240019,0.07
ltpp-28-0806-c1-L2-t2,ltpp-sdr39,LTPP-28,SP,20.0,18.0,2.0,10.3,68.7,592.5,2.68,2.0872057289000003,0.07
ltpp-28-1001-c1-L1-t1,ltpp-sdr39,LTPP-28,SP,29.0,17.0,12.0,81.5,18.5,592.5,2.729,1.858141708,0.15
ltpp-28-1001-c1-L1-t2,ltpp-sdr39,LTPP-28,SP,29.0,17.0,12.0,81.5,18.5,592.5,2.729,1.746012467,0.16
ltpp-28-1016-c1-L1-t1,ltpp-sdr39,LTPP-28,SP,21.0,19.0,2.0,34.3,64.7,592.5,2.718,1.906197097,0.13
ltpp-28-1016-c1-L1-t2,ltpp-sdr39,LTPP-28,SP,21.0,19.0,2.0,34.3,64.7,592.5,2.718,2.018326338,0.1
ltpp-28-2807-c1-L1-t1,ltpp-sdr39,LTPP-28,SP,27.0,19.0,8.0,82.9,16.099999999999994,592.5,2.721,1.810086319,0.14
ltpp-28-2807-c1-L1-t2,ltpp-sdr39,LTPP-28,SP,27.0,19.0,8.0,82.9,16.099999999999994,592.5,2.721,1.874160171,0.14
ltpp-28-3018-c1-L1-t1,ltpp-sdr39,LTPP-28,SP,27.0,21.0,6.0,28.0,71.0,592.5,2.674,1.810086319,0.16
ltpp-28-3018-c1-L1-t2,ltpp-sdr39,LTPP-28,SP,27.0,21.0,6.0,28.0,71.0,592.5,2.674,1.794067856,0.15
ltpp-28-3019-c1-L1-t1,ltpp-sdr39,LTPP-28,SP,23.0,16.0,7.0,35.3,32.7,592.5,2.655,1.92221556,0.13
ltpp-28-3019-c1-L1-t2,ltpp-sdr39,LTPP-28,SP,23.0,16.0,7.0,35.3,32.7,592.5,2.655,1.954252486,0.13
ltpp-28-3081-c2-L1-t1,ltpp-sdr39,LTPP-28,SP,28.0,20.0,8.0,30.4,69.6,592.5,2.642,1.794067856,0.15
ltpp-28-3081-c2-L1-t2,ltpp-sdr39,LTPP-28,SP,28.0,20.0,8.0,30.4,69.6,592.5,2.642,1.665920152,0.19
ltpp-28-3085-c1-L1-t1,ltpp-sdr39,LTPP-28,SP,24.0,16.0,8.0,71.2,24.8,592.5,2.643,1.874160171,0.12
ltpp-28-3085-c1-L1-t2,ltpp-sdr39,LTPP-28,SP,24.0,16.0,8.0,71.2,24.8,592.5,2.643,1.938234023,0.11
ltpp-28-3089-c1-L1-t1,ltpp-sdr39,LTPP-28,SP,26.0,16.0,10.0,71.1,27.90000000000001,592.5,2.663,1.874160171,0.14
ltpp-28-3089-c1-L1-t2,ltpp-sdr39,LTPP-28,SP,26.0,16.0,10.0,71.1,27.90000000000001,592.5,2.663,1.938234023,0.13
ltpp-28-3090-c1-L1-t1,ltpp-sdr39,LTPP-28,SP,25.0,22.0,3.0,84.4,12.599999999999994,592.5,2.698,1.794067856,0.14
ltpp-28-3090-c1-L1-t2,ltpp-sdr39,LTPP-28,SP,25.0,22.0,3.0,84.4,12.599999999999994,592.5,2.698,1.778049393,0.14
ltpp-28-3090-c1-L2-t1,ltpp-sdr39,LTPP-28,SP,20.0,17.0,3.0,38.0,34.0,592.5,2.603,2.130455579,0.06
ltpp-28-3090-c1-L2-t2,ltpp-sdr39,LTPP-28,SP,20.0,17.0,3.0,38.0,34.0,592.5,2.603,2.178510968,0.06
ltpp-28-3094-c2-L1-t1,ltpp-sdr39,LTPP-28,SP,19.0,18.0,1.0,58.8,41.2,592.5,2.675,1.906197097,0.11
ltpp-28-3094-c2-L1-t2,ltpp-sdr39,LTPP-28,SP,19.0,18.0,1.0,58.8,41.2,592.5,2.675,1.938234023,0.1
ltpp-28-3097-c1-L1-t1,ltpp-sdr39,LTPP-28,SP,36.0,24.0,12.0,93.8,6.200000000000003,592.5,2.792,1.76203093,0.17
ltpp-28-3097-c1-L1-t2,ltpp-sdr39,LTPP-28,SP,36.0,24.0,12.0,93.8,6.200000000000003,592.5,2.792,1.729994004,0.18
ltpp-28-3099-c1-L1-t1,ltpp-sdr39,LTPP-28,SP,76.0,25.0,51.0,97.3,2.700000000000003,592.5,2.683,1.44166167,0.23
ltpp-28-3099-c1-L1-t2,ltpp-sdr39,LTPP-28,SP,76.0,25.0,51.0,97.3,2.700000000000003,592.5,2.683,1.553790911,0.22
ltpp-28-4024-c1-L1-t1,ltpp-sdr39,LTPP-28,SP,35.0,24.0,11.0,72.3,18.700000000000003,592.5,2.653,1.778049393,0.15
ltpp-28-4024-c1-L1-t2,ltpp-sdr39,LTPP-28,SP,35.0,24.0,11.0,72.3,18.700000000000003,592.5,2.653,1.633883226,0.18
ltpp-28-5006-c1-L1-t1,ltpp-sdr39,LTPP-28,SP,42.0,23.0,19.0,81.1,18.90000000000001,592.5,2.641,1.649901689,0.21
ltpp-28-5006-c1-L1-t2,ltpp-sdr39,LTPP-28,SP,42.0,23.0,19.0,81.1,18.90000000000001,592.5,2.641,1.617864763,0.21
ltpp-28-7012-c1-L1-t1,ltpp-sdr39,LTPP-28,SP,24.0,20.0,4.0,85.4,13.599999999999994,592.5,2.652,1.794067856,0.15
ltpp-28-7012-c1-L1-t2,ltpp-sdr39,LTPP-28,SP,24.0,20.0,4.0,85.4,13.599999999999994,592.5,2.652,1.794067856,0.14
ltpp-28-9030-c1-L1-t1,ltpp-sdr39,LTPP-28,SP,31.0,22.0,9.0,99.0,1.0,592.5,2.714,1.76203093,0.16
ltpp-28-9030-c1-L1-t2,ltpp-sdr39,LTPP-28,SP,31.0,22.0,9.0,99.0,1.0,592.5,2.714,1.746012467,0.16
ltpp-29-0502-c1-L1-t1,ltpp-sdr39,LTPP-29,SP,66.0,19.0,47.0,67.4,12.599999999999994,592.5,2.68,1.697957078,0.16
ltpp-29-0506-c1-L1-t1,ltpp-sdr39,LTPP-29,SP,74.0,23.0,51.0,70.1,18.90000000000001,592.5,2.68,1.569809374,0.22
ltpp-29-0506-c2-L1-t1,ltpp-sdr39,LTPP-29,SP,44.0,15.0,29.0,32.6,14.4,592.5,2.6,1.810086319,0.15
ltpp-29-0506-c2-L1-t2,ltpp-sdr39,LTPP-29,SP,44.0,15.0,29.0,32.6,14.4,592.5,2.6,1.697957078,0.18
ltpp-29-0506-c2-L2-t1,ltpp-sdr39,LTPP-29,SP,20.0,13.0,7.0,15.2,35.8,592.5,2.699,2.290640209,0.05
ltpp-29-0506-c2-L2-t2,ltpp-sdr39,LTPP-29,SP,20.0,13.0,7.0,15.2,35.8,592.5,2.699,2.306658672,0.05
ltpp-29-0508-c1-L1-t2,ltpp-sdr39,LTPP-29,SP,73.0,23.0,50.0,58.0,25.0,592.5,2.68,1.665920152,0.19
ltpp-29-0509-c2-L1-t2,ltpp-sdr39,LTPP-29,SP,66.0,17.0,49.0,34.6,16.4,592.5,2.65,1.794067856,0.15
ltpp-29-0509-c2-L2-t2,ltpp-sdr39,LTPP-29,SP,19.0,14.0,5.0,15.5,35.5,592.5,2.718,2.322677135,0.05
ltpp-29-0602-c1-L1-t2,ltpp-sdr39,LTPP-29,SP,41.0,16.0,25.0,71.2,26.8,592.5,2.68,1.842123245,0.15
ltpp-29-0602-c1-L1-t7,ltpp-sdr39,LTPP-29,SP,41.0,16.0,25.0,71.2,26.8,592.5,2.68,1.842123245,0.14
ltpp-29-0602-c1-L2-t2,ltpp-sdr39,LTPP-29,SP,21.0,15.0,6.0,18.7,39.3,592.5,2.68,2.274621746,0.06
ltpp-29-0603-c2-L1-t2,ltpp-sdr39,LTPP-29,SP,25.0,15.0,10.0,51.2,47.8,592.5,2.68,1.970270949,0.12
ltpp-29-0603-c2-L1-t7,ltpp-sdr39,LTPP-29,SP,25.0,15.0,10.0,51.2,47.8,592.5,2.68,1.954252486,0.11
ltpp-29-0603-c2-L2-t2,ltpp-sdr39,LTPP-29,SP,21.0,14.0,7.0,19.0,40.0,592.5,2.68,2.274621746,0.06
ltpp-29-0604-c5-L2-t2,ltpp-sdr39,LTPP-29,SP,23.0,12.0,11.0,18.1,32.9,592.5,2.736,2.210547894,0.06
ltpp-29-0605-c1-L1-t2,ltpp-sdr39,LTPP-29,SP,42.0,17.0,25.0,67.0,31.0,592.5,2.68,1.826104782,0.15
ltpp-29-0605-c1-L1-t7,ltpp-sdr39,LTPP-29,SP,42.0,17.0,25.0,67.0,31.0,592.5,2.68,1.794067856,0.15
ltpp-29-0605-c1-L2-t2,ltpp-sdr39,LTPP-29,SP,22.0,16.0,6.0,20.9,37.1,592.5,2.68,2.258603283,0.06
ltpp-29-0607-c1-L1-t2,ltpp-sdr39,LTPP-29,SP,42.0,17.0,25.0,70.2,28.8,592.5,2.68,1.810086319,0.15
ltpp-29-0607-c1-L1-t7,ltpp-sdr39,LTPP-29,SP,42.0,17.0,25.0,70.2,28.8,592.5,2.68,1.842123245,0.15
ltpp-29-0607-c1-L2-t2,ltpp-sdr39,LTPP-29,SP,21.0,16.0,5.0,18.2,43.8,592.5,2.68,2.274621746,0.06
ltpp-29-0608-c1-L1-t2,ltpp-sdr39,LTPP-29,SP,42.0,17.0,25.0,68.9,29.099999999999994,592.5,2.68,1.842123245,0.15
ltpp-29-0608-c1-L1-t7,ltpp-sdr39,LTPP-29,SP,42.0,17.0,25.0,68.9,29.099999999999994,592.5,2.68,1.810086319,0.15
ltpp-29-0608-c1-L2-t2,ltpp-sdr39,LTPP-29,SP,22.0,15.0,7.0,17.7,41.3,592.5,2.68,2.290640209,0.06
ltpp-29-0608-c4-L2-t2,ltpp-sdr39,LTPP-29,SP,23.0,14.0,9.0,17.1,40.9,592.5,2.722,2.2169552792,0.06
ltpp-29-0660-c1-L1-t1,ltpp-sdr39,LTPP-29,SP,44.0,17.0,27.0,68.4,27.599999999999994,592.5,2.68,1.826104782,0.15
ltpp-29-0660-c1-L2-t1,ltpp-sdr39,LTPP-29,SP,22.0,15.0,7.0,21.0,39.0,592.5,2.68,2.290640209,0.06
ltpp-29-0664-c1-L1-t2,ltpp-sdr39,LTPP-29,SP,41.0,17.0,24.0,67.8,30.200000000000003,592.5,2.68,1.826104782,0.15
ltpp-29-0664-c1-L1-t7,ltpp-sdr39,LTPP-29,SP,41.0,17.0,24.0,67.8,30.200000000000003,592.5,2.68,1.794067856,0.16
ltpp-29-0664-c1-L2-t2,ltpp-sdr39,LTPP-29,SP,22.0,15.0,7.0,20.7,43.3,592.5,2.68,2.274621746,0.06
ltpp-29-0666-c1-L1-t1,ltpp-sdr39,LTPP-29,SP,25.0,14.0,11.0,39.9,58.1,592.5,2.68,2.018326338,0.11
ltpp-29-0666-c1-L1-t6,ltpp-sdr39,LTPP-29,SP,25.0,14.0,11.0,39.9,58.1,592.5,2.68,1.954252486,0.11
ltpp-29-0666-c1-L2-t1,ltpp-sdr39,LTPP-29,SP,20.0,14.0,6.0,19.4,39.6,592.5,2.68,2.274621746,0.06
ltpp-29-0701-c1-L1-t2,ltpp-sdr39,LTPP-29,SP,32.0,19.0,13.0,86.4,10.599999999999994,592.5,2.68,1.76203093,0.14
ltpp-29-0709-c1-L1-t1,ltpp-sdr39,LTPP-29,SP,62.0,25.0,37.0,31.6,22.4,592.5,2.68,1.746012467,0.15
ltpp-29-0801-c1-L1-t1,ltpp-sdr39,LTPP-29,SP,48.0,17.0,31.0,55.5,14.5,592.5,2.657,1.6787349224,0.16
ltpp-29-0801-c1-L1-t1,ltpp-sdr39,LTPP-29,SP,48.0,17.0,31.0,55.5,14.5,592.5,2.657,1.697957078,0.18
ltpp-29-0801-c1-L1-t1,ltpp-sdr39,LTPP-29,SP,48.0,17.0,31.0,55.5,14.5,592.5,2.657,1.76203093,0.17
ltpp-29-0801-c1-L1-t2,ltpp-sdr39,LTPP-29,SP,48.0,17.0,31.0,55.5,14.5,592.5,2.657,1.473698596,0.26
ltpp-29-0801-c1-L1-t6,ltpp-sdr39,LTPP-29,SP,48.0,17.0,31.0,55.5,14.5,592.5,2.657,1.729994004,0.16
ltpp-29-0802-c1-L1-t1,ltpp-sdr39,LTPP-29,SP,68.0,24.0,44.0,67.1,17.900000000000006,592.5,2.734,1.473698596,0.28
ltpp-29-0802-c1-L1-t1,ltpp-sdr39,LTPP-29,SP,68.0,24.0,44.0,67.1,17.900000000000006,592.5,2.734,1.585827837,0.21
ltpp-29-0802-c1-L1-t1,ltpp-sdr39,LTPP-29,SP,68.0,24.0,44.0,67.1,17.900000000000006,592.5,2.734,1.5265595239,0.24
ltpp-29-0802-c1-L1-t1,ltpp-sdr39,LTPP-29,SP,68.0,24.0,44.0,67.1,17.900000000000006,592.5,2.734,1.473698596,0.26
ltpp-29-0802-c1-L1-t2,ltpp-sdr39,LTPP-29,SP,68.0,24.0,44.0,67.1,17.900000000000006,592.5,2.734,1.5746149129,0.21
ltpp-29-0802-c1-L1-t6,ltpp-sdr39,LTPP-29,SP,68.0,24.0,44.0,67.1,17.900000000000006,592.5,2.734,1.585827837,0.23
ltpp-29-0802-c1-L1-t6,ltpp-sdr39,LTPP-29,SP,68.0,24.0,44.0,67.1,17.900000000000006,592.5,2.734,1.553790911,0.23
ltpp-29-0807-c1-L1-t1,ltpp-sdr39,LTPP-29,SP,44.0,21.0,23.0,64.0,12.0,592.5,2.68,2.066381727,0.11
ltpp-29-0807-c1-L1-t1,ltpp-sdr39,LTPP-29,SP,44.0,21.0,23.0,64.0,12.0,592.5,2.68,1.681938615,0.18
ltpp-29-0807-c1-L1-t6,ltpp-sdr39,LTPP-29,SP,44.0,21.0,23.0,64.0,12.0,592.5,2.68,1.778049393,0.15
ltpp-29-0807-c1-L1-t6,ltpp-sdr39,LTPP-29,SP,44.0,21.0,23.0,64.0,12.0,592.5,2.68,1.665920152,0.2
ltpp-29-0808-c1-L1-t1,ltpp-sdr39,LTPP-29,SP,65.0,22.0,43.0,55.9,14.1,592.5,2.68,1.473698596,0.27
ltpp-29-0808-c1-L1-t6,ltpp-sdr39,LTPP-29,SP,65.0,22.0,43.0,55.9,14.1,592.5,2.68,1.569809374,0.2
ltpp-29-1002-c1-L1-t1,ltpp-sdr39,LTPP-29,SP,27.0,16.0,11.0,43.0,27.0,592.5,2.68,1.986289412,0.11
ltpp-29-1002-c1-L1-t2,ltpp-sdr39,LTPP-29,SP,27.0,16.0,11.0,43.0,27.0,592.5,2.68,2.114437116,0.09
ltpp-29-1005-c1-L2-t1,ltpp-sdr39,LTPP-29,SP,21.0,18.0,3.0,15.6,39.4,592.5,2.68,2.210547894,0.07
ltpp-29-1008-c1-L1-t1,ltpp-sdr39,LTPP-29,SP,27.0,17.0,10.0,61.9,32.1,592.5,2.68,1.826104782,0.13
ltpp-29-1008-c1-L1-t2,ltpp-sdr39,LTPP-29,SP,27.0,17.0,10.0,61.9,32.1,592.5,2.68,1.986289412,0.09
ltpp-29-1010-c1-L1-t1,ltpp-sdr39,LTPP-29,SP,49.0,18.0,31.0,40.4,33.6,592.5,2.68,1.842123245,0.13
ltpp-29-1010-c1-L1-t2,ltpp-sdr39,LTPP-29,SP,49.0,18.0,31.0,40.4,33.6,592.5,2.68,2.098418653,0.09
ltpp-29-1010-c1-L2-t1,ltpp-sdr39,LTPP-29,SP,20.0,15.0,5.0,20.7,35.3,592.5,2.68,2.178510968,0.07
ltpp-29-4036-c1-L1-t1,ltpp-sdr39,LTPP-29,SP,37.0,18.0,19.0,80.4,17.599999999999994,592.5,2.68,1.713975541,0.17
ltpp-29-4036-c1-L1-t2,ltpp-sdr39,LTPP-29,SP,37.0,18.0,19.0,80.4,17.599999999999994,592.5,2.68,1.794067856,0.15
ltpp-29-4036-c1-L2-t2,ltpp-sdr39,LTPP-29,SP,18.0,13.0,5.0,23.0,52.0,592.5,2.68,2.178510968,0.07
ltpp-29-4069-c1-L2-t1,ltpp-sdr39,LTPP-29,SP,,,0.0,30.2,67.8,592.5,2.68,2.146474042,0.07
ltpp-29-5000-c1-L1-t1,ltpp-sdr39,LTPP-29,SP,54.0,22.0,32.0,94.9,5.099999999999994,592.5,2.68,1.633883226,0.21
ltpp-29-5000-c1-L1-t2,ltpp-sdr39,LTPP-29,SP,54.0,22.0,32.0,94.9,5.099999999999994,592.5,2.68,1.569809374,0.23
ltpp-29-5000-c1-L2-t1,ltpp-sdr39,LTPP-29,SP,19.0,14.0,5.0,21.0,62.0,592.5,2.68,2.178510968,0.07
ltpp-29-5000-c1-L2-t2,ltpp-sdr39,LTPP-29,SP,19.0,14.0,5.0,21.0,62.0,592.5,2.68,2.274621746,0.06
ltpp-29-5047-c1-L1-t1,ltpp-sdr39,LTPP-29,SP,32.0,23.0,9.0,96.6,2.4000000000000057,592.5,2.68,1.746012467,0.17
ltpp-29-5047-c1-L1-t2,ltpp-sdr39,LTPP-29,SP,32.0,23.0,9.0,96.6,2.4000000000000057,592.5,2.68,1.76203093,0.17
ltpp-29-5047-c1-L2-t1,ltpp-sdr39,LTPP-29,SP,16.0,14.0,2.0,16.2,37.8,592.5,2.68,2.274621746,0.06
ltpp-29-5047-c1-L2-t2,ltpp-sdr39,LTPP-29,SP,16.0,14.0,2.0,16.2,37.8,592.5,2.68,2.290640209,0.06
ltpp-29-5058-c1-L1-t1,ltpp-sdr39,LTPP-29,SP,41.0,17.0,24.0,88.3,11.700000000000005,592.5,2.68,1.681938615,0.19
ltpp-29-5058-c1-L1-t2,ltpp-sdr39,LTPP-29,SP,41.0,17.0,24.0,88.3,11.700000000000005,592.5,2.68,1.569809374,0.21
ltpp-29-5081-c1-L1-t1,ltpp-sdr39,LTPP-29,SP,43.0,19.0,24.0,91.6,8.400000000000006,592.5,2.68,1.633883226,0.19
ltpp-29-5081-c1-L1-t2,ltpp-sdr39,LTPP-29,SP,43.0,19.0,24.0,91.6,8.400000000000006,592.5,2.68,1.633883226,0.18
ltpp-29-5091-c1-L1-t1,ltpp-sdr39,LTPP-29,SP,48.0,22.0,26.0,87.8,12.200000000000005,592.5,2.68,1.617864763,0.21
ltpp-29-5091-c1-L1-t2,ltpp-sdr39,LTPP-29,SP,48.0,22.0,26.0,87.8,12.200000000000005,592.5,2.68,1.633883226,0.2
ltpp-29-5393-c1-L1-t1,ltpp-sdr39,LTPP-29,SP,49.0,20.0,29.0,94.7,5.299999999999997,592.5,2.68,1.537772448,0.23
ltpp-29-5393-c1-L1-t2,ltpp-sdr39,LTPP-29,SP,49.0,20.0,29.0,94.7,5.299999999999997,592.5,2.68,1.76203093,0.16
ltpp-29-5393-c1-L2-t1,ltpp-sdr39,LTPP-29,SP,21.0,16.0,5.0,32.4,24.6,592.5,2.68,2.194529431,0.07
ltpp-29-5393-c1-L2-t2,ltpp-sdr39,LTPP-29,SP,21.0,16.0,5.0,32.4,24.6,592.5,2.68,2.194529431,0.06
ltpp-29-5403-c2-L1-t1,ltpp-sdr39,LTPP-29,SP,19.0,15.0,4.0,45.5,54.5,592.5,2.68,1.92221556,0.12
ltpp-29-5403-c2-L1-t2,ltpp-sdr39,LTPP-29,SP,19.0,15.0,4.0,45.5,54.5,592.5,2.68,1.938234023,0.12
ltpp-29-5473-c2-L1-t1,ltpp-sdr39,LTPP-29,SP,37.0,18.0,19.0,88.7,8.299999999999997,592.5,2.68,1.729994004,0.16
ltpp-29-5473-c2-L1-t2,ltpp-sdr39,LTPP-29,SP,37.0,18.0,19.0,88.7,8.299999999999997,592.5,2.68,1.76203093,0.17
ltpp-29-5483-c1-L1-t1,ltpp-sdr39,LTPP-29,SP,31.0,23.0,8.0,98.0,2.0,592.5,2.68,1.729994004,0.17
ltpp-29-5483-c1-L1-t2,ltpp-sdr39,LTPP-29,SP,31.0,23.0,8.0,98.0,2.0,592.5,2.68,1.746012467,0.16
ltpp-29-5483-c1-L2-t1,ltpp-sdr39,LTPP-29,SP,17.0,14.0,3.0,34.7,64.3,592.5,2.68,2.210547894,0.07
ltpp-29-5483-c1-L2-t2,ltpp-sdr39,LTPP-29,SP,17.0,14.0,3.0,34.7,64.3,592.5,2.68,2.258603283,0.06
ltpp-29-6067-c1-L1-t1,ltpp-sdr39,LTPP-29,SP,32.0,16.0,16.0,26.0,37.0,592.5,2.68,1.858141708,0.12
ltpp-29-6067-c1-L1-t2,ltpp-sdr39,LTPP-29,SP,32.0,16.0,16.0,26.0,37.0,592.5,2.68,1.858141708,0.13
ltpp-29-7054-c1-L1-t1,ltpp-sdr39,LTPP-29,SP,40.0,19.0,21.0,35.2,33.8,592.5,2.68,1.826104782,0.13
ltpp-29-7054-c1-L1-t2,ltpp-sdr39,LTPP-29,SP,40.0,19.0,21.0,35.2,33.8,592.5,2.68,1.697957078,0.17
ltpp-29-7073-c1-L1-t1,ltpp-sdr39,LTPP-29,SP,39.0,20.0,19.0,97.0,3.0,592.5,2.68,1.665920152,0.21
ltpp-29-7073-c1-L1-t2,ltpp-sdr39,LTPP-29,SP,39.0,20.0,19.0,97.0,3.0,592.5,2.68,1.649901689,0.2
ltpp-29-7073-c1-L3-t1,ltpp-sdr39,LTPP-29,SP,19.0,13.0,6.0,27.2,51.8,592.5,2.68,2.24258482,0.07
ltpp-29-7073-c1-L3-t2,ltpp-sdr39,LTPP-29,SP,19.0,13.0,6.0,27.2,51.8,592.5,2.68,2.258603283,0.06
ltpp-29-A602-c1-L1-t3,ltpp-sdr39,LTPP-29,SP,53.0,17.0,36.0,65.4,22.599999999999994,592.5,2.68,1.681938615,0.2
ltpp-29-A602-c3-L1-t2,ltpp-sdr39,LTPP-29,SP,82.0,27.0,55.0,66.2,10.799999999999995,592.5,2.699,1.649901689,0.18
ltpp-29-A602-c3-L2-t2,ltpp-sdr39,LTPP-29,SP,17.0,16.0,1.0,16.5,48.5,592.5,2.823,2.306658672,0.05
ltpp-29-A603-c1-L1-t1,ltpp-sdr39,LTPP-29,SP,38.0,19.0,19.0,67.4,12.599999999999994,592.5,2.68,1.826104782,0.14
ltpp-29-A603-c1-L1-t1,ltpp-sdr39,LTPP-29,SP,38.0,19.0,19.0,67.4,12.599999999999994,592.5,2.68,1.890178634,0.14
ltpp-29-A603-c2-L1-t3,ltpp-sdr39,LTPP-29,SP,72.0,25.0,47.0,63.8,16.200000000000003,592.5,2.68,1.553790911,0.25
ltpp-29-A603-c3-L1-t2,ltpp-sdr39,LTPP-29,SP,85.0,24.0,61.0,63.8,18.200000000000003,592.5,2.723,1.617864763,0.22
ltpp-29-A604-c3-L1-t2,ltpp-sdr39,LTPP-29,SP,33.0,16.0,17.0,21.9,38.1,592.5,2.807,1.986289412,0.12
ltpp-29-A604-c3-L2-t2,ltpp-sdr39,LTPP-29,SP,,,0.0,14.6,43.4,592.5,2.83,2.290640209,0.06
ltpp-29-A605-c1-L1-t3,ltpp-sdr39,LTPP-29,SP,54.0,18.0,36.0,70.1,15.900000000000006,592.5,2.68,1.778049393,0.16
ltpp-29-A606-c3-L1-t2,ltpp-sdr39,LTPP-29,SP,40.0,15.0,25.0,61.0,18.0,592.5,2.748,1.810086319,0.16
ltpp-29-A607-c3-L2-t2,ltpp-sdr39,LTPP-29,SP,19.0,18.0,1.0,16.9,70.1,592.5,2.859,2.290640209,0.07
ltpp-29-A608-c2-L1-t2,ltpp-sdr39,LTPP-29,SP,53.0,18.0,35.0,79.6,9.400000000000006,592.5,2.718,1.778049393,0.17
ltpp-29-A801-c1-L1-t1,ltpp-sdr39,LTPP-29,SP,50.0,18.0,32.0,88.6,10.400000000000006,592.5,2.68,1.617864763,0.21
ltpp-29-A801-c1-L1-t2,ltpp-sdr39,LTPP-29,SP,50.0,18.0,32.0,88.6,10.400000000000006,592.5,2.68,1.505735522,0.29
ltpp-29-A802-c1-L1-t1,ltpp-sdr39,LTPP-29,SP,57.0,17.0,40.0,84.0,9.0,592.5,2.68,1.633883226,0.22
ltpp-29-A802-c1-L1-t2,ltpp-sdr39,LTPP-29,SP,57.0,17.0,40.0,84.0,9.0,592.5,2.68,1.6018463,0.2
ltpp-29-A807-c1-L1-t1,ltpp-sdr39,LTPP-29,SP,38.0,18.0,20.0,78.1,11.900000000000006,592.5,2.68,1.746012467,0.18
ltpp-29-A807-c1-L1-t2,ltpp-sdr39,LTPP-29,SP,38.0,18.0,20.0,78.1,11.900000000000006,592.5,2.68,1.505735522,0.24
ltpp-29-A808-c1-L1-t1,ltpp-sdr39,LTPP-29,SP,57.0,17.0,40.0,92.0,4.0,592.5,2.68,1.665920152,0.17
ltpp-29-A808-c1-L1-t2,ltpp-sdr39,LTPP-29,SP,57.0,17.0,40.0,92.0,4.0,592.5,2.68,1.6018463,0.2
ltpp-29-AA01-c2-L1-t1,ltpp-sdr39,LTPP-29,SP,23.0,14.0,9.0,30.6,33.4,592.5,2.68,1.9302247915,0.1
ltpp-29-AA03-c2-L1-t1,ltpp-sdr39,LTPP-29,SP,19.0,15.0,4.0,9.9,25.1,592.5,2.68,2.1448721957,0.08
ltpp-30-0502-c1-L1-t2,ltpp-sdr39,LTPP-30,SP,28.0,14.0,14.0,41.6,33.4,592.5,2.68,1.906197097,0.13
ltpp-30-0504-c3-L1-t2,ltpp-sdr39,LTPP-30,SP,30.0,12.0,18.0,49.9,40.1,592.5,2.765,1.986289412,0.12
ltpp-30-0504-c3-L2-t2,ltpp-sdr39,LTPP-30,SP,,,0.0,13.1,33.9,592.5,2.776,2.2682143608,0.06
ltpp-30-0506-c1-L1-t1,ltpp-sdr39,LTPP-30,SP,28.0,16.0,12.0,32.6,33.4,592.5,2.68,1.92221556,0.12
ltpp-30-0506-c3-L1-t2,ltpp-sdr39,LTPP-30,SP,34.0,12.0,22.0,38.6,48.4,592.5,2.769,1.954252486,0.11
ltpp-30-0506-c3-L2-t2,ltpp-sdr39,LTPP-30,SP,,,0.0,12.5,34.5,592.5,2.779,2.2441866663,0.06
ltpp-30-0508-c1-L1-t1,ltpp-sdr39,LTPP-30,SP,27.0,11.0,16.0,38.9,6.100000000000001,592.5,2.68,1.954252486,0.12
ltpp-30-0508-c3-L1-t2,ltpp-sdr39,LTPP-30,SP,28.0,13.0,15.0,41.9,46.1,592.5,2.755,2.002307875,0.11
ltpp-30-0508-c3-L2-t2,ltpp-sdr39,LTPP-30,SP,21.0,19.0,2.0,15.9,38.1,592.5,2.772,2.2762235923,0.06
ltpp-30-0805-c2-L1-t1,ltpp-sdr39,LTPP-30,SP,,,0.0,12.6,39.4,592.5,2.726,2.162492505,0.07
ltpp-30-0805-c2-L1-t2,ltpp-sdr39,LTPP-30,SP,,,0.0,12.6,39.4,592.5,2.726,2.050363264,0.08
ltpp-30-0806-c2-L1-t1,ltpp-sdr39,LTPP-30,SP,21.0,20.0,1.0,9.0,43.0,592.5,2.745,2.050363264,0.08
ltpp-30-1001-c1-L1-t1,ltpp-sdr39,LTPP-30,SP,33.0,14.0,19.0,47.2,38.8,592.5,2.68,1.890178634,0.11
ltpp-30-1001-c1-L1-t2,ltpp-sdr39,LTPP-30,SP,33.0,14.0,19.0,47.2,38.8,592.5,2.68,1.713975541,0.17
ltpp-30-1001-c1-L2-t2,ltpp-sdr39,LTPP-30,SP,22.0,13.0,9.0,15.9,30.1,592.5,2.68,2.274621746,0.05
ltpp-30-1001-c1-L3-t1,ltpp-sdr39,LTPP-30,SP,22.0,12.0,10.0,9.9,20.1,592.5,2.68,2.290640209,0.05
ltpp-30-1001-c1-L3-t2,ltpp-sdr39,LTPP-30,SP,22.0,12.0,10.0,9.9,20.1,592.5,2.68,2.258603283,0.06
ltpp-30-6004-c1-L1-t1,ltpp-sdr39,LTPP-30,SP,29.0,14.0,15.0,64.1,28.90000000000001,592.5,2.68,1.794067856,0.16
ltpp-30-6004-c1-L1-t2,ltpp-sdr39,LTPP-30,SP,29.0,14.0,15.0,64.1,28.90000000000001,592.5,2.68,1.778049393,0.16
ltpp-30-7066-c1-L1-t1,ltpp-sdr39,LTPP-30,SP,32.0,13.0,19.0,56.3,34.7,592.5,2.68,1.890178634,0.11
ltpp-30-7075-c1-L1-t2,ltpp-sdr39,LTPP-30,SP,26.0,12.0,14.0,27.7,13.3,592.5,2.68,1.826104782,0.15
ltpp-30-7075-c1-L3-t1,ltpp-sdr39,LTPP-30,SP,17.0,14.0,3.0,5.7,28.3,592.5,2.68,2.258603283,0.06
ltpp-30-7075-c1-L3-t2,ltpp-sdr39,LTPP-30,SP,17.0,14.0,3.0,5.7,28.3,592.5,2.68,2.274621746,0.04
ltpp-30-7088-c1-L1-t1,ltpp-sdr39,LTPP-30,SP,24.0,12.0,12.0,21.3,24.7,592.5,2.68,1.890178634,0.14
ltpp-30-7088-c1-L1-t2,ltpp-sdr39,LTPP-30,SP,24.0,12.0,12.0,21.3,24.7,592.5,2.68,1.92221556,0.13
ltpp-30-8129-c1-L1-t1,ltpp-sdr39,LTPP-30,SP,31.0,14.0,17.0,55.2,29.8,592.5,2.68,1.92221556,0.1
ltpp-30-8129-c1-L1-t2,ltpp-sdr39,LTPP-30,SP,31.0,14.0,17.0,55.2,29.8,592.5,2.68,1.874160171,0.11
ltpp-31-0113-c1-L1-t1,ltpp-sdr39,LTPP-31,SP,25.0,17.0,8.0,91.5,8.5,592.5,2.68,1.633883226,0.18
ltpp-31-0113-c1-L2-t1,ltpp-sdr39,LTPP-31,SP,50.0,14.0,36.0,95.9,4.099999999999994,592.5,2.68,1.681938615,0.18
ltpp-31-0114-c1-L1-t2,ltpp-sdr39,LTPP-31,SP,48.0,18.0,30.0,94.5,5.5,592.5,2.68,1.633883226,0.2
ltpp-31-0115-c1-L1-t2,ltpp-sdr39,LTPP-31,SP,41.0,17.0,24.0,96.7,3.299999999999997,592.5,2.68,1.649901689,0.19
ltpp-31-0115-c1-L2-t2,ltpp-sdr39,LTPP-31,SP,51.0,18.0,33.0,97.8,2.200000000000003,592.5,2.68,1.617864763,0.18
ltpp-31-0116-c1-L1-t1,ltpp-sdr39,LTPP-31,SP,40.0,18.0,22.0,97.5,2.5,592.5,2.68,1.633883226,0.2
ltpp-31-0116-c1-L2-t1,ltpp-sdr39,LTPP-31,SP,49.0,12.0,37.0,97.5,2.5,592.5,2.68,1.633883226,0.16
ltpp-31-0120-c1-L1-t1,ltpp-sdr39,LTPP-31,SP,45.0,18.0,27.0,96.5,3.5,592.5,2.68,1.649901689,0.19
ltpp-31-0120-c1-L2-t1,ltpp-sdr39,LTPP-31,SP,53.0,16.0,37.0,98.4,1.5999999999999943,592.5,2.68,1.649901689,0.19
ltpp-31-0124-c1-L1-t2,ltpp-sdr39,LTPP-31,SP,31.0,20.0,11.0,88.1,11.900000000000006,592.5,2.68,1.6018463,0.21
ltpp-31-0124-c1-L2-t2,ltpp-sdr39,LTPP-31,SP,46.0,17.0,29.0,95.9,4.099999999999994,592.5,2.68,1.681938615,0.17
ltpp-31-1030-c2-L1-t1,ltpp-sdr39,LTPP-31,SP,31.0,23.0,8.0,97.4,2.5999999999999943,592.5,2.68,1.665920152,0.19
ltpp-31-1030-c2-L1-t2,ltpp-sdr39,LTPP-31,SP,31.0,23.0,8.0,97.4,2.5999999999999943,592.5,2.68,1.617864763,0.19
ltpp-31-3024-c1-L1-t1,ltpp-sdr39,LTPP-31,SP,38.0,24.0,14.0,89.1,8.900000000000006,592.5,2.68,1.681938615,0.18
ltpp-31-3024-c1-L1-t2,ltpp-sdr39,LTPP-31,SP,38.0,24.0,14.0,89.1,8.900000000000006,592.5,2.68,1.874160171,0.13
ltpp-31-3024-c1-L2-t1,ltpp-sdr39,LTPP-31,SP,27.0,20.0,7.0,35.5,48.5,592.5,2.68,2.050363264,0.09
ltpp-31-3028-c1-L1-t1,ltpp-sdr39,LTPP-31,SP,50.0,21.0,29.0,98.4,1.5999999999999943,592.5,2.68,1.617864763,0.21
ltpp-31-3028-c1-L1-t2,ltpp-sdr39,LTPP-31,SP,50.0,21.0,29.0,98.4,1.5999999999999943,592.5,2.68,1.633883226,0.21
ltpp-31-4019-c1-L1-t1,ltpp-sdr39,LTPP-31,SP,39.0,20.0,19.0,95.6,4.400000000000006,592.5,2.68,1.665920152,0.19
ltpp-31-4019-c1-L1-t2,ltpp-sdr39,LTPP-31,SP,39.0,20.0,19.0,95.6,4.400000000000006,592.5,2.68,1.729994004,0.18
ltpp-31-5052-c1-L1-t1,ltpp-sdr39,LTPP-31,SP,40.0,22.0,18.0,97.0,3.0,592.5,2.68,1.697957078,0.19
ltpp-31-5052-c1-L1-t2,ltpp-sdr39,LTPP-31,SP,40.0,22.0,18.0,97.0,3.0,592.5,2.68,1.697957078,0.18
ltpp-31-6700-c2-L1-t1,ltpp-sdr39,LTPP-31,SP,30.0,23.0,7.0,96.9,3.0999999999999943,592.5,2.68,1.665920152,0.19
ltpp-31-6700-c2-L1-t2,ltpp-sdr39,LTPP-31,SP,30.0,23.0,7.0,96.9,3.0999999999999943,592.5,2.68,1.569809374,0.21
ltpp-31-6701-c1-L1-t1,ltpp-sdr39,LTPP-31,SP,21.0,19.0,2.0,57.9,42.1,592.5,2.68,1.794067856,0.13
ltpp-31-6701-c1-L1-t2,ltpp-sdr39,LTPP-31,SP,21.0,19.0,2.0,57.9,42.1,592.5,2.68,1.938234023,0.11
ltpp-31-7017-c1-L1-t1,ltpp-sdr39,LTPP-31,SP,44.0,22.0,22.0,88.9,11.099999999999994,592.5,2.68,1.617864763,0.19
ltpp-31-7017-c1-L1-t2,ltpp-sdr39,LTPP-31,SP,44.0,22.0,22.0,88.9,11.099999999999994,592.5,2.68,1.6018463,0.21
ltpp-31-7040-c1-L1-t1,ltpp-sdr39,LTPP-31,SP,51.0,17.0,34.0,72.5,27.5,592.5,2.68,1.505735522,0.19
ltpp-31-7040-c1-L1-t2,ltpp-sdr39,LTPP-31,SP,51.0,17.0,34.0,72.5,27.5,592.5,2.68,1.505735522,0.24
ltpp-31-7050-c1-L1-t1,ltpp-sdr39,LTPP-31,SP,40.0,21.0,19.0,91.6,7.400000000000006,592.5,2.68,1.681938615,0.19
ltpp-31-7050-c1-L1-t2,ltpp-sdr39,LTPP-31,SP,40.0,21.0,19.0,91.6,7.400000000000006,592.5,2.68,1.649901689,0.2
ltpp-32-0102-c1-L4-t2,ltpp-sdr39,LTPP-32,SP,25.0,14.0,11.0,11.2,29.8,592.5,2.68,2.226566357,0.06
ltpp-32-0104-c2-L3-t3,ltpp-sdr39,LTPP-32,SP,26.0,14.0,12.0,24.6,46.4,592.5,2.68,2.2441866663,0.06
ltpp-32-0106-c1-L1-t2,ltpp-sdr39,LTPP-32,SP,23.0,13.0,10.0,50.3,48.7,592.5,2.747,1.890178634,0.13
ltpp-32-0107-c1-L1-t2,ltpp-sdr39,LTPP-32,SP,30.0,15.0,15.0,48.2,51.8,592.5,2.68,1.874160171,0.14
ltpp-32-0109-c2-L4-t3,ltpp-sdr39,LTPP-32,SP,24.0,12.0,12.0,15.6,36.4,592.5,2.708,2.1913257384,0.06
ltpp-32-0110-c1-L3-t3,ltpp-sdr39,LTPP-32,SP,28.0,15.0,13.0,26.9,47.1,592.5,2.68,2.1817146606,0.07
ltpp-32-0111-c1-L1-t2,ltpp-sdr39,LTPP-32,SP,22.0,14.0,8.0,41.9,57.1,592.5,2.68,1.890178634,0.13
ltpp-32-0205-c1-L1-t1,ltpp-sdr39,LTPP-32,SP,42.0,23.0,19.0,45.9,40.1,592.5,2.68,1.697957078,0.21
ltpp-32-1021-c1-L2-t1,ltpp-sdr39,LTPP-32,SP,23.0,17.0,6.0,17.4,72.6,592.5,2.68,1.697957078,0.19
ltpp-32-1021-c1-L2-t2,ltpp-sdr39,LTPP-32,SP,23.0,17.0,6.0,17.4,72.6,592.5,2.68,1.76203093,0.17
ltpp-32-1030-c1-L1-t1,ltpp-sdr39,LTPP-32,SP,26.0,14.0,12.0,23.8,36.2,592.5,2.68,2.098418653,0.07
ltpp-32-1030-c1-L1-t2,ltpp-sdr39,LTPP-32,SP,26.0,14.0,12.0,23.8,36.2,592.5,2.68,2.018326338,0.09
ltpp-32-7084-c1-L2-t1,ltpp-sdr39,LTPP-32,SP,27.0,16.0,11.0,34.4,33.6,592.5,2.68,2.002307875,0.09
ltpp-32-7084-c1-L2-t2,ltpp-sdr39,LTPP-32,SP,27.0,16.0,11.0,34.4,33.6,592.5,2.68,1.954252486,0.1
ltpp-32-AA60-c2-L2-t1,ltpp-sdr39,LTPP-32,SP,32.0,16.0,16.0,26.3,57.7,592.5,2.68,1.954252486,0.1
ltpp-34-0502-c4-L1-t2,ltpp-sdr39,LTPP-34,SP,28.0,25.0,3.0,22.8,74.2,592.5,2.707,1.810086319,0.15
ltpp-34-0502-c4-L2-t1,ltpp-sdr39,LTPP-34,SP,,,0.0,15.3,72.7,592.5,2.68,2.1656961976,0.07
ltpp-34-0502-c4-L3-t1,ltpp-sdr39,LTPP-34,SP,19.0,17.0,2.0,11.1,52.9,592.5,2.68,2.2537977441,0.06
ltpp-34-0506-c2-L1-t1,ltpp-sdr39,LTPP-34,SP,,,0.0,9.7,80.3,592.5,2.706,2.1224463475,0.08
ltpp-34-0506-c2-L1-t2,ltpp-sdr39,LTPP-34,SP,,,0.0,9.7,80.3,592.5,2.706,2.0888075752,0.08
ltpp-34-0506-c2-L1-t2,ltpp-sdr39,LTPP-34,SP,,,0.0,9.7,80.3,592.5,2.706,2.0583724955,0.08
ltpp-34-0507-c2-L2-t1,ltpp-sdr39,LTPP-34,SP,,,0.0,12.5,72.5,592.5,2.725,2.0647798807,0.08
ltpp-34-0507-c2-L3-t1,ltpp-sdr39,LTPP-34,SP,,,0.0,7.0,52.0,592.5,2.776,2.0904094215,0.06
ltpp-34-0508-c2-L2-t1,ltpp-sdr39,LTPP-34,SP,21.0,17.0,4.0,24.1,66.9,592.5,2.685,2.1336592716,0.07
ltpp-34-0508-c2-L3-t1,ltpp-sdr39,LTPP-34,SP,20.0,17.0,3.0,22.8,67.2,592.5,2.695,2.1432703494000003,0.07
ltpp-34-0508-c2-L4-t1,ltpp-sdr39,LTPP-34,SP,,,0.0,6.8,47.2,592.5,2.782,2.08240019,0.08
ltpp-34-1033-c1-L1-t1,ltpp-sdr39,LTPP-34,SP,27.0,23.0,4.0,23.5,30.5,592.5,2.758,2.130455579,0.09
ltpp-34-1033-c1-L1-t2,ltpp-sdr39,LTPP-34,SP,27.0,23.0,4.0,23.5,30.5,592.5,2.758,2.002307875,0.1
ltpp-34-1033-c1-L2-t2,ltpp-sdr39,LTPP-34,SP,20.0,17.0,3.0,2.8,19.2,592.5,2.68,2.178510968,0.04
ltpp-34-6057-c1-L1-t2,ltpp-sdr39,LTPP-34,SP,26.0,22.0,4.0,10.0,49.0,592.5,2.68,1.938234023,0.11
ltpp-35-0101-c1-L1-t2,ltpp-sdr39,LTPP-35,SP,40.0,18.0,22.0,68.6,23.40000000000001,592.5,2.68,1.7123736947,0.17
ltpp-35-0102-c2-L1-t1,ltpp-sdr39,LTPP-35,SP,40.0,19.0,21.0,46.6,46.4,592.5,2.841,1.6018463,0.24
ltpp-35-0102-c2-L3-t1,ltpp-sdr39,LTPP-35,SP,,,0.0,6.4,48.6,592.5,2.668,2.1608906587,0.07
ltpp-35-0103-c1-L1-t2,ltpp-sdr39,LTPP-35,SP,70.0,28.0,42.0,89.6,9.400000000000006,592.5,2.68,1.5618001425,0.22
ltpp-35-0104-c1-L1-t1,ltpp-sdr39,LTPP-35,SP,51.0,26.0,25.0,68.1,21.90000000000001,592.5,2.884,1.553790911,0.26
ltpp-35-0105-c1-L1-t2,ltpp-sdr39,LTPP-35,SP,58.0,27.0,31.0,86.4,11.599999999999994,592.5,2.68,1.5746149129,0.22
ltpp-35-0107-c1-L1-t2,ltpp-sdr39,LTPP-35,SP,67.0,28.0,39.0,78.6,17.400000000000006,592.5,2.68,1.5762167592,0.2
ltpp-35-0108-c1-L1-t1,ltpp-sdr39,LTPP-35,SP,52.0,24.0,28.0,57.5,27.5,592.5,2.693,1.633883226,0.23
ltpp-35-0108-c1-L3-t2,ltpp-sdr39,LTPP-35,SP,34.0,15.0,19.0,21.7,42.3,592.5,2.695,2.146474042,0.07
ltpp-35-0109-c1-L1-t2,ltpp-sdr39,LTPP-35,SP,61.0,24.0,37.0,66.7,27.3,592.5,2.68,1.6867441539,0.19
ltpp-35-0109-c1-L3-t1,ltpp-sdr39,LTPP-35,SP,17.0,15.0,2.0,7.0,46.0,592.5,2.659,2.178510968,0.07
ltpp-35-0110-c1-L1-t1,ltpp-sdr39,LTPP-35,SP,34.0,20.0,14.0,33.0,52.0,592.5,2.745,1.76203093,0.17
ltpp-35-0111-c1-L1-t2,ltpp-sdr39,LTPP-35,SP,24.0,17.0,7.0,21.3,60.7,592.5,2.68,2.0263355695,0.09
ltpp-35-0111-c2-L1-t2,ltpp-sdr39,LTPP-35,SP,62.0,23.0,39.0,86.6,10.400000000000006,592.5,2.801,1.665920152,0.2
ltpp-35-0111-c2-L1-t2,ltpp-sdr39,LTPP-35,SP,62.0,23.0,39.0,86.6,10.400000000000006,592.5,2.801,1.713975541,0.18
ltpp-35-0504-c3-L1-t1,ltpp-sdr39,LTPP-35,SP,23.0,15.0,8.0,37.5,58.5,592.5,2.68,1.970270949,0.11
ltpp-35-0504-c3-L2-t1,ltpp-sdr39,LTPP-35,SP,38.0,19.0,19.0,40.0,40.0,592.5,2.68,2.114437116,0.08
ltpp-35-0506-c3-L1-t1,ltpp-sdr39,LTPP-35,SP,41.0,19.0,22.0,48.5,41.5,592.5,2.68,1.778049393,0.14
ltpp-35-0506-c3-L2-t1,ltpp-sdr39,LTPP-35,SP,25.0,19.0,6.0,23.8,33.2,592.5,2.68,2.146474042,0.07
ltpp-35-0508-c3-L1-t1,ltpp-sdr39,LTPP-35,SP,43.0,21.0,22.0,32.7,40.3,592.5,2.68,1.810086319,0.15
ltpp-35-0508-c3-L2-t1,ltpp-sdr39,LTPP-35,SP,28.0,18.0,10.0,10.0,32.0,592.5,2.68,2.178510968,0.07
ltpp-35-0801-c1-L1-t2,ltpp-sdr39,LTPP-35,SP,34.0,14.0,20.0,44.7,52.3,592.5,2.676,1.842123245,0.13
ltpp-35-0801-c1-L2-t2,ltpp-sdr39,LTPP-35,SP,29.0,13.0,16.0,21.7,49.3,592.5,2.633,2.194529431,0.06
ltpp-35-0802-c1-L1-t1,ltpp-sdr39,LTPP-35,SP,35.0,13.0,22.0,35.7,45.3,592.5,2.682,1.938234023,0.12
ltpp-35-0802-c1-L1-t2,ltpp-sdr39,LTPP-35,SP,35.0,13.0,22.0,35.7,45.3,592.5,2.682,1.569809374,0.23
ltpp-35-0802-c1-L2-t1,ltpp-sdr39,LTPP-35,SP,25.0,15.0,10.0,18.6,46.4,592.5,2.614,2.1929275847,0.05
ltpp-35-0802-c1-L2-t2,ltpp-sdr39,LTPP-35,SP,25.0,15.0,10.0,18.6,46.4,592.5,2.614,2.1849183532,0.05
ltpp-35-1002-c1-L1-t1,ltpp-sdr39,LTPP-35,SP,23.0,21.0,2.0,19.1,32.9,592.5,2.669,1.92221556,0.12
ltpp-35-1002-c1-L1-t2,ltpp-sdr39,LTPP-35,SP,23.0,21.0,2.0,19.1,32.9,592.5,2.669,1.938234023,0.11
ltpp-35-1002-c1-L2-t1,ltpp-sdr39,LTPP-35,SP,24.0,23.0,1.0,12.6,26.4,592.5,2.622,2.114437116,0.08
ltpp-35-1002-c1-L2-t2,ltpp-sdr39,LTPP-35,SP,24.0,23.0,1.0,12.6,26.4,592.5,2.622,2.08240019,0.09
ltpp-35-1003-c1-L2-t1,ltpp-sdr39,LTPP-35,SP,31.0,17.0,14.0,12.9,21.1,592.5,2.635,2.24258482,0.06
ltpp-35-1003-c1-L2-t2,ltpp-sdr39,LTPP-35,SP,31.0,17.0,14.0,12.9,21.1,592.5,2.635,2.226566357,0.06
ltpp-35-1005-c1-L1-t1,ltpp-sdr39,LTPP-35,SP,23.0,19.0,4.0,2.9,90.1,592.5,2.7,1.92221556,0.11
ltpp-35-1005-c1-L1-t2,ltpp-sdr39,LTPP-35,SP,23.0,19.0,4.0,2.9,90.1,592.5,2.7,1.890178634,0.13
ltpp-35-1022-c1-L1-t1,ltpp-sdr39,LTPP-35,SP,19.0,17.0,2.0,6.1,90.9,592.5,2.698,1.954252486,0.12
ltpp-35-1022-c1-L1-t2,ltpp-sdr39,LTPP-35,SP,19.0,17.0,2.0,6.1,90.9,592.5,2.698,1.954252486,0.11
ltpp-35-1112-c1-L2-t1,ltpp-sdr39,LTPP-35,SP,25.0,18.0,7.0,14.7,52.3,592.5,2.59,1.906197097,0.12
ltpp-35-1112-c1-L2-t2,ltpp-sdr39,LTPP-35,SP,25.0,18.0,7.0,14.7,52.3,592.5,2.59,1.970270949,0.08
ltpp-35-2007-c1-L2-t1,ltpp-sdr39,LTPP-35,SP,22.0,19.0,3.0,30.6,68.4,592.5,2.657,1.970270949,0.1
ltpp-35-2007-c1-L2-t2,ltpp-sdr39,LTPP-35,SP,22.0,19.0,3.0,30.6,68.4,592.5,2.657,1.938234023,0.1
ltpp-35-6033-c1-L1-t1,ltpp-sdr39,LTPP-35,SP,22.0,19.0,3.0,36.5,37.5,592.5,2.694,2.034344801,0.09
ltpp-35-6033-c1-L1-t2,ltpp-sdr39,LTPP-35,SP,22.0,19.0,3.0,36.5,37.5,592.5,2.694,2.002307875,0.1
ltpp-35-6035-c1-L1-t1,ltpp-sdr39,LTPP-35,SP,22.0,20.0,2.0,40.8,51.2,592.5,2.673,1.938234023,0.12
ltpp-35-6035-c1-L1-t2,ltpp-sdr39,LTPP-35,SP,22.0,20.0,2.0,40.8,51.2,592.5,2.673,1.938234023,0.11
ltpp-35-6401-c1-L1-t1,ltpp-sdr39,LTPP-35,SP,21.0,17.0,4.0,41.6,57.4,592.5,2.675,1.890178634,0.13
ltpp-35-6401-c1-L1-t2,ltpp-sdr39,LTPP-35,SP,21.0,17.0,4.0,41.6,57.4,592.5,2.675,1.954252486,0.1
ltpp-35-6401-c1-L3-t1,ltpp-sdr39,LTPP-35,SP,28.0,18.0,10.0,12.6,35.4,592.5,2.638,2.290640209,0.05
ltpp-35-6401-c1-L3-t2,ltpp-sdr39,LTPP-35,SP,28.0,18.0,10.0,12.6,35.4,592.5,2.638,2.258603283,0.05
ltpp-35-AA02-c2-L1-t1,ltpp-sdr39,LTPP-35,SP,24.0,13.0,11.0,31.8,49.2,592.5,2.68,1.9750764879,0.11
ltpp-35-AA61-c2-L1-t1,ltpp-sdr39,LTPP-35,SP,30.0,19.0,11.0,19.8,36.2,592.5,2.68,1.8933823266,0.13
ltpp-36-0802-c1-L2-t1,ltpp-sdr39,LTPP-36,SP,18.0,14.0,4.0,11.2,19.8,592.5,2.833,2.386750987,0.06
ltpp-36-0802-c1-L2-t2,ltpp-sdr39,LTPP-36,SP,18.0,14.0,4.0,11.2,19.8,592.5,2.833,2.418787913,0.05
ltpp-36-1008-c1-L2-t1,ltpp-sdr39,LTPP-36,SP,21.0,15.0,6.0,21.0,38.0,592.5,2.683,2.194529431,0.06
ltpp-36-1008-c1-L2-t2,ltpp-sdr39,LTPP-36,SP,21.0,15.0,6.0,21.0,38.0,592.5,2.683,2.178510968,0.06
ltpp-36-1011-c1-L1-t1,ltpp-sdr39,LTPP-36,SP,20.0,14.0,6.0,48.6,34.4,592.5,2.75,2.018326338,0.1
ltpp-36-1011-c1-L1-t2,ltpp-sdr39,LTPP-36,SP,20.0,14.0,6.0,48.6,34.4,592.5,2.75,2.018326338,0.11
ltpp-36-1011-c1-L2-t1,ltpp-sdr39,LTPP-36,SP,18.0,14.0,4.0,8.3,28.7,592.5,2.689,2.290640209,0.05
ltpp-36-1011-c1-L2-t2,ltpp-sdr39,LTPP-36,SP,18.0,14.0,4.0,8.3,28.7,592.5,2.689,2.258603283,0.06
ltpp-37-0201-c1-L1-t1,ltpp-sdr39,LTPP-37,SP,61.0,30.0,31.0,70.3,29.700000000000003,592.5,2.782,1.617864763,0.22
ltpp-37-0201-c1-L1-t2,ltpp-sdr39,LTPP-37,SP,61.0,30.0,31.0,70.3,29.700000000000003,592.5,2.782,1.44166167,0.29
ltpp-37-0202-c1-L1-t2,ltpp-sdr39,LTPP-37,SP,45.0,30.0,15.0,57.2,40.8,592.5,2.697,1.665920152,0.18
ltpp-37-0202-c1-L2-t2,ltpp-sdr39,LTPP-37,SP,50.0,48.0,2.0,7.4,36.6,592.5,2.689,1.649901689,0.2
ltpp-37-0203-c1-L2-t1,ltpp-sdr39,LTPP-37,SP,43.0,36.0,7.0,80.7,18.3,592.5,2.732,1.794067856,0.15
ltpp-37-0203-c1-L2-t2,ltpp-sdr39,LTPP-37,SP,43.0,36.0,7.0,80.7,18.3,592.5,2.732,1.746012467,0.16
ltpp-37-0203-c1-L3-t2,ltpp-sdr39,LTPP-37,SP,21.0,19.0,2.0,9.0,45.0,592.5,2.782,2.274621746,0.06
ltpp-37-0205-c1-L1-t2,ltpp-sdr39,LTPP-37,SP,46.0,30.0,16.0,60.7,37.3,592.5,2.679,1.617864763,0.19
ltpp-37-0205-c1-L2-t2,ltpp-sdr39,LTPP-37,SP,50.0,46.0,4.0,53.3,44.7,592.5,2.662,1.681938615,0.19
ltpp-37-0207-c1-L2-t2,ltpp-sdr39,LTPP-37,SP,,,0.0,29.2,46.8,592.5,2.877,1.810086319,0.13
ltpp-37-0208-c1-L1-t1,ltpp-sdr39,LTPP-37,SP,64.0,41.0,23.0,70.7,29.3,592.5,2.68,1.409624744,0.3
ltpp-37-0209-c1-L1-t1,ltpp-sdr39,LTPP-37,SP,63.0,40.0,23.0,84.3,15.700000000000005,592.5,2.758,1.489717059,0.25
ltpp-37-0209-c1-L1-t2,ltpp-sdr39,LTPP-37,SP,63.0,40.0,23.0,84.3,15.700000000000005,592.5,2.758,1.681938615,0.18
ltpp-37-0210-c1-L1-t1,ltpp-sdr39,LTPP-37,SP,44.0,35.0,9.0,58.6,39.4,592.5,2.68,1.633883226,0.2
ltpp-37-0210-c2-L1-t2,ltpp-sdr39,LTPP-37,SP,50.0,32.0,18.0,64.7,33.3,592.5,2.701,1.649901689,0.17
ltpp-37-0212-c1-L1-t1,ltpp-sdr39,LTPP-37,SP,48.0,26.0,22.0,66.4,33.599999999999994,592.5,2.68,1.665920152,0.2
ltpp-37-0212-c1-L1-t1,ltpp-sdr39,LTPP-37,SP,48.0,26.0,22.0,66.4,33.599999999999994,592.5,2.68,1.681938615,0.18
ltpp-37-0801-c1-L1-t1,ltpp-sdr39,LTPP-37,SP,,,0.0,12.7,87.3,592.5,2.669,1.794067856,0.12
ltpp-37-0801-c1-L1-t2,ltpp-sdr39,LTPP-37,SP,,,0.0,12.7,87.3,592.5,2.669,1.76203093,0.13
ltpp-37-0801-c1-L1-t2,ltpp-sdr39,LTPP-37,SP,,,0.0,12.7,87.3,592.5,2.669,1.729994004,0.12
ltpp-37-1024-c1-L1-t1,ltpp-sdr39,LTPP-37,SP,38.0,26.0,12.0,44.4,50.6,592.5,2.815,1.649901689,0.21
ltpp-37-1024-c1-L1-t2,ltpp-sdr39,LTPP-37,SP,38.0,26.0,12.0,44.4,50.6,592.5,2.815,1.76203093,0.18
ltpp-37-1352-c1-L1-t1,ltpp-sdr39,LTPP-37,SP,51.0,31.0,20.0,75.7,14.299999999999995,592.5,2.729,1.697957078,0.2
ltpp-37-1352-c1-L1-t2,ltpp-sdr39,LTPP-37,SP,51.0,31.0,20.0,75.7,14.299999999999995,592.5,2.729,1.649901689,0.2
ltpp-37-1352-c1-L2-t2,ltpp-sdr39,LTPP-37,SP,18.0,17.0,1.0,10.6,38.4,592.5,2.731,2.338695598,0.06
ltpp-37-1802-c1-L1-t1,ltpp-sdr39,LTPP-37,SP,38.0,24.0,14.0,49.8,36.2,592.5,2.688,1.76203093,0.16
ltpp-37-1802-c1-L1-t2,ltpp-sdr39,LTPP-37,SP,38.0,24.0,14.0,49.8,36.2,592.5,2.688,1.537772448,0.21
ltpp-37-1814-c1-L1-t1,ltpp-sdr39,LTPP-37,SP,32.0,28.0,4.0,40.6,44.4,592.5,2.753,2.002307875,0.11
ltpp-37-1814-c1-L1-t2,ltpp-sdr39,LTPP-37,SP,32.0,28.0,4.0,40.6,44.4,592.5,2.753,1.938234023,0.12
ltpp-37-1992-c1-L1-t2,ltpp-sdr39,LTPP-37,SP,34.0,30.0,4.0,39.6,46.4,592.5,2.812,1.729994004,0.18
ltpp-37-1992-c1-L2-t2,ltpp-sdr39,LTPP-37,SP,25.0,21.0,4.0,6.3,53.7,592.5,2.787,2.210547894,0.07
ltpp-37-2819-c1-L1-t1,ltpp-sdr39,LTPP-37,SP,42.0,31.0,11.0,57.3,41.7,592.5,2.746,1.665920152,0.21
ltpp-37-2819-c1-L1-t2,ltpp-sdr39,LTPP-37,SP,42.0,31.0,11.0,57.3,41.7,592.5,2.746,1.778049393,0.16
ltpp-37-2819-c1-L2-t1,ltpp-sdr39,LTPP-37,SP,40.0,28.0,12.0,43.8,31.200000000000003,592.5,2.577,2.130455579,0.08
ltpp-37-2824-c1-L1-t1,ltpp-sdr39,LTPP-37,SP,41.0,33.0,8.0,53.5,25.5,592.5,2.861,1.778049393,0.16
ltpp-37-2824-c1-L1-t2,ltpp-sdr39,LTPP-37,SP,41.0,33.0,8.0,53.5,25.5,592.5,2.861,1.377587818,0.29
ltpp-37-2825-c1-L1-t1,ltpp-sdr39,LTPP-37,SP,27.0,23.0,4.0,37.1,58.9,592.5,2.744,1.826104782,0.17
ltpp-37-2825-c1-L1-t2,ltpp-sdr39,LTPP-37,SP,27.0,23.0,4.0,37.1,58.9,592.5,2.744,1.874160171,0.14
ltpp-37-3011-c1-L1-t1,ltpp-sdr39,LTPP-37,SP,34.0,19.0,15.0,40.1,58.9,592.5,2.633,1.92221556,0.13
ltpp-37-3011-c1-L1-t2,ltpp-sdr39,LTPP-37,SP,34.0,19.0,15.0,40.1,58.9,592.5,2.633,1.954252486,0.12
ltpp-37-3816-c1-L1-t1,ltpp-sdr39,LTPP-37,SP,26.0,19.0,7.0,85.9,4.099999999999994,592.5,2.695,1.938234023,0.09
ltpp-37-3816-c1-L1-t2,ltpp-sdr39,LTPP-37,SP,26.0,19.0,7.0,85.9,4.099999999999994,592.5,2.695,1.92221556,0.11
ltpp-37-5037-c1-L1-t1,ltpp-sdr39,LTPP-37,SP,34.0,32.0,2.0,32.2,39.8,592.5,2.781,1.92221556,0.13
ltpp-37-5037-c1-L1-t2,ltpp-sdr39,LTPP-37,SP,34.0,32.0,2.0,32.2,39.8,592.5,2.781,1.810086319,0.16
ltpp-38-0214-c1-L1-t2,ltpp-sdr39,LTPP-38,SP,50.0,18.0,32.0,96.8,3.200000000000003,592.5,2.68,1.6018463,0.2
ltpp-38-0214-c1-L2-t2,ltpp-sdr39,LTPP-38,SP,45.0,18.0,27.0,94.1,4.900000000000006,592.5,2.68,1.633883226,0.21
ltpp-38-0215-c1-L1-t2,ltpp-sdr39,LTPP-38,SP,51.0,17.0,34.0,97.8,2.200000000000003,592.5,2.68,1.633883226,0.2
ltpp-38-0215-c1-L2-t2,ltpp-sdr39,LTPP-38,SP,48.0,20.0,28.0,96.8,3.200000000000003,592.5,2.68,1.617864763,0.21
ltpp-38-0215-c5-L2-t2,ltpp-sdr39,LTPP-38,SP,47.0,17.0,30.0,89.5,9.5,592.5,2.701,1.681938615,0.18
ltpp-38-0217-c1-L1-t2,ltpp-sdr39,LTPP-38,SP,51.0,17.0,34.0,97.2,2.799999999999997,592.5,2.68,1.633883226,0.2
ltpp-38-0217-c1-L2-t2,ltpp-sdr39,LTPP-38,SP,46.0,17.0,29.0,93.2,5.799999999999997,592.5,2.68,1.633883226,0.2
ltpp-38-0219-c1-L1-t2,ltpp-sdr39,LTPP-38,SP,54.0,19.0,35.0,97.6,2.4000000000000057,592.5,2.68,1.537772448,0.25
ltpp-38-0219-c1-L2-t2,ltpp-sdr39,LTPP-38,SP,61.0,19.0,42.0,95.6,3.4000000000000057,592.5,2.68,1.585827837,0.22
ltpp-38-0220-c1-L1-t2,ltpp-sdr39,LTPP-38,SP,53.0,17.0,36.0,97.4,2.5999999999999943,592.5,2.68,1.569809374,0.22
ltpp-38-0220-c1-L2-t2,ltpp-sdr39,LTPP-38,SP,54.0,20.0,34.0,93.0,6.0,592.5,2.68,1.617864763,0.21
ltpp-38-0222-c4-L2-t2,ltpp-sdr39,LTPP-38,SP,56.0,19.0,37.0,87.5,8.5,592.5,2.689,1.617864763,0.22
ltpp-38-0223-c4-L2-t2,ltpp-sdr39,LTPP-38,SP,50.0,17.0,33.0,90.0,8.0,592.5,2.667,1.633883226,0.2
ltpp-38-0224-c1-L1-t2,ltpp-sdr39,LTPP-38,SP,46.0,22.0,24.0,96.6,3.4000000000000057,592.5,2.68,1.553790911,0.23
ltpp-38-0224-c1-L2-t2,ltpp-sdr39,LTPP-38,SP,46.0,21.0,25.0,91.4,7.599999999999994,592.5,2.68,1.569809374,0.2
ltpp-38-0260-c1-L1-t2,ltpp-sdr39,LTPP-38,SP,55.0,18.0,37.0,97.5,2.5,592.5,2.68,1.569809374,0.22
ltpp-38-0260-c1-L2-t2,ltpp-sdr39,LTPP-38,SP,52.0,19.0,33.0,87.8,10.200000000000005,592.5,2.68,1.617864763,0.19
ltpp-38-0263-c1-L1-t2,ltpp-sdr39,LTPP-38,SP,52.0,21.0,31.0,97.4,2.5999999999999943,592.5,2.68,1.505735522,0.25
ltpp-38-0263-c1-L2-t2,ltpp-sdr39,LTPP-38,SP,52.0,21.0,31.0,93.6,5.400000000000006,592.5,2.68,1.585827837,0.21
ltpp-38-2001-c1-L1-t1,ltpp-sdr39,LTPP-38,SP,31.0,17.0,14.0,45.1,47.9,592.5,2.68,1.842123245,0.12
ltpp-38-2001-c1-L1-t2,ltpp-sdr39,LTPP-38,SP,31.0,17.0,14.0,45.1,47.9,592.5,2.68,1.842123245,0.15
ltpp-38-2001-c1-L2-t1,ltpp-sdr39,LTPP-38,SP,19.0,17.0,2.0,13.4,67.6,592.5,2.68,2.178510968,0.08
ltpp-38-2001-c1-L2-t2,ltpp-sdr39,LTPP-38,SP,19.0,17.0,2.0,13.4,67.6,592.5,2.68,2.146474042,0.08
ltpp-38-3005-c1-L1-t1,ltpp-sdr39,LTPP-38,SP,32.0,20.0,12.0,58.9,39.1,592.5,2.68,1.842123245,0.14
ltpp-38-3005-c1-L1-t2,ltpp-sdr39,LTPP-38,SP,32.0,20.0,12.0,58.9,39.1,592.5,2.68,1.794067856,0.16
ltpp-38-3005-c1-L2-t1,ltpp-sdr39,LTPP-38,SP,30.0,19.0,11.0,33.6,51.4,592.5,2.68,2.034344801,0.1
ltpp-38-3005-c1-L2-t2,ltpp-sdr39,LTPP-38,SP,30.0,19.0,11.0,33.6,51.4,592.5,2.68,2.146474042,0.08
ltpp-38-3006-c1-L1-t1,ltpp-sdr39,LTPP-38,SP,23.0,20.0,3.0,61.3,37.7,592.5,2.68,1.890178634,0.13
ltpp-38-3006-c1-L1-t2,ltpp-sdr39,LTPP-38,SP,23.0,20.0,3.0,61.3,37.7,592.5,2.68,1.906197097,0.13
ltpp-38-3006-c1-L2-t1,ltpp-sdr39,LTPP-38,SP,20.0,16.0,4.0,18.7,55.3,592.5,2.68,2.290640209,0.05
ltpp-38-3006-c1-L2-t2,ltpp-sdr39,LTPP-38,SP,20.0,16.0,4.0,18.7,55.3,592.5,2.68,2.274621746,0.06
ltpp-38-5002-c1-L1-t1,ltpp-sdr39,LTPP-38,SP,75.0,28.0,47.0,97.2,2.799999999999997,592.5,2.68,1.393606281,0.25
ltpp-38-5002-c1-L1-t2,ltpp-sdr39,LTPP-38,SP,75.0,28.0,47.0,97.2,2.799999999999997,592.5,2.68,1.345550892,0.28
ltpp-39-0106-c1-L1-t2,ltpp-sdr39,LTPP-39,SP,28.0,16.0,12.0,70.6,25.40000000000001,592.5,2.759,1.874160171,0.13
ltpp-39-0107-c1-L1-t1,ltpp-sdr39,LTPP-39,SP,34.0,17.0,17.0,71.8,23.200000000000003,592.5,2.68,1.810086319,0.15
ltpp-39-0108-c1-L1-t1,ltpp-sdr39,LTPP-39,SP,35.0,18.0,17.0,75.2,18.8,592.5,2.68,1.794067856,0.15
ltpp-39-0110-c1-L1-t1,ltpp-sdr39,LTPP-39,SP,35.0,17.0,18.0,70.0,22.0,592.5,2.68,1.826104782,0.15
ltpp-39-0111-c1-L1-t1,ltpp-sdr39,LTPP-39,SP,28.0,17.0,11.0,70.5,25.5,592.5,2.749,1.874160171,0.14
ltpp-39-0159-c1-L1-t1,ltpp-sdr39,LTPP-39,SP,36.0,20.0,16.0,62.0,29.0,592.5,2.68,1.826104782,0.16
ltpp-39-0160-c1-L1-t1,ltpp-sdr39,LTPP-39,SP,30.0,17.0,13.0,67.5,23.5,592.5,2.68,1.92221556,0.14
ltpp-39-0202-c1-L1-t2,ltpp-sdr39,LTPP-39,SP,30.0,17.0,13.0,71.1,22.90000000000001,592.5,2.68,1.842123245,0.14
ltpp-39-0204-c1-L1-t2,ltpp-sdr39,LTPP-39,SP,40.0,18.0,22.0,76.6,21.40000000000001,592.5,2.741,1.890178634,0.14
ltpp-39-0204-c1-L2-t2,ltpp-sdr39,LTPP-39,SP,38.0,15.0,23.0,67.3,25.700000000000003,592.5,2.749,1.890178634,0.14
ltpp-39-0204-c1-L2-t2,ltpp-sdr39,LTPP-39,SP,38.0,15.0,23.0,67.3,25.700000000000003,592.5,2.749,1.954252486,0.12
ltpp-39-0204-c1-L2-t2,ltpp-sdr39,LTPP-39,SP,38.0,15.0,23.0,67.3,25.700000000000003,592.5,2.749,1.858141708,0.15
ltpp-39-0205-c1-L1-t2,ltpp-sdr39,LTPP-39,SP,37.0,20.0,17.0,79.4,17.599999999999994,592.5,2.68,1.746012467,0.16
ltpp-39-0207-c1-L1-t1,ltpp-sdr39,LTPP-39,SP,30.0,17.0,13.0,71.8,23.200000000000003,592.5,2.68,1.842123245,0.15
ltpp-39-0209-c1-L1-t2,ltpp-sdr39,LTPP-39,SP,32.0,16.0,16.0,70.0,22.0,592.5,2.68,1.858141708,0.14
ltpp-39-0210-c1-L1-t2,ltpp-sdr39,LTPP-39,SP,31.0,16.0,15.0,74.7,21.3,592.5,2.68,1.826104782,0.15
ltpp-39-0211-c1-L1-t2,ltpp-sdr39,LTPP-39,SP,33.0,18.0,15.0,71.5,23.5,592.5,2.742,1.890178634,0.12
ltpp-39-0211-c1-L1-t2,ltpp-sdr39,LTPP-39,SP,33.0,18.0,15.0,71.5,23.5,592.5,2.742,1.906197097,0.13
ltpp-39-0212-c1-L2-t2,ltpp-sdr39,LTPP-39,SP,41.0,18.0,23.0,79.3,18.700000000000003,592.5,2.769,1.794067856,0.16
ltpp-39-0262-c1-L1-t2,ltpp-sdr39,LTPP-39,SP,47.0,20.0,27.0,72.2,21.8,592.5,2.68,1.810086319,0.15
ltpp-39-0264-c1-L1-t2,ltpp-sdr39,LTPP-39,SP,41.0,23.0,18.0,77.0,19.0,592.5,2.68,1.633883226,0.22
ltpp-39-0809-c1-L1-t2,ltpp-sdr39,LTPP-39,SP,47.0,23.0,24.0,79.8,17.200000000000003,592.5,2.68,1.697957078,0.18
ltpp-39-0809-c1-L2-t2,ltpp-sdr39,LTPP-39,SP,43.0,19.0,24.0,73.7,22.3,592.5,2.761,1.7347995429,0.18
ltpp-39-0810-c1-L1-t1,ltpp-sdr39,LTPP-39,SP,44.0,18.0,26.0,85.4,14.599999999999994,592.5,2.759,1.842123245,0.15
ltpp-39-0810-c1-L1-t1,ltpp-sdr39,LTPP-39,SP,44.0,18.0,26.0,85.4,14.599999999999994,592.5,2.759,1.681938615,0.19
ltpp-39-0810-c1-L1-t2,ltpp-sdr39,LTPP-39,SP,44.0,18.0,26.0,85.4,14.599999999999994,592.5,2.759,1.858141708,0.15
ltpp-39-0810-c1-L1-t2,ltpp-sdr39,LTPP-39,SP,44.0,18.0,26.0,85.4,14.599999999999994,592.5,2.759,1.746012467,0.18
ltpp-39-0810-c1-L2-t1,ltpp-sdr39,LTPP-39,SP,38.0,18.0,20.0,71.8,23.200000000000003,592.5,2.755,1.842123245,0.15
ltpp-39-0810-c1-L2-t1,ltpp-sdr39,LTPP-39,SP,38.0,18.0,20.0,71.8,23.200000000000003,592.5,2.755,1.8645490932,0.15
ltpp-39-0810-c1-L2-t2,ltpp-sdr39,LTPP-39,SP,38.0,18.0,20.0,71.8,23.200000000000003,592.5,2.755,1.858141708,0.15
ltpp-39-0810-c1-L2-t2,ltpp-sdr39,LTPP-39,SP,38.0,18.0,20.0,71.8,23.200000000000003,592.5,2.755,1.8277066283,0.16
ltpp-39-0902-c1-L1-t3,ltpp-sdr39,LTPP-39,SP,35.0,15.0,20.0,72.6,24.40000000000001,592.5,2.738,1.890178634,0.14
ltpp-39-0902-c1-L1-t3,ltpp-sdr39,LTPP-39,SP,35.0,15.0,20.0,72.6,24.40000000000001,592.5,2.738,1.9286229452,0.12
ltpp-39-3013-c1-L1-t1,ltpp-sdr39,LTPP-39,SP,32.0,18.0,14.0,79.8,19.200000000000003,592.5,2.68,1.826104782,0.14
ltpp-39-3013-c1-L1-t2,ltpp-sdr39,LTPP-39,SP,32.0,18.0,14.0,79.8,19.200000000000003,592.5,2.68,1.729994004,0.16
ltpp-39-3801-c1-L1-t1,ltpp-sdr39,LTPP-39,SP,27.0,19.0,8.0,46.1,22.9,592.5,2.68,1.954252486,0.11
ltpp-39-3801-c1-L1-t2,ltpp-sdr39,LTPP-39,SP,27.0,19.0,8.0,46.1,22.9,592.5,2.68,1.906197097,0.11
ltpp-39-4018-c1-L1-t1,ltpp-sdr39,LTPP-39,SP,21.0,16.0,5.0,5.6,50.4,592.5,2.68,2.130455579,0.08
ltpp-39-4031-c1-L1-t1,ltpp-sdr39,LTPP-39,SP,22.0,15.0,7.0,64.8,27.200000000000003,592.5,2.68,1.986289412,0.11
ltpp-39-4031-c1-L1-t2,ltpp-sdr39,LTPP-39,SP,22.0,15.0,7.0,64.8,27.200000000000003,592.5,2.68,1.986289412,0.1
ltpp-39-4031-c1-L2-t2,ltpp-sdr39,LTPP-39,SP,18.0,16.0,2.0,10.8,48.2,592.5,2.68,2.194529431,0.07
ltpp-39-5003-c1-L1-t2,ltpp-sdr39,LTPP-39,SP,23.0,17.0,6.0,74.7,20.3,592.5,2.68,1.906197097,0.12
ltpp-39-5010-c2-L1-t1,ltpp-sdr39,LTPP-39,SP,24.0,17.0,7.0,45.5,39.5,592.5,2.68,1.92221556,0.12
ltpp-39-5010-c2-L1-t2,ltpp-sdr39,LTPP-39,SP,24.0,17.0,7.0,45.5,39.5,592.5,2.68,2.002307875,0.11
ltpp-39-5569-c1-L1-t2,ltpp-sdr39,LTPP-39,SP,34.0,20.0,14.0,82.7,13.299999999999995,592.5,2.68,1.874160171,0.13
ltpp-39-7021-c1-L1-t1,ltpp-sdr39,LTPP-39,SP,27.0,16.0,11.0,74.0,23.0,592.5,2.68,1.842123245,0.16
ltpp-39-7021-c1-L1-t2,ltpp-sdr39,LTPP-39,SP,27.0,16.0,11.0,74.0,23.0,592.5,2.68,1.842123245,0.15
ltpp-39-9006-c1-L1-t1,ltpp-sdr39,LTPP-39,SP,29.0,18.0,11.0,71.5,24.5,592.5,2.68,1.874160171,0.14
ltpp-39-9006-c1-L1-t2,ltpp-sdr39,LTPP-39,SP,29.0,18.0,11.0,71.5,24.5,592.5,2.68,1.778049393,0.15
ltpp-39-9022-c1-L1-t1,ltpp-sdr39,LTPP-39,SP,45.0,21.0,24.0,86.1,12.900000000000006,592.5,2.68,1.697957078,0.18
ltpp-39-9022-c1-L1-t2,ltpp-sdr39,LTPP-39,SP,45.0,21.0,24.0,86.1,12.900000000000006,592.5,2.68,1.681938615,0.18
ltpp-39-A803-c1-L2-t1,ltpp-sdr39,LTPP-39,SP,41.0,30.0,11.0,52.8,31.200000000000003,592.5,2.722,1.7428087744,0.2
ltpp-39-A803-c1-L2-t2,ltpp-sdr39,LTPP-39,SP,41.0,30.0,11.0,52.8,31.200000000000003,592.5,2.722,1.7812530856,0.18
ltpp-39-A804-c1-L2-t2,ltpp-sdr39,LTPP-39,SP,40.0,27.0,13.0,59.1,33.9,592.5,2.758,1.7508180059,0.18
ltpp-4-0114-c1-L1-t2,ltpp-sdr39,LTPP-4,SP,24.0,17.0,7.0,18.3,45.7,592.5,2.68,2.130455579,0.08
ltpp-4-0115-c1-L1-t2,ltpp-sdr39,LTPP-4,SP,20.0,18.0,2.0,24.7,63.3,592.5,2.68,2.114437116,0.09
ltpp-4-0118-c1-L1-t2,ltpp-sdr39,LTPP-4,SP,28.0,15.0,13.0,30.8,46.2,592.5,2.68,2.018326338,0.1
ltpp-4-0118-c3-L1-t1,ltpp-sdr39,LTPP-4,SP,26.0,21.0,5.0,13.6,52.4,592.5,2.749,2.114437116,0.08
ltpp-4-0120-c2-L1-t1,ltpp-sdr39,LTPP-4,SP,27.0,13.0,14.0,24.4,53.6,592.5,2.731,2.066381727,0.08
ltpp-4-0121-c1-L1-t2,ltpp-sdr39,LTPP-4,SP,21.0,18.0,3.0,15.6,49.4,592.5,2.68,2.130455579,0.08
ltpp-4-0121-c2-L1-t1,ltpp-sdr39,LTPP-4,SP,26.0,16.0,10.0,15.8,54.2,592.5,2.748,2.114437116,0.08
ltpp-4-0161-c3-L1-t1,ltpp-sdr39,LTPP-4,SP,24.0,22.0,2.0,17.9,58.1,592.5,2.717,2.08240019,0.1
ltpp-4-0216-c1-L1-t2,ltpp-sdr39,LTPP-4,SP,22.0,19.0,3.0,25.6,57.4,592.5,2.692,2.08240019,0.09
ltpp-4-0220-c1-L1-t2,ltpp-sdr39,LTPP-4,SP,28.0,22.0,6.0,20.9,62.1,592.5,2.681,1.970270949,0.12
ltpp-4-0222-c1-L1-t2,ltpp-sdr39,LTPP-4,SP,31.0,20.0,11.0,21.7,59.3,592.5,2.691,2.034344801,0.11
ltpp-4-0260-c1-L1-t2,ltpp-sdr39,LTPP-4,SP,24.0,19.0,5.0,35.8,56.2,592.5,2.68,1.986289412,0.11
ltpp-4-0261-c1-L1-t2,ltpp-sdr39,LTPP-4,SP,25.0,21.0,4.0,29.9,53.1,592.5,2.68,1.986289412,0.1
ltpp-4-0263-c1-L1-t2,ltpp-sdr39,LTPP-4,SP,28.0,20.0,8.0,33.0,56.0,592.5,2.68,1.954252486,0.11
ltpp-4-0267-c1-L1-t2,ltpp-sdr39,LTPP-4,SP,28.0,19.0,9.0,30.9,59.1,592.5,2.68,1.986289412,0.1
ltpp-4-0502-c1-L1-t2,ltpp-sdr39,LTPP-4,SP,28.0,20.0,8.0,28.5,58.5,592.5,2.68,2.050363264,0.08
ltpp-4-0504-c1-L1-t2,ltpp-sdr39,LTPP-4,SP,22.0,16.0,6.0,25.5,47.5,592.5,2.68,2.146474042,0.07
ltpp-4-0505-c1-L1-t2,ltpp-sdr39,LTPP-4,SP,27.0,19.0,8.0,38.7,48.3,592.5,2.68,2.018326338,0.09
ltpp-4-0506-c7-L1-t3,ltpp-sdr39,LTPP-4,SP,23.0,16.0,7.0,19.1,64.9,592.5,2.665,2.162492505,0.07
ltpp-4-0506-c7-L2-t3,ltpp-sdr39,LTPP-4,SP,26.0,18.0,8.0,34.4,54.6,592.5,2.635,2.066381727,0.09
ltpp-4-0507-c1-L1-t1,ltpp-sdr39,LTPP-4,SP,21.0,16.0,5.0,26.4,45.6,592.5,2.68,2.130455579,0.07
ltpp-4-0508-c5-L2-t1,ltpp-sdr39,LTPP-4,SP,,,0.0,9.0,66.0,592.5,2.656,2.1160389623,0.07
ltpp-4-0508-c5-L2-t1,ltpp-sdr39,LTPP-4,SP,,,0.0,9.0,66.0,592.5,2.656,2.1560851198,0.06
ltpp-4-0509-c1-L1-t1,ltpp-sdr39,LTPP-4,SP,23.0,18.0,5.0,24.4,58.6,592.5,2.68,2.08240019,0.08
ltpp-4-0509-c6-L2-t3,ltpp-sdr39,LTPP-4,SP,22.0,17.0,5.0,36.0,54.0,592.5,2.642,2.08240019,0.09
ltpp-4-0559-c1-L1-t2,ltpp-sdr39,LTPP-4,SP,24.0,18.0,6.0,32.9,55.1,592.5,2.68,1.986289412,0.1
ltpp-4-0603-c1-L1-t2,ltpp-sdr39,LTPP-4,SP,22.0,14.0,8.0,27.9,33.1,592.5,2.68,2.146474042,0.08
ltpp-4-0603-c1-L2-t2,ltpp-sdr39,LTPP-4,SP,20.0,16.0,4.0,25.4,33.6,592.5,2.68,2.194529431,0.06
ltpp-4-0604-c1-L1-t1,ltpp-sdr39,LTPP-4,SP,20.0,13.0,7.0,40.5,38.5,592.5,2.68,2.08240019,0.08
ltpp-4-0604-c1-L2-t1,ltpp-sdr39,LTPP-4,SP,20.0,15.0,5.0,25.5,34.5,592.5,2.68,2.24258482,0.06
ltpp-4-0608-c1-L1-t2,ltpp-sdr39,LTPP-4,SP,24.0,14.0,10.0,61.2,21.8,592.5,2.68,1.986289412,0.1
ltpp-4-0608-c1-L2-t2,ltpp-sdr39,LTPP-4,SP,21.0,16.0,5.0,45.3,33.7,592.5,2.68,2.130455579,0.08
ltpp-4-0608-c1-L3-t2,ltpp-sdr39,LTPP-4,SP,20.0,16.0,4.0,29.6,33.4,592.5,2.68,2.194529431,0.06
ltpp-4-0662-c1-L2-t2,ltpp-sdr39,LTPP-4,SP,21.0,15.0,6.0,47.7,30.3,592.5,2.68,2.162492505,0.07
ltpp-4-0662-c1-L3-t2,ltpp-sdr39,LTPP-4,SP,19.0,17.0,2.0,26.3,35.7,592.5,2.68,2.210547894,0.06
ltpp-4-0902-c1-L1-t2,ltpp-sdr39,LTPP-4,SP,27.0,21.0,6.0,22.5,55.5,592.5,2.68,1.970270949,0.11
ltpp-4-1001-c2-L1-t1,ltpp-sdr39,LTPP-4,SP,30.0,15.0,15.0,30.9,56.1,592.5,2.68,1.970270949,0.11
ltpp-4-1001-c2-L1-t2,ltpp-sdr39,LTPP-4,SP,30.0,15.0,15.0,30.9,56.1,592.5,2.68,2.098418653,0.08
ltpp-4-1003-c2-L1-t1,ltpp-sdr39,LTPP-4,SP,31.0,18.0,13.0,34.4,52.6,592.5,2.68,1.906197097,0.12
ltpp-4-1003-c2-L2-t1,ltpp-sdr39,LTPP-4,SP,25.0,17.0,8.0,16.9,59.1,592.5,2.68,2.130455579,0.07
ltpp-4-1003-c2-L2-t2,ltpp-sdr39,LTPP-4,SP,25.0,17.0,8.0,16.9,59.1,592.5,2.68,2.098418653,0.08
ltpp-4-1006-c1-L1-t1,ltpp-sdr39,LTPP-4,SP,26.0,17.0,9.0,24.9,65.1,592.5,2.68,2.018326338,0.1
ltpp-4-1006-c1-L1-t2,ltpp-sdr39,LTPP-4,SP,26.0,17.0,9.0,24.9,65.1,592.5,2.68,2.034344801,0.1
ltpp-4-1007-c1-L1-t1,ltpp-sdr39,LTPP-4,SP,34.0,20.0,14.0,23.5,59.5,592.5,2.68,1.986289412,0.1
ltpp-4-1007-c1-L1-t2,ltpp-sdr39,LTPP-4,SP,34.0,20.0,14.0,23.5,59.5,592.5,2.68,2.018326338,0.1
ltpp-4-1015-c1-L1-t1,ltpp-sdr39,LTPP-4,SP,43.0,16.0,27.0,29.5,42.5,592.5,2.68,1.794067856,0.15
ltpp-4-1015-c1-L1-t2,ltpp-sdr39,LTPP-4,SP,43.0,16.0,27.0,29.5,42.5,592.5,2.68,1.76203093,0.15
ltpp-4-1015-c1-L2-t1,ltpp-sdr39,LTPP-4,SP,26.0,17.0,9.0,16.2,51.8,592.5,2.68,2.066381727,0.09
ltpp-4-1015-c1-L2-t2,ltpp-sdr39,LTPP-4,SP,26.0,17.0,9.0,16.2,51.8,592.5,2.68,2.034344801,0.09
ltpp-4-1016-c1-L1-t1,ltpp-sdr39,LTPP-4,SP,27.0,17.0,10.0,13.8,33.2,592.5,2.68,1.986289412,0.1
ltpp-4-1016-c1-L1-t2,ltpp-sdr39,LTPP-4,SP,27.0,17.0,10.0,13.8,33.2,592.5,2.68,1.938234023,0.12
ltpp-4-1016-c1-L2-t1,ltpp-sdr39,LTPP-4,SP,31.0,18.0,13.0,17.5,44.5,592.5,2.68,2.098418653,0.08
ltpp-4-1016-c1-L2-t2,ltpp-sdr39,LTPP-4,SP,31.0,18.0,13.0,17.5,44.5,592.5,2.68,2.146474042,0.08
ltpp-4-1017-c2-L1-t1,ltpp-sdr39,LTPP-4,SP,32.0,16.0,16.0,22.7,45.3,592.5,2.68,2.050363264,0.1
ltpp-4-1018-c2-L1-t1,ltpp-sdr39,LTPP-4,SP,23.0,14.0,9.0,17.3,51.7,592.5,2.68,2.066381727,0.1
ltpp-4-1018-c2-L1-t2,ltpp-sdr39,LTPP-4,SP,23.0,14.0,9.0,17.3,51.7,592.5,2.68,1.76203093,0.17
ltpp-4-1018-c2-L2-t1,ltpp-sdr39,LTPP-4,SP,26.0,16.0,10.0,20.9,44.1,592.5,2.68,2.178510968,0.07
ltpp-4-1018-c2-L2-t2,ltpp-sdr39,LTPP-4,SP,26.0,16.0,10.0,20.9,44.1,592.5,2.68,2.178510968,0.06
ltpp-4-1024-c2-L1-t1,ltpp-sdr39,LTPP-4,SP,38.0,14.0,24.0,28.5,35.5,592.5,2.68,1.92221556,0.12
ltpp-4-1024-c2-L1-t2,ltpp-sdr39,LTPP-4,SP,38.0,14.0,24.0,28.5,35.5,592.5,2.68,1.906197097,0.11
ltpp-4-1024-c2-L2-t1,ltpp-sdr39,LTPP-4,SP,28.0,12.0,16.0,12.3,24.7,592.5,2.68,2.24258482,0.07
ltpp-4-1036-c1-L1-t1,ltpp-sdr39,LTPP-4,SP,28.0,19.0,9.0,12.4,63.6,592.5,2.68,2.018326338,0.09
ltpp-4-1036-c1-L1-t2,ltpp-sdr39,LTPP-4,SP,28.0,19.0,9.0,12.4,63.6,592.5,2.68,1.986289412,0.11
ltpp-4-1062-c2-L1-t1,ltpp-sdr39,LTPP-4,SP,37.0,24.0,13.0,17.8,47.2,592.5,2.68,1.76203093,0.17
ltpp-4-1062-c2-L1-t2,ltpp-sdr39,LTPP-4,SP,37.0,24.0,13.0,17.8,47.2,592.5,2.68,1.489717059,0.16
ltpp-4-1065-c2-L1-t1,ltpp-sdr39,LTPP-4,SP,37.0,23.0,14.0,19.5,50.5,592.5,2.68,1.713975541,0.2
ltpp-4-6053-c1-L1-t1,ltpp-sdr39,LTPP-4,SP,24.0,11.0,13.0,33.4,60.6,592.5,2.68,1.970270949,0.1
ltpp-4-6053-c1-L1-t2,ltpp-sdr39,LTPP-4,SP,24.0,11.0,13.0,33.4,60.6,592.5,2.68,2.08240019,0.07
ltpp-4-6053-c1-L2-t1,ltpp-sdr39,LTPP-4,SP,20.0,14.0,6.0,19.8,62.2,592.5,2.68,2.210547894,0.06
ltpp-4-6053-c1-L2-t2,ltpp-sdr39,LTPP-4,SP,20.0,14.0,6.0,19.8,62.2,592.5,2.68,2.130455579,0.07
ltpp-4-6054-c1-L1-t1,ltpp-sdr39,LTPP-4,SP,17.0,15.0,2.0,30.1,63.9,592.5,2.68,2.066381727,0.09
ltpp-4-6054-c1-L1-t2,ltpp-sdr39,LTPP-4,SP,17.0,15.0,2.0,30.1,63.9,592.5,2.68,2.034344801,0.09
ltpp-4-6055-c1-L1-t1,ltpp-sdr39,LTPP-4,SP,28.0,18.0,10.0,25.4,43.6,592.5,2.68,2.002307875,0.09
ltpp-4-6055-c1-L1-t2,ltpp-sdr39,LTPP-4,SP,28.0,18.0,10.0,25.4,43.6,592.5,2.68,2.050363264,0.09
ltpp-4-6060-c2-L1-t1,ltpp-sdr39,LTPP-4,SP,26.0,14.0,12.0,17.4,50.6,592.5,2.68,2.002307875,0.1
ltpp-4-6060-c2-L1-t2,ltpp-sdr39,LTPP-4,SP,26.0,14.0,12.0,17.4,50.6,592.5,2.68,1.986289412,0.1
ltpp-4-7079-c1-L1-t1,ltpp-sdr39,LTPP-4,SP,36.0,16.0,20.0,50.9,43.1,592.5,2.68,1.826104782,0.14
ltpp-4-7079-c1-L1-t2,ltpp-sdr39,LTPP-4,SP,36.0,16.0,20.0,50.9,43.1,592.5,2.68,1.826104782,0.13
ltpp-4-7613-c1-L1-t1,ltpp-sdr39,LTPP-4,SP,48.0,20.0,28.0,13.1,19.9,592.5,2.68,1.986289412,0.1
ltpp-4-7613-c1-L1-t2,ltpp-sdr39,LTPP-4,SP,48.0,20.0,28.0,13.1,19.9,592.5,2.68,1.794067856,0.16
ltpp-4-A902-c1-L1-t2,ltpp-sdr39,LTPP-4,SP,25.0,20.0,5.0,20.3,55.7,592.5,2.68,2.034344801,0.1
ltpp-4-BA01-c1-L1-t1,ltpp-sdr39,LTPP-4,SP,20.0,17.0,3.0,12.2,43.8,592.5,2.68,2.066381727,0.09
ltpp-4-BA61-c1-L1-t1,ltpp-sdr39,LTPP-4,SP,23.0,18.0,5.0,13.9,47.1,592.5,2.68,2.0263355695,0.09
ltpp-40-0114-c1-L1-t2,ltpp-sdr39,LTPP-40,SP,27.0,19.0,8.0,31.0,58.0,592.5,2.68,1.954252486,0.11
ltpp-40-0116-c1-L1-t2,ltpp-sdr39,LTPP-40,SP,44.0,19.0,25.0,45.2,49.8,592.5,2.68,1.76203093,0.15
ltpp-40-0120-c1-L1-t2,ltpp-sdr39,LTPP-40,SP,41.0,17.0,24.0,43.5,53.5,592.5,2.68,1.794067856,0.14
ltpp-40-0122-c1-L1-t2,ltpp-sdr39,LTPP-40,SP,31.0,16.0,15.0,38.8,56.2,592.5,2.68,1.874160171,0.11
ltpp-40-0123-c1-L1-t2,ltpp-sdr39,LTPP-40,SP,36.0,16.0,20.0,45.9,53.1,592.5,2.68,1.8821694025,0.12
ltpp-40-0502-c1-L1-t1,ltpp-sdr39,LTPP-40,SP,35.0,17.0,18.0,45.0,54.0,592.5,2.68,1.826104782,0.14
ltpp-40-0502-c1-L1-t1,ltpp-sdr39,LTPP-40,SP,35.0,17.0,18.0,45.0,54.0,592.5,2.68,1.826104782,0.13
ltpp-40-0504-c1-L1-t1,ltpp-sdr39,LTPP-40,SP,36.0,16.0,20.0,29.4,63.6,592.5,2.68,1.810086319,0.14
ltpp-40-0601-c1-L1-t1,ltpp-sdr39,LTPP-40,SP,55.0,19.0,36.0,90.2,9.799999999999995,592.5,2.68,1.649901689,0.19
ltpp-40-0601-c1-L2-t1,ltpp-sdr39,LTPP-40,SP,21.0,17.0,4.0,29.0,70.0,592.5,2.68,1.7748457004,0.1
ltpp-40-0602-c6-L1-t1,ltpp-sdr39,LTPP-40,SP,33.0,14.0,19.0,84.7,15.299999999999995,592.5,2.68,1.746012467,0.13
ltpp-40-0602-c6-L2-t1,ltpp-sdr39,LTPP-40,SP,,,0.0,71.4,28.599999999999994,592.5,2.68,1.778049393,0.12
ltpp-40-0603-c5-L1-t2,ltpp-sdr39,LTPP-40,SP,34.0,13.0,21.0,74.9,25.099999999999994,592.5,2.68,1.76203093,0.16
ltpp-40-0603-c5-L2-t2,ltpp-sdr39,LTPP-40,SP,,,0.0,16.3,83.7,592.5,2.68,1.729994004,0.12
ltpp-40-0604-c1-L1-t1,ltpp-sdr39,LTPP-40,SP,57.0,18.0,39.0,94.0,6.0,592.5,2.68,1.585827837,0.21
ltpp-40-0604-c1-L2-t1,ltpp-sdr39,LTPP-40,SP,21.0,16.0,5.0,25.6,74.4,592.5,2.68,1.7203829262,0.12
ltpp-40-0604-c4-L1-t2,ltpp-sdr39,LTPP-40,SP,40.0,14.0,26.0,74.6,25.40000000000001,592.5,2.68,1.826104782,0.14
ltpp-40-0604-c4-L2-t2,ltpp-sdr39,LTPP-40,SP,,,0.0,27.0,73.0,592.5,2.68,1.76203093,0.12
ltpp-40-0606-c1-L1-t1,ltpp-sdr39,LTPP-40,SP,32.0,17.0,15.0,85.9,14.099999999999994,592.5,2.68,1.794067856,0.14
ltpp-40-0606-c1-L2-t1,ltpp-sdr39,LTPP-40,SP,20.0,16.0,4.0,16.8,83.2,592.5,2.68,1.7091700021,0.12
ltpp-40-1017-c1-L1-t1,ltpp-sdr39,LTPP-40,SP,30.0,20.0,10.0,95.2,4.799999999999997,592.5,2.593,1.746012467,0.16
ltpp-40-1017-c1-L1-t2,ltpp-sdr39,LTPP-40,SP,30.0,20.0,10.0,95.2,4.799999999999997,592.5,2.593,1.76203093,0.14
ltpp-40-3018-c1-L1-t1,ltpp-sdr39,LTPP-40,SP,44.0,19.0,25.0,89.0,8.0,592.5,2.72,1.729994004,0.19
ltpp-40-3018-c1-L1-t2,ltpp-sdr39,LTPP-40,SP,44.0,19.0,25.0,89.0,8.0,592.5,2.72,1.633883226,0.21
ltpp-40-4087-c1-L1-t1,ltpp-sdr39,LTPP-40,SP,44.0,23.0,21.0,88.6,11.400000000000006,592.5,2.686,1.649901689,0.19
ltpp-40-4087-c1-L1-t2,ltpp-sdr39,LTPP-40,SP,44.0,23.0,21.0,88.6,11.400000000000006,592.5,2.686,1.810086319,0.15
ltpp-40-4088-c1-L1-t1,ltpp-sdr39,LTPP-40,SP,24.0,15.0,9.0,49.0,51.0,592.5,2.609,1.874160171,0.12
ltpp-40-4088-c1-L1-t2,ltpp-sdr39,LTPP-40,SP,24.0,15.0,9.0,49.0,51.0,592.5,2.609,1.6018463,0.21
ltpp-40-4155-c1-L1-t1,ltpp-sdr39,LTPP-40,SP,24.0,21.0,3.0,56.3,39.7,592.5,2.586,1.842123245,0.14
ltpp-40-4155-c1-L1-t2,ltpp-sdr39,LTPP-40,SP,24.0,21.0,3.0,56.3,39.7,592.5,2.586,1.890178634,0.12
ltpp-40-4160-c1-L1-t1,ltpp-sdr39,LTPP-40,SP,55.0,22.0,33.0,85.9,13.099999999999994,592.5,2.647,1.681938615,0.19
ltpp-40-4160-c1-L1-t2,ltpp-sdr39,LTPP-40,SP,55.0,22.0,33.0,85.9,13.099999999999994,592.5,2.647,1.713975541,0.17
ltpp-40-4160-c1-L2-t1,ltpp-sdr39,LTPP-40,SP,24.0,16.0,8.0,50.3,32.7,592.5,2.67,2.114437116,0.09
ltpp-40-4160-c1-L2-t2,ltpp-sdr39,LTPP-40,SP,24.0,16.0,8.0,50.3,32.7,592.5,2.67,2.194529431,0.07
ltpp-40-4162-c1-L1-t1,ltpp-sdr39,LTPP-40,SP,19.0,15.0,4.0,43.0,51.0,592.5,2.659,1.986289412,0.1
ltpp-40-4162-c1-L1-t2,ltpp-sdr39,LTPP-40,SP,19.0,15.0,4.0,43.0,51.0,592.5,2.659,1.986289412,0.11
ltpp-40-4163-c1-L1-t1,ltpp-sdr39,LTPP-40,SP,31.0,22.0,9.0,87.2,12.799999999999995,592.5,2.68,1.778049393,0.16
ltpp-40-4163-c1-L1-t2,ltpp-sdr39,LTPP-40,SP,31.0,22.0,9.0,87.2,12.799999999999995,592.5,2.68,1.826104782,0.14
ltpp-40-4166-c1-L1-t1,ltpp-sdr39,LTPP-40,SP,35.0,22.0,13.0,52.0,28.0,592.5,2.693,1.858141708,0.14
ltpp-40-4166-c1-L1-t2,ltpp-sdr39,LTPP-40,SP,35.0,22.0,13.0,52.0,28.0,592.5,2.693,1.906197097,0.14
ltpp-40-6010-c1-L1-t1,ltpp-sdr39,LTPP-40,SP,34.0,24.0,10.0,39.1,35.9,592.5,2.545,1.842123245,0.14
ltpp-40-6010-c1-L1-t2,ltpp-sdr39,LTPP-40,SP,34.0,24.0,10.0,39.1,35.9,592.5,2.545,1.874160171,0.13
ltpp-40-AA01-c1-L1-t3,ltpp-sdr39,LTPP-40,SP,57.0,19.0,38.0,92.6,7.400000000000006,592.5,2.68,1.5826241444,0.23
ltpp-40-AA01-c1-L2-t3,ltpp-sdr39,LTPP-40,SP,54.0,20.0,34.0,90.2,8.799999999999997,592.5,2.68,1.7524198522,0.16
ltpp-40-AA03-c1-L1-t3,ltpp-sdr39,LTPP-40,SP,38.0,17.0,21.0,86.7,13.299999999999995,592.5,2.68,1.6755312298,0.18
ltpp-40-AA03-c1-L2-t3,ltpp-sdr39,LTPP-40,SP,23.0,14.0,9.0,72.6,27.40000000000001,592.5,2.68,1.9766783342,0.1
ltpp-40-AA62-c1-L1-t3,ltpp-sdr39,LTPP-40,SP,29.0,16.0,13.0,85.9,13.099999999999994,592.5,2.68,1.7604290837,0.16
ltpp-40-AA62-c1-L2-t3,ltpp-sdr39,LTPP-40,SP,26.0,18.0,8.0,86.3,12.700000000000005,592.5,2.68,1.9670672564,0.11
ltpp-41-2002-c1-L1-t1,ltpp-sdr39,LTPP-41,SP,33.0,25.0,8.0,91.2,8.799999999999997,592.5,2.68,1.633883226,0.22
ltpp-41-2002-c1-L1-t2,ltpp-sdr39,LTPP-41,SP,33.0,25.0,8.0,91.2,8.799999999999997,592.5,2.68,1.633883226,0.2
ltpp-41-2002-c1-L2-t2,ltpp-sdr39,LTPP-41,SP,37.0,26.0,11.0,85.2,14.799999999999995,592.5,2.68,1.649901689,0.21
ltpp-41-2002-c1-L3-t1,ltpp-sdr39,LTPP-41,SP,35.0,30.0,5.0,68.4,28.599999999999994,592.5,2.68,1.489717059,0.14
ltpp-41-2002-c1-L3-t2,ltpp-sdr39,LTPP-41,SP,35.0,30.0,5.0,68.4,28.599999999999994,592.5,2.68,1.393606281,0.33
ltpp-41-5005-c1-L1-t1,ltpp-sdr39,LTPP-41,SP,34.0,20.0,14.0,50.4,10.6,592.5,2.68,1.76203093,0.17
ltpp-41-5005-c1-L1-t2,ltpp-sdr39,LTPP-41,SP,34.0,20.0,14.0,50.4,10.6,592.5,2.68,1.713975541,0.16
ltpp-41-5005-c1-L2-t1,ltpp-sdr39,LTPP-41,SP,33.0,19.0,14.0,12.0,20.0,592.5,2.68,2.098418653,0.08
ltpp-41-5005-c1-L2-t2,ltpp-sdr39,LTPP-41,SP,33.0,19.0,14.0,12.0,20.0,592.5,2.68,2.146474042,0.09
ltpp-41-5006-c1-L1-t1,ltpp-sdr39,LTPP-41,SP,42.0,27.0,15.0,51.4,21.6,592.5,2.68,1.633883226,0.2
ltpp-41-5006-c1-L1-t2,ltpp-sdr39,LTPP-41,SP,42.0,27.0,15.0,51.4,21.6,592.5,2.68,1.553790911,0.22
ltpp-41-5006-c1-L2-t1,ltpp-sdr39,LTPP-41,SP,40.0,25.0,15.0,16.6,19.4,592.5,2.68,1.938234023,0.14
ltpp-41-5006-c1-L2-t2,ltpp-sdr39,LTPP-41,SP,40.0,25.0,15.0,16.6,19.4,592.5,2.68,1.92221556,0.14
ltpp-41-5006-c1-L3-t1,ltpp-sdr39,LTPP-41,SP,28.0,20.0,8.0,8.3,33.7,592.5,2.68,2.130455579,0.09
ltpp-41-5008-c1-L1-t1,ltpp-sdr39,LTPP-41,SP,35.0,22.0,13.0,9.5,22.5,592.5,2.68,1.970270949,0.12
ltpp-41-5008-c1-L1-t2,ltpp-sdr39,LTPP-41,SP,35.0,22.0,13.0,9.5,22.5,592.5,2.68,2.066381727,0.11
ltpp-41-5021-c1-L2-t1,ltpp-sdr39,LTPP-41,SP,30.0,21.0,9.0,4.8,21.2,592.5,2.68,2.194529431,0.08
ltpp-41-5021-c1-L2-t2,ltpp-sdr39,LTPP-41,SP,30.0,21.0,9.0,4.8,21.2,592.5,2.68,2.130455579,0.08
ltpp-41-5022-c1-L1-t2,ltpp-sdr39,LTPP-41,SP,35.0,19.0,16.0,50.7,37.3,592.5,2.68,1.778049393,0.16
ltpp-41-5022-c1-L2-t1,ltpp-sdr39,LTPP-41,SP,25.0,16.0,9.0,19.0,41.0,592.5,2.68,2.210547894,0.06
ltpp-41-5022-c1-L2-t1,ltpp-sdr39,LTPP-41,SP,25.0,16.0,9.0,19.0,41.0,592.5,2.68,2.162492505,0.07
ltpp-41-5022-c1-L2-t2,ltpp-sdr39,LTPP-41,SP,25.0,16.0,9.0,19.0,41.0,592.5,2.68,2.178510968,0.08
ltpp-41-6011-c1-L1-t1,ltpp-sdr39,LTPP-41,SP,58.0,23.0,35.0,62.6,25.4,592.5,2.68,1.6018463,0.19
ltpp-41-6011-c1-L1-t2,ltpp-sdr39,LTPP-41,SP,58.0,23.0,35.0,62.6,25.4,592.5,2.68,1.521753985,0.17
ltpp-41-7018-c1-L1-t1,ltpp-sdr39,LTPP-41,SP,50.0,24.0,26.0,62.4,34.6,592.5,2.68,1.6018463,0.25
ltpp-41-7018-c1-L1-t2,ltpp-sdr39,LTPP-41,SP,50.0,24.0,26.0,62.4,34.6,592.5,2.68,1.553790911,0.2
ltpp-41-7019-c1-L1-t1,ltpp-sdr39,LTPP-41,SP,41.0,20.0,21.0,34.3,30.700000000000003,592.5,2.68,1.858141708,0.14
ltpp-41-7019-c1-L1-t2,ltpp-sdr39,LTPP-41,SP,41.0,20.0,21.0,34.3,30.700000000000003,592.5,2.68,1.810086319,0.15
ltpp-41-7019-c1-L2-t1,ltpp-sdr39,LTPP-41,SP,24.0,19.0,5.0,6.1,31.9,592.5,2.68,2.146474042,0.08
ltpp-41-7019-c1-L2-t2,ltpp-sdr39,LTPP-41,SP,24.0,19.0,5.0,6.1,31.9,592.5,2.68,2.178510968,0.07
ltpp-41-7025-c1-L1-t1,ltpp-sdr39,LTPP-41,SP,38.0,21.0,17.0,36.6,33.4,592.5,2.68,1.826104782,0.16
ltpp-41-7025-c1-L1-t2,ltpp-sdr39,LTPP-41,SP,38.0,21.0,17.0,36.6,33.4,592.5,2.68,1.778049393,0.17
ltpp-41-AA01-c1-L1-t1,ltpp-sdr39,LTPP-41,SP,30.0,23.0,7.0,76.8,21.200000000000003,592.5,2.68,1.7027626169,0.17
ltpp-41-AA01-c1-L2-t1,ltpp-sdr39,LTPP-41,SP,21.0,18.0,3.0,14.8,30.2,592.5,2.68,2.2009368162,0.08
ltpp-41-AA60-c1-L1-t1,ltpp-sdr39,LTPP-41,SP,26.0,21.0,5.0,42.4,26.6,592.5,2.68,1.9206137137,0.12
ltpp-42-0603-c2-L1-t3,ltpp-sdr39,LTPP-42,SP,23.0,16.0,7.0,33.4,29.6,592.5,2.68,2.162492505,0.08
ltpp-42-0608-c2-L1-t2,ltpp-sdr39,LTPP-42,SP,26.0,15.0,11.0,40.3,44.7,592.5,2.674,1.92221556,0.12
ltpp-42-0608-c2-L1-t3,ltpp-sdr39,LTPP-42,SP,26.0,15.0,11.0,40.3,44.7,592.5,2.674,2.178510968,0.08
ltpp-42-0608-c2-L2-t2,ltpp-sdr39,LTPP-42,SP,20.0,15.0,5.0,13.1,35.9,592.5,2.723,2.258603283,0.06
ltpp-42-0608-c2-L2-t3,ltpp-sdr39,LTPP-42,SP,20.0,15.0,5.0,13.1,35.9,592.5,2.723,2.24258482,0.07
ltpp-42-0662-c2-L2-t1,ltpp-sdr39,LTPP-42,SP,18.0,15.0,3.0,12.4,38.6,592.5,2.68,2.306658672,0.06
ltpp-42-1597-c1-L1-t1,ltpp-sdr39,LTPP-42,SP,26.0,20.0,6.0,34.8,27.200000000000003,592.5,2.705,2.098418653,0.09
ltpp-42-1597-c1-L1-t2,ltpp-sdr39,LTPP-42,SP,26.0,20.0,6.0,34.8,27.200000000000003,592.5,2.705,1.938234023,0.11
ltpp-42-1597-c1-L2-t2,ltpp-sdr39,LTPP-42,SP,22.0,18.0,4.0,19.3,27.7,592.5,2.68,2.210547894,0.06
ltpp-42-1599-c1-L1-t1,ltpp-sdr39,LTPP-42,SP,28.0,21.0,7.0,67.7,19.3,592.5,2.606,2.050363264,0.1
ltpp-42-1599-c1-L1-t2,ltpp-sdr39,LTPP-42,SP,28.0,21.0,7.0,67.7,19.3,592.5,2.606,2.08240019,0.08
ltpp-42-1605-c1-L1-t1,ltpp-sdr39,LTPP-42,SP,23.0,16.0,7.0,27.2,38.8,592.5,2.564,1.890178634,0.11
ltpp-42-1605-c1-L1-t2,ltpp-sdr39,LTPP-42,SP,23.0,16.0,7.0,27.2,38.8,592.5,2.564,1.681938615,0.13
ltpp-42-1605-c1-L2-t2,ltpp-sdr39,LTPP-42,SP,21.0,15.0,6.0,17.0,39.0,592.5,2.658,2.322677135,0.04
ltpp-42-1606-c1-L1-t1,ltpp-sdr39,LTPP-42,SP,29.0,19.0,10.0,43.7,36.3,592.5,2.847,1.92221556,0.12
ltpp-42-1606-c1-L1-t2,ltpp-sdr39,LTPP-42,SP,29.0,19.0,10.0,43.7,36.3,592.5,2.847,1.874160171,0.11
ltpp-42-1606-c1-L2-t2,ltpp-sdr39,LTPP-42,SP,19.0,14.0,5.0,5.3,10.7,592.5,2.686,2.290640209,0.05
ltpp-42-1608-c1-L1-t1,ltpp-sdr39,LTPP-42,SP,33.0,19.0,14.0,47.6,36.4,592.5,2.897,1.890178634,0.13
ltpp-42-1610-c1-L1-t2,ltpp-sdr39,LTPP-42,SP,31.0,24.0,7.0,11.7,32.3,592.5,2.741,2.098418653,0.09
ltpp-42-1610-c1-L2-t2,ltpp-sdr39,LTPP-42,SP,20.0,18.0,2.0,7.6,31.4,592.5,2.705,2.290640209,0.06
ltpp-42-1614-c2-L1-t1,ltpp-sdr39,LTPP-42,SP,23.0,17.0,6.0,42.3,35.7,592.5,2.737,1.986289412,0.1
ltpp-42-1614-c2-L1-t2,ltpp-sdr39,LTPP-42,SP,23.0,17.0,6.0,42.3,35.7,592.5,2.737,1.986289412,0.11
ltpp-42-1617-c1-L1-t1,ltpp-sdr39,LTPP-42,SP,26.0,24.0,2.0,24.4,34.6,592.5,2.866,2.146474042,0.07
ltpp-42-1617-c1-L1-t2,ltpp-sdr39,LTPP-42,SP,26.0,24.0,2.0,24.4,34.6,592.5,2.866,1.906197097,0.12
ltpp-42-1618-c1-L1-t1,ltpp-sdr39,LTPP-42,SP,28.0,19.0,9.0,58.0,32.0,592.5,2.737,1.890178634,0.13
ltpp-42-1618-c1-L1-t2,ltpp-sdr39,LTPP-42,SP,28.0,19.0,9.0,58.0,32.0,592.5,2.737,2.114437116,0.08
ltpp-42-1618-c1-L2-t2,ltpp-sdr39,LTPP-42,SP,21.0,15.0,6.0,24.8,38.2,592.5,2.592,2.226566357,0.06
ltpp-42-1623-c1-L1-t1,ltpp-sdr39,LTPP-42,SP,20.0,16.0,4.0,33.5,44.5,592.5,2.743,2.034344801,0.09
ltpp-42-1623-c1-L1-t2,ltpp-sdr39,LTPP-42,SP,20.0,16.0,4.0,33.5,44.5,592.5,2.743,2.050363264,0.09
ltpp-42-1623-c1-L2-t1,ltpp-sdr39,LTPP-42,SP,19.0,15.0,4.0,19.2,35.8,592.5,2.651,2.210547894,0.05
ltpp-42-1623-c1-L2-t2,ltpp-sdr39,LTPP-42,SP,19.0,15.0,4.0,19.2,35.8,592.5,2.651,2.226566357,0.05
ltpp-42-1627-c1-L1-t1,ltpp-sdr39,LTPP-42,SP,25.0,22.0,3.0,32.9,48.1,592.5,2.716,2.050363264,0.08
ltpp-42-1627-c1-L1-t2,ltpp-sdr39,LTPP-42,SP,25.0,22.0,3.0,32.9,48.1,592.5,2.716,2.034344801,0.09
ltpp-42-1627-c1-L2-t1,ltpp-sdr39,LTPP-42,SP,18.0,15.0,3.0,16.7,31.3,592.5,2.615,2.226566357,0.06
ltpp-42-1627-c1-L2-t2,ltpp-sdr39,LTPP-42,SP,18.0,15.0,3.0,16.7,31.3,592.5,2.615,2.24258482,0.05
ltpp-42-3044-c1-L1-t1,ltpp-sdr39,LTPP-42,SP,27.0,17.0,10.0,21.2,65.8,592.5,2.727,2.034344801,0.11
ltpp-42-3044-c1-L1-t2,ltpp-sdr39,LTPP-42,SP,27.0,17.0,10.0,21.2,65.8,592.5,2.727,2.08240019,0.09
ltpp-42-5020-c1-L1-t1,ltpp-sdr39,LTPP-42,SP,30.0,24.0,6.0,51.2,36.8,592.5,2.715,1.954252486,0.13
ltpp-42-5020-c1-L1-t2,ltpp-sdr39,LTPP-42,SP,30.0,24.0,6.0,51.2,36.8,592.5,2.715,1.938234023,0.12
ltpp-42-7025-c1-L1-t1,ltpp-sdr39,LTPP-42,SP,24.0,18.0,6.0,39.4,47.6,592.5,2.66,1.906197097,0.12
ltpp-42-7025-c1-L1-t2,ltpp-sdr39,LTPP-42,SP,24.0,18.0,6.0,39.4,47.6,592.5,2.66,2.034344801,0.1
ltpp-42-7037-c1-L1-t1,ltpp-sdr39,LTPP-42,SP,26.0,20.0,6.0,31.1,45.9,592.5,2.763,2.034344801,0.1
ltpp-42-7037-c1-L1-t2,ltpp-sdr39,LTPP-42,SP,26.0,20.0,6.0,31.1,45.9,592.5,2.763,1.986289412,0.1
ltpp-42-7037-c1-L2-t1,ltpp-sdr39,LTPP-42,SP,21.0,16.0,5.0,22.9,46.1,592.5,2.678,2.146474042,0.08
ltpp-42-7037-c1-L2-t2,ltpp-sdr39,LTPP-42,SP,21.0,16.0,5.0,22.9,46.1,592.5,2.678,2.114437116,0.08
ltpp-42-9027-c1-L1-t1,ltpp-sdr39,LTPP-42,SP,23.0,16.0,7.0,26.7,40.3,592.5,2.686,2.018326338,0.1
ltpp-42-9027-c1-L1-t2,ltpp-sdr39,LTPP-42,SP,23.0,16.0,7.0,26.7,40.3,592.5,2.686,1.986289412,0.11
ltpp-42-9027-c1-L2-t1,ltpp-sdr39,LTPP-42,SP,21.0,17.0,4.0,14.3,20.7,592.5,2.701,2.258603283,0.07
ltpp-42-9027-c1-L2-t2,ltpp-sdr39,LTPP-42,SP,21.0,17.0,4.0,14.3,20.7,592.5,2.701,2.194529431,0.06
ltpp-45-1008-c1-L1-t1,ltpp-sdr39,LTPP-45,SP,31.0,25.0,6.0,47.4,44.6,592.5,2.673,1.746012467,0.16
ltpp-45-1008-c1-L1-t2,ltpp-sdr39,LTPP-45,SP,31.0,25.0,6.0,47.4,44.6,592.5,2.673,1.713975541,0.16
ltpp-45-1024-c1-L1-t1,ltpp-sdr39,LTPP-45,SP,36.0,20.0,16.0,30.1,59.9,592.5,2.663,1.92221556,0.13
ltpp-45-1024-c1-L1-t2,ltpp-sdr39,LTPP-45,SP,36.0,20.0,16.0,30.1,59.9,592.5,2.663,1.938234023,0.12
ltpp-45-3012-c1-L1-t1,ltpp-sdr39,LTPP-45,SP,41.0,33.0,8.0,55.4,42.6,592.5,2.839,1.713975541,0.19
ltpp-45-3012-c1-L1-t2,ltpp-sdr39,LTPP-45,SP,41.0,33.0,8.0,55.4,42.6,592.5,2.839,1.746012467,0.17
ltpp-45-5034-c1-L1-t1,ltpp-sdr39,LTPP-45,SP,25.0,18.0,7.0,24.0,76.0,592.5,2.62,2.002307875,0.1
ltpp-45-5034-c1-L1-t2,ltpp-sdr39,LTPP-45,SP,25.0,18.0,7.0,24.0,76.0,592.5,2.62,2.034344801,0.09
ltpp-45-5035-c1-L1-t1,ltpp-sdr39,LTPP-45,SP,20.0,14.0,6.0,26.1,73.9,592.5,2.664,2.034344801,0.09
ltpp-45-5035-c1-L1-t2,ltpp-sdr39,LTPP-45,SP,20.0,14.0,6.0,26.1,73.9,592.5,2.664,2.018326338,0.1
ltpp-45-7019-c1-L1-t1,ltpp-sdr39,LTPP-45,SP,30.0,24.0,6.0,50.4,45.6,592.5,2.755,1.794067856,0.16
ltpp-45-7019-c1-L1-t2,ltpp-sdr39,LTPP-45,SP,30.0,24.0,6.0,50.4,45.6,592.5,2.755,1.826104782,0.14
ltpp-46-0602-c1-L1-t1,ltpp-sdr39,LTPP-46,SP,46.0,24.0,22.0,98.6,1.4000000000000057,592.5,2.68,1.633883226,0.19
ltpp-46-0602-c1-L1-t1,ltpp-sdr39,LTPP-46,SP,46.0,24.0,22.0,98.6,1.4000000000000057,592.5,2.68,1.794067856,0.17
ltpp-46-0602-c1-L1-t1,ltpp-sdr39,LTPP-46,SP,46.0,24.0,22.0,98.6,1.4000000000000057,592.5,2.68,1.778049393,0.17
ltpp-46-0603-c1-L1-t1,ltpp-sdr39,LTPP-46,SP,51.0,25.0,26.0,95.5,4.5,592.5,2.68,1.76203093,0.18
ltpp-46-0603-c1-L1-t1,ltpp-sdr39,LTPP-46,SP,51.0,25.0,26.0,95.5,4.5,592.5,2.68,1.585827837,0.22
ltpp-46-0603-c1-L1-t1,ltpp-sdr39,LTPP-46,SP,51.0,25.0,26.0,95.5,4.5,592.5,2.68,1.729994004,0.19
ltpp-46-0603-c5-L1-t2,ltpp-sdr39,LTPP-46,SP,48.0,20.0,28.0,97.2,1.7999999999999972,592.5,2.707,1.6018463,0.22
ltpp-46-0604-c4-L1-t2,ltpp-sdr39,LTPP-46,SP,51.0,21.0,30.0,96.5,2.5,592.5,2.713,1.585827837,0.2
ltpp-46-0608-c6-L1-t2,ltpp-sdr39,LTPP-46,SP,41.0,23.0,18.0,94.1,4.900000000000006,592.5,2.709,1.681938615,0.18
ltpp-46-0660-c1-L1-t1,ltpp-sdr39,LTPP-46,SP,36.0,22.0,14.0,98.2,1.7999999999999972,592.5,2.68,1.858141708,0.15
ltpp-46-0660-c1-L1-t1,ltpp-sdr39,LTPP-46,SP,36.0,22.0,14.0,98.2,1.7999999999999972,592.5,2.68,1.729994004,0.16
ltpp-46-0660-c1-L1-t1,ltpp-sdr39,LTPP-46,SP,36.0,22.0,14.0,98.2,1.7999999999999972,592.5,2.68,1.826104782,0.15
ltpp-46-0660-c1-L1-t1,ltpp-sdr39,LTPP-46,SP,36.0,22.0,14.0,98.2,1.7999999999999972,592.5,2.68,1.842123245,0.15
ltpp-46-0804-c1-L1-t1,ltpp-sdr39,LTPP-46,SP,37.0,18.0,19.0,59.7,37.3,592.5,2.674,1.697957078,0.18
ltpp-46-0804-c1-L1-t2,ltpp-sdr39,LTPP-46,SP,37.0,18.0,19.0,59.7,37.3,592.5,2.674,1.778049393,0.15
ltpp-46-0859-c1-L1-t1,ltpp-sdr39,LTPP-46,SP,28.0,21.0,7.0,53.9,39.1,592.5,2.68,1.794067856,0.15
ltpp-46-0859-c1-L1-t2,ltpp-sdr39,LTPP-46,SP,28.0,21.0,7.0,53.9,39.1,592.5,2.68,1.697957078,0.18
ltpp-46-0859-c1-L4-t1,ltpp-sdr39,LTPP-46,SP,19.0,15.0,4.0,6.4,53.6,592.5,2.68,2.210547894,0.06
ltpp-46-0859-c1-L4-t6,ltpp-sdr39,LTPP-46,SP,19.0,15.0,4.0,6.4,53.6,592.5,2.68,2.24258482,0.06
ltpp-46-3009-c1-L1-t1,ltpp-sdr39,LTPP-46,SP,32.0,15.0,17.0,62.3,32.7,592.5,2.68,1.890178634,0.14
ltpp-46-3009-c1-L1-t2,ltpp-sdr39,LTPP-46,SP,32.0,15.0,17.0,62.3,32.7,592.5,2.68,1.890178634,0.13
ltpp-46-3009-c1-L2-t1,ltpp-sdr39,LTPP-46,SP,27.0,23.0,4.0,8.2,56.8,592.5,2.68,2.098418653,0.1
ltpp-46-3009-c1-L2-t2,ltpp-sdr39,LTPP-46,SP,27.0,23.0,4.0,8.2,56.8,592.5,2.68,2.066381727,0.1
ltpp-46-3010-c1-L1-t1,ltpp-sdr39,LTPP-46,SP,26.0,18.0,8.0,58.5,37.5,592.5,2.68,1.92221556,0.12
ltpp-46-3010-c1-L1-t2,ltpp-sdr39,LTPP-46,SP,26.0,18.0,8.0,58.5,37.5,592.5,2.68,1.890178634,0.13
ltpp-46-3010-c1-L2-t1,ltpp-sdr39,LTPP-46,SP,26.0,23.0,3.0,10.3,67.7,592.5,2.68,2.114437116,0.08
ltpp-46-3010-c1-L2-t2,ltpp-sdr39,LTPP-46,SP,26.0,23.0,3.0,10.3,67.7,592.5,2.68,2.162492505,0.08
ltpp-46-3012-c1-L1-t1,ltpp-sdr39,LTPP-46,SP,29.0,16.0,13.0,42.8,31.200000000000003,592.5,2.68,2.018326338,0.11
ltpp-46-3012-c1-L1-t2,ltpp-sdr39,LTPP-46,SP,29.0,16.0,13.0,42.8,31.200000000000003,592.5,2.68,1.874160171,0.14
ltpp-46-3012-c1-L2-t1,ltpp-sdr39,LTPP-46,SP,21.0,17.0,4.0,22.7,34.3,592.5,2.68,2.274621746,0.05
ltpp-46-3013-c2-L1-t1,ltpp-sdr39,LTPP-46,SP,29.0,17.0,12.0,68.6,21.40000000000001,592.5,2.68,1.906197097,0.13
ltpp-46-3013-c2-L1-t2,ltpp-sdr39,LTPP-46,SP,29.0,17.0,12.0,68.6,21.40000000000001,592.5,2.68,1.890178634,0.14
ltpp-46-3013-c2-L2-t1,ltpp-sdr39,LTPP-46,SP,27.0,23.0,4.0,18.4,38.6,592.5,2.68,2.08240019,0.09
ltpp-46-3013-c2-L2-t2,ltpp-sdr39,LTPP-46,SP,27.0,23.0,4.0,18.4,38.6,592.5,2.68,2.08240019,0.08
ltpp-46-3052-c1-L1-t1,ltpp-sdr39,LTPP-46,SP,51.0,22.0,29.0,69.9,26.099999999999994,592.5,2.68,1.633883226,0.21
ltpp-46-3052-c1-L1-t2,ltpp-sdr39,LTPP-46,SP,51.0,22.0,29.0,69.9,26.099999999999994,592.5,2.68,1.649901689,0.21
ltpp-46-3052-c1-L2-t1,ltpp-sdr39,LTPP-46,SP,26.0,21.0,5.0,7.1,54.9,592.5,2.68,2.018326338,0.07
ltpp-46-3052-c1-L2-t2,ltpp-sdr39,LTPP-46,SP,26.0,21.0,5.0,7.1,54.9,592.5,2.68,2.08240019,0.06
ltpp-46-3053-c1-L1-t1,ltpp-sdr39,LTPP-46,SP,24.0,22.0,2.0,67.8,19.200000000000003,592.5,2.68,1.92221556,0.12
ltpp-46-3053-c1-L1-t2,ltpp-sdr39,LTPP-46,SP,24.0,22.0,2.0,67.8,19.200000000000003,592.5,2.68,1.954252486,0.11
ltpp-46-5020-c1-L1-t1,ltpp-sdr39,LTPP-46,SP,25.0,19.0,6.0,25.9,27.1,592.5,2.68,2.018326338,0.09
ltpp-46-5020-c1-L1-t2,ltpp-sdr39,LTPP-46,SP,25.0,19.0,6.0,25.9,27.1,592.5,2.68,2.034344801,0.11
ltpp-46-5025-c1-L1-t1,ltpp-sdr39,LTPP-46,SP,47.0,21.0,26.0,64.7,34.3,592.5,2.68,1.713975541,0.18
ltpp-46-5025-c1-L1-t2,ltpp-sdr39,LTPP-46,SP,47.0,21.0,26.0,64.7,34.3,592.5,2.68,1.6018463,0.21
ltpp-46-5025-c1-L2-t1,ltpp-sdr39,LTPP-46,SP,26.0,24.0,2.0,14.0,48.0,592.5,2.68,2.098418653,0.08
ltpp-46-5025-c1-L2-t2,ltpp-sdr39,LTPP-46,SP,26.0,24.0,2.0,14.0,48.0,592.5,2.68,2.162492505,0.07
ltpp-46-5040-c1-L1-t1,ltpp-sdr39,LTPP-46,SP,31.0,21.0,10.0,92.3,5.700000000000003,592.5,2.68,1.76203093,0.16
ltpp-46-5040-c1-L1-t2,ltpp-sdr39,LTPP-46,SP,31.0,21.0,10.0,92.3,5.700000000000003,592.5,2.68,1.746012467,0.18
ltpp-46-5040-c1-L2-t1,ltpp-sdr39,LTPP-46,SP,19.0,16.0,3.0,13.2,39.8,592.5,2.68,2.226566357,0.07
ltpp-46-5040-c1-L2-t2,ltpp-sdr39,LTPP-46,SP,19.0,16.0,3.0,13.2,39.8,592.5,2.68,2.194529431,0.07
ltpp-46-6600-c1-L1-t1,ltpp-sdr39,LTPP-46,SP,65.0,18.0,47.0,96.3,3.700000000000003,592.5,2.68,1.6018463,0.21
ltpp-46-6600-c1-L1-t2,ltpp-sdr39,LTPP-46,SP,65.0,18.0,47.0,96.3,3.700000000000003,592.5,2.68,1.649901689,0.22
ltpp-46-7049-c2-L1-t1,ltpp-sdr39,LTPP-46,SP,32.0,18.0,14.0,64.8,33.2,592.5,2.68,1.746012467,0.17
ltpp-46-7049-c2-L1-t2,ltpp-sdr39,LTPP-46,SP,32.0,18.0,14.0,64.8,33.2,592.5,2.68,1.794067856,0.15
ltpp-46-7049-c2-L2-t1,ltpp-sdr39,LTPP-46,SP,26.0,18.0,8.0,14.4,56.6,592.5,2.68,2.178510968,0.07
ltpp-46-7049-c2-L2-t2,ltpp-sdr39,LTPP-46,SP,26.0,18.0,8.0,14.4,56.6,592.5,2.68,2.114437116,0.08
ltpp-46-9106-c1-L1-t1,ltpp-sdr39,LTPP-46,SP,35.0,20.0,15.0,55.9,40.1,592.5,2.68,1.778049393,0.17
ltpp-46-9106-c1-L1-t2,ltpp-sdr39,LTPP-46,SP,35.0,20.0,15.0,55.9,40.1,592.5,2.68,1.665920152,0.19
ltpp-46-9106-c1-L2-t1,ltpp-sdr39,LTPP-46,SP,30.0,19.0,11.0,33.6,49.4,592.5,2.68,2.114437116,0.08
ltpp-46-9187-c1-L1-t1,ltpp-sdr39,LTPP-46,SP,51.0,19.0,32.0,85.7,14.299999999999995,592.5,2.68,1.633883226,0.17
ltpp-46-9187-c1-L1-t2,ltpp-sdr39,LTPP-46,SP,51.0,19.0,32.0,85.7,14.299999999999995,592.5,2.68,1.729994004,0.17
ltpp-46-9187-c1-L2-t1,ltpp-sdr39,LTPP-46,SP,20.0,18.0,2.0,7.4,42.6,592.5,2.68,2.194529431,0.06
ltpp-46-9187-c1-L2-t2,ltpp-sdr39,LTPP-46,SP,20.0,18.0,2.0,7.4,42.6,592.5,2.68,2.210547894,0.06
ltpp-46-9197-c2-L1-t1,ltpp-sdr39,LTPP-46,SP,35.0,18.0,17.0,68.6,30.40000000000001,592.5,2.68,1.681938615,0.17
ltpp-46-9197-c2-L1-t2,ltpp-sdr39,LTPP-46,SP,35.0,18.0,17.0,68.6,30.40000000000001,592.5,2.68,1.697957078,0.17
ltpp-46-9197-c2-L2-t1,ltpp-sdr39,LTPP-46,SP,21.0,17.0,4.0,10.3,63.7,592.5,2.68,2.162492505,0.07
ltpp-46-9197-c2-L2-t2,ltpp-sdr39,LTPP-46,SP,21.0,17.0,4.0,10.3,63.7,592.5,2.68,2.08240019,0.1
ltpp-47-0603-c1-L1-t1,ltpp-sdr39,LTPP-47,SP,43.0,22.0,21.0,92.8,6.200000000000003,592.5,2.68,1.7444106207,0.15
ltpp-47-0607-c1-L1-t1,ltpp-sdr39,LTPP-47,SP,30.0,17.0,13.0,63.9,33.1,592.5,2.68,1.8613454006,0.12
ltpp-47-1023-c1-L1-t1,ltpp-sdr39,LTPP-47,SP,39.0,19.0,20.0,54.4,29.6,592.5,2.568,1.826104782,0.15
ltpp-47-1023-c1-L1-t2,ltpp-sdr39,LTPP-47,SP,39.0,19.0,20.0,54.4,29.6,592.5,2.568,1.681938615,0.19
ltpp-47-1023-c1-L2-t1,ltpp-sdr39,LTPP-47,SP,13.0,12.0,1.0,11.9,42.1,592.5,2.689,2.354714061,0.05
ltpp-47-1023-c1-L2-t2,ltpp-sdr39,LTPP-47,SP,13.0,12.0,1.0,11.9,42.1,592.5,2.689,2.306658672,0.06
ltpp-47-1028-c1-L1-t1,ltpp-sdr39,LTPP-47,SP,51.0,25.0,26.0,67.6,19.40000000000001,592.5,2.787,1.665920152,0.21
ltpp-47-1028-c1-L1-t2,ltpp-sdr39,LTPP-47,SP,51.0,25.0,26.0,67.6,19.40000000000001,592.5,2.787,1.617864763,0.19
ltpp-47-1029-c1-L1-t1,ltpp-sdr39,LTPP-47,SP,32.0,20.0,12.0,44.9,37.1,592.5,2.692,1.842123245,0.14
ltpp-47-1029-c1-L1-t2,ltpp-sdr39,LTPP-47,SP,32.0,20.0,12.0,44.9,37.1,592.5,2.692,1.826104782,0.14
ltpp-47-1029-c1-L2-t2,ltpp-sdr39,LTPP-47,SP,19.0,14.0,5.0,15.7,47.3,592.5,2.658,2.258603283,0.06
ltpp-47-2001-c1-L1-t1,ltpp-sdr39,LTPP-47,SP,31.0,18.0,13.0,80.6,15.400000000000006,592.5,2.725,1.794067856,0.13
ltpp-47-2001-c1-L1-t2,ltpp-sdr39,LTPP-47,SP,31.0,18.0,13.0,80.6,15.400000000000006,592.5,2.725,1.794067856,0.14
ltpp-47-2008-c1-L1-t1,ltpp-sdr39,LTPP-47,SP,28.0,21.0,7.0,91.1,8.900000000000006,592.5,2.668,1.794067856,0.15
ltpp-47-2008-c1-L1-t2,ltpp-sdr39,LTPP-47,SP,28.0,21.0,7.0,91.1,8.900000000000006,592.5,2.668,1.746012467,0.15
ltpp-47-3075-c1-L1-t1,ltpp-sdr39,LTPP-47,SP,26.0,20.0,6.0,35.9,38.1,592.5,2.687,1.890178634,0.13
ltpp-47-3075-c1-L1-t2,ltpp-sdr39,LTPP-47,SP,26.0,20.0,6.0,35.9,38.1,592.5,2.687,1.457680133,0.24
ltpp-47-3075-c1-L2-t1,ltpp-sdr39,LTPP-47,SP,15.0,14.0,1.0,12.1,33.9,592.5,2.645,2.306658672,0.05
ltpp-47-3101-c1-L1-t1,ltpp-sdr39,LTPP-47,SP,53.0,24.0,29.0,74.5,18.5,592.5,2.72,1.713975541,0.19
ltpp-47-3101-c1-L1-t2,ltpp-sdr39,LTPP-47,SP,53.0,24.0,29.0,74.5,18.5,592.5,2.72,1.569809374,0.24
ltpp-47-3101-c1-L2-t1,ltpp-sdr39,LTPP-47,SP,19.0,13.0,6.0,16.2,32.8,592.5,2.713,2.306658672,0.06
ltpp-47-3101-c1-L2-t2,ltpp-sdr39,LTPP-47,SP,19.0,13.0,6.0,16.2,32.8,592.5,2.713,2.354714061,0.05
ltpp-47-3104-c1-L1-t1,ltpp-sdr39,LTPP-47,SP,30.0,19.0,11.0,60.0,30.0,592.5,2.83,1.858141708,0.12
ltpp-47-3104-c1-L1-t2,ltpp-sdr39,LTPP-47,SP,30.0,19.0,11.0,60.0,30.0,592.5,2.83,1.810086319,0.14
ltpp-47-3108-c1-L1-t1,ltpp-sdr39,LTPP-47,SP,45.0,19.0,26.0,65.7,29.3,592.5,2.743,1.681938615,0.19
ltpp-47-3108-c1-L2-t1,ltpp-sdr39,LTPP-47,SP,15.0,11.0,4.0,9.4,41.6,592.5,2.732,2.322677135,0.06
ltpp-47-3108-c1-L2-t2,ltpp-sdr39,LTPP-47,SP,15.0,11.0,4.0,9.4,41.6,592.5,2.732,2.306658672,0.06
ltpp-47-3109-c1-L1-t1,ltpp-sdr39,LTPP-47,SP,26.0,17.0,9.0,55.4,29.6,592.5,2.636,1.954252486,0.12
ltpp-47-3109-c1-L2-t2,ltpp-sdr39,LTPP-47,SP,20.0,15.0,5.0,14.7,33.3,592.5,2.678,2.290640209,0.06
ltpp-47-3110-c1-L1-t1,ltpp-sdr39,LTPP-47,SP,46.0,23.0,23.0,63.8,21.200000000000003,592.5,2.686,1.778049393,0.17
ltpp-47-3110-c1-L1-t2,ltpp-sdr39,LTPP-47,SP,46.0,23.0,23.0,63.8,21.200000000000003,592.5,2.686,2.146474042,0.09
ltpp-47-3110-c1-L2-t1,ltpp-sdr39,LTPP-47,SP,20.0,15.0,5.0,19.3,34.7,592.5,2.812,2.40276945,0.05
ltpp-47-6015-c1-L1-t1,ltpp-sdr39,LTPP-47,SP,39.0,31.0,8.0,58.3,35.7,592.5,2.746,1.713975541,0.18
ltpp-47-6015-c1-L1-t2,ltpp-sdr39,LTPP-47,SP,39.0,31.0,8.0,58.3,35.7,592.5,2.746,1.409624744,0.28
ltpp-47-6015-c1-L2-t2,ltpp-sdr39,LTPP-47,SP,19.0,15.0,4.0,11.5,46.5,592.5,2.67,2.258603283,0.06
ltpp-47-6022-c1-L1-t1,ltpp-sdr39,LTPP-47,SP,40.0,19.0,21.0,48.3,44.7,592.5,2.717,1.858141708,0.14
ltpp-47-6022-c1-L1-t2,ltpp-sdr39,LTPP-47,SP,40.0,19.0,21.0,48.3,44.7,592.5,2.717,1.681938615,0.19
ltpp-47-9024-c1-L1-t1,ltpp-sdr39,LTPP-47,SP,24.0,14.0,10.0,13.7,26.3,592.5,2.681,2.290640209,0.06
ltpp-47-9024-c1-L1-t2,ltpp-sdr39,LTPP-47,SP,24.0,14.0,10.0,13.7,26.3,592.5,2.681,2.338695598,0.05
ltpp-47-9025-c1-L2-t1,ltpp-sdr39,LTPP-47,SP,24.0,16.0,8.0,19.1,33.9,592.5,2.739,2.322677135,0.06
ltpp-47-9025-c1-L2-t2,ltpp-sdr39,LTPP-47,SP,24.0,16.0,8.0,19.1,33.9,592.5,2.739,2.354714061,0.05
ltpp-48-0001-c1-L1-t1,ltpp-sdr39,LTPP-48,SP,35.0,17.0,18.0,61.3,27.700000000000003,592.5,2.684,1.858141708,0.14
ltpp-48-0001-c1-L1-t2,ltpp-sdr39,LTPP-48,SP,35.0,17.0,18.0,61.3,27.700000000000003,592.5,2.684,1.92221556,0.12
ltpp-48-0001-c1-L2-t1,ltpp-sdr39,LTPP-48,SP,17.0,16.0,1.0,30.2,46.8,592.5,2.675,2.114437116,0.08
ltpp-48-0001-c1-L2-t2,ltpp-sdr39,LTPP-48,SP,17.0,16.0,1.0,30.2,46.8,592.5,2.675,2.08240019,0.08
ltpp-48-0114-c2-L2-t1,ltpp-sdr39,LTPP-48,SP,,,0.0,21.8,62.2,592.5,2.68,1.9526506397,0.11
ltpp-48-0114-c2-L3-t1,ltpp-sdr39,LTPP-48,SP,,,0.0,8.6,27.4,592.5,2.68,2.24258482,0.06
ltpp-48-0120-c3-L2-t1,ltpp-sdr39,LTPP-48,SP,,,0.0,18.1,59.9,592.5,2.666,1.874160171,0.14
ltpp-48-0120-c3-L3-t1,ltpp-sdr39,LTPP-48,SP,20.0,17.0,3.0,8.4,19.6,592.5,2.645,2.2233626644,0.06
ltpp-48-0121-c2-L2-t1,ltpp-sdr39,LTPP-48,SP,,,0.0,18.9,60.1,592.5,2.668,1.970270949,0.12
ltpp-48-0121-c2-L3-t1,ltpp-sdr39,LTPP-48,SP,18.0,17.0,1.0,10.4,41.6,592.5,2.639,2.2169552792,0.06
ltpp-48-0163-c1-L3-t2,ltpp-sdr39,LTPP-48,SP,21.0,17.0,4.0,16.6,35.4,592.5,2.68,2.0775946511,0.09
ltpp-48-0164-c1-L3-t2,ltpp-sdr39,LTPP-48,SP,38.0,20.0,18.0,14.4,27.6,592.5,2.68,1.9942986435,0.1
ltpp-48-0167-c1-L4-t2,ltpp-sdr39,LTPP-48,SP,35.0,27.0,8.0,10.4,34.6,592.5,2.68,1.7796512393,0.15
ltpp-48-0801-c1-L1-t1,ltpp-sdr39,LTPP-48,SP,31.0,18.0,13.0,51.9,45.1,592.5,2.704,1.8501324765,0.12
ltpp-48-0801-c1-L1-t2,ltpp-sdr39,LTPP-48,SP,31.0,18.0,13.0,51.9,45.1,592.5,2.704,1.8853730951,0.13
ltpp-48-0802-c1-L1-t1,ltpp-sdr39,LTPP-48,SP,29.0,23.0,6.0,50.5,44.5,592.5,2.7,1.8517343228,0.12
ltpp-48-1039-c2-L1-t1,ltpp-sdr39,LTPP-48,SP,56.0,24.0,32.0,93.7,6.299999999999997,592.5,2.657,1.569809374,0.23
ltpp-48-1039-c2-L1-t2,ltpp-sdr39,LTPP-48,SP,56.0,24.0,32.0,93.7,6.299999999999997,592.5,2.657,1.553790911,0.23
ltpp-48-1046-c2-L1-t1,ltpp-sdr39,LTPP-48,SP,36.0,21.0,15.0,82.0,18.0,592.5,2.645,1.649901689,0.19
ltpp-48-1046-c2-L1-t2,ltpp-sdr39,LTPP-48,SP,36.0,21.0,15.0,82.0,18.0,592.5,2.645,1.6018463,0.2
ltpp-48-1047-c2-L1-t1,ltpp-sdr39,LTPP-48,SP,43.0,17.0,26.0,76.9,17.099999999999994,592.5,2.632,1.729994004,0.18
ltpp-48-1047-c2-L1-t2,ltpp-sdr39,LTPP-48,SP,43.0,17.0,26.0,76.9,17.099999999999994,592.5,2.632,1.729994004,0.14
ltpp-48-1049-c1-L1-t1,ltpp-sdr39,LTPP-48,SP,32.0,23.0,9.0,50.1,49.9,592.5,2.775,1.681938615,0.2
ltpp-48-1049-c1-L1-t2,ltpp-sdr39,LTPP-48,SP,32.0,23.0,9.0,50.1,49.9,592.5,2.775,1.361569355,0.33
ltpp-48-1050-c1-L1-t1,ltpp-sdr39,LTPP-48,SP,32.0,17.0,15.0,40.4,57.6,592.5,2.667,1.746012467,0.14
ltpp-48-1050-c1-L1-t2,ltpp-sdr39,LTPP-48,SP,32.0,17.0,15.0,40.4,57.6,592.5,2.667,1.537772448,0.24
ltpp-48-1056-c2-L1-t1,ltpp-sdr39,LTPP-48,SP,32.0,14.0,18.0,80.9,19.099999999999994,592.5,2.74,1.746012467,0.16
ltpp-48-1056-c2-L1-t2,ltpp-sdr39,LTPP-48,SP,32.0,14.0,18.0,80.9,19.099999999999994,592.5,2.74,1.697957078,0.18
ltpp-48-1060-c1-L1-t1,ltpp-sdr39,LTPP-48,SP,19.0,18.0,1.0,30.7,69.3,592.5,2.694,1.874160171,0.13
ltpp-48-1060-c1-L1-t2,ltpp-sdr39,LTPP-48,SP,19.0,18.0,1.0,30.7,69.3,592.5,2.694,1.76203093,0.13
ltpp-48-1061-c1-L1-t1,ltpp-sdr39,LTPP-48,SP,36.0,16.0,20.0,80.7,19.3,592.5,2.68,1.697957078,0.19
ltpp-48-1061-c1-L1-t2,ltpp-sdr39,LTPP-48,SP,36.0,16.0,20.0,80.7,19.3,592.5,2.68,1.617864763,0.22
ltpp-48-1061-c1-L2-t1,ltpp-sdr39,LTPP-48,SP,28.0,20.0,8.0,25.2,42.8,592.5,2.642,2.066381727,0.08
ltpp-48-1061-c1-L2-t2,ltpp-sdr39,LTPP-48,SP,28.0,20.0,8.0,25.2,42.8,592.5,2.642,2.018326338,0.09
ltpp-48-1065-c1-L1-t1,ltpp-sdr39,LTPP-48,SP,34.0,17.0,17.0,92.5,7.5,592.5,2.701,1.585827837,0.21
ltpp-48-1065-c1-L1-t2,ltpp-sdr39,LTPP-48,SP,34.0,17.0,17.0,92.5,7.5,592.5,2.701,1.681938615,0.16
ltpp-48-1068-c1-L1-t1,ltpp-sdr39,LTPP-48,SP,43.0,18.0,25.0,94.0,6.0,592.5,2.665,1.681938615,0.19
ltpp-48-1068-c1-L1-t2,ltpp-sdr39,LTPP-48,SP,43.0,18.0,25.0,94.0,6.0,592.5,2.665,1.649901689,0.2
ltpp-48-1069-c1-L1-t1,ltpp-sdr39,LTPP-48,SP,76.0,34.0,42.0,90.6,9.400000000000006,592.5,2.68,1.44166167,0.29
ltpp-48-1069-c1-L1-t2,ltpp-sdr39,LTPP-48,SP,76.0,34.0,42.0,90.6,9.400000000000006,592.5,2.68,1.425643207,0.29
ltpp-48-1070-c1-L1-t1,ltpp-sdr39,LTPP-48,SP,66.0,26.0,40.0,86.9,11.099999999999994,592.5,2.621,1.345550892,0.3
ltpp-48-1070-c1-L1-t2,ltpp-sdr39,LTPP-48,SP,66.0,26.0,40.0,86.9,11.099999999999994,592.5,2.621,1.377587818,0.3
ltpp-48-1076-c1-L2-t2,ltpp-sdr39,LTPP-48,SP,26.0,21.0,5.0,12.7,30.3,592.5,2.68,1.986289412,0.09
ltpp-48-1087-c1-L2-t1,ltpp-sdr39,LTPP-48,SP,19.0,17.0,2.0,23.2,54.8,592.5,2.923,2.24258482,0.09
ltpp-48-1087-c1-L2-t2,ltpp-sdr39,LTPP-48,SP,19.0,17.0,2.0,23.2,54.8,592.5,2.923,2.210547894,0.09
ltpp-48-1092-c2-L1-t1,ltpp-sdr39,LTPP-48,SP,38.0,25.0,13.0,60.0,31.0,592.5,2.733,1.649901689,0.2
ltpp-48-1092-c2-L1-t2,ltpp-sdr39,LTPP-48,SP,38.0,25.0,13.0,60.0,31.0,592.5,2.733,1.505735522,0.24
ltpp-48-1092-c2-L2-t1,ltpp-sdr39,LTPP-48,SP,17.0,13.0,4.0,13.1,29.9,592.5,2.65,2.210547894,0.06
ltpp-48-1092-c2-L2-t2,ltpp-sdr39,LTPP-48,SP,17.0,13.0,4.0,13.1,29.9,592.5,2.65,2.24258482,0.06
ltpp-48-1092-c2-L3-t1,ltpp-sdr39,LTPP-48,SP,17.0,16.0,1.0,20.3,33.7,592.5,2.639,2.050363264,0.1
ltpp-48-1092-c2-L3-t2,ltpp-sdr39,LTPP-48,SP,17.0,16.0,1.0,20.3,33.7,592.5,2.639,2.066381727,0.09
ltpp-48-1094-c1-L1-t1,ltpp-sdr39,LTPP-48,SP,28.0,16.0,12.0,39.6,40.4,592.5,2.656,1.826104782,0.14
ltpp-48-1094-c1-L1-t2,ltpp-sdr39,LTPP-48,SP,28.0,16.0,12.0,39.6,40.4,592.5,2.656,1.858141708,0.15
ltpp-48-1094-c1-L2-t2,ltpp-sdr39,LTPP-48,SP,17.0,15.0,2.0,17.8,33.2,592.5,2.559,2.194529431,0.06
ltpp-48-1096-c1-L1-t1,ltpp-sdr39,LTPP-48,SP,51.0,28.0,23.0,77.5,22.5,592.5,2.76,1.409624744,0.27
ltpp-48-1096-c1-L1-t2,ltpp-sdr39,LTPP-48,SP,51.0,28.0,23.0,77.5,22.5,592.5,2.76,1.473698596,0.27
ltpp-48-1096-c1-L3-t1,ltpp-sdr39,LTPP-48,SP,19.0,14.0,5.0,16.8,25.2,592.5,2.68,2.226566357,0.06
ltpp-48-1096-c1-L3-t2,ltpp-sdr39,LTPP-48,SP,19.0,14.0,5.0,16.8,25.2,592.5,2.68,2.210547894,0.06
ltpp-48-1109-c1-L1-t1,ltpp-sdr39,LTPP-48,SP,67.0,26.0,41.0,67.0,31.0,592.5,2.719,1.569809374,0.23
ltpp-48-1109-c1-L1-t2,ltpp-sdr39,LTPP-48,SP,67.0,26.0,41.0,67.0,31.0,592.5,2.719,1.409624744,0.28
ltpp-48-1111-c1-L1-t1,ltpp-sdr39,LTPP-48,SP,28.0,15.0,13.0,50.1,47.9,592.5,2.667,1.842123245,0.13
ltpp-48-1111-c1-L1-t2,ltpp-sdr39,LTPP-48,SP,28.0,15.0,13.0,50.1,47.9,592.5,2.667,1.858141708,0.13
ltpp-48-1111-c1-L2-t1,ltpp-sdr39,LTPP-48,SP,27.0,20.0,7.0,35.4,40.6,592.5,2.668,2.002307875,0.1
ltpp-48-1111-c1-L2-t2,ltpp-sdr39,LTPP-48,SP,27.0,20.0,7.0,35.4,40.6,592.5,2.668,2.034344801,0.08
ltpp-48-1113-c1-L1-t1,ltpp-sdr39,LTPP-48,SP,45.0,25.0,20.0,63.0,34.0,592.5,2.794,1.697957078,0.19
ltpp-48-1113-c1-L1-t2,ltpp-sdr39,LTPP-48,SP,45.0,25.0,20.0,63.0,34.0,592.5,2.794,1.890178634,0.14
ltpp-48-1116-c1-L1-t1,ltpp-sdr39,LTPP-48,SP,34.0,15.0,19.0,68.4,31.599999999999994,592.5,2.662,1.778049393,0.17
ltpp-48-1116-c1-L1-t2,ltpp-sdr39,LTPP-48,SP,34.0,15.0,19.0,68.4,31.599999999999994,592.5,2.662,1.954252486,0.1
ltpp-48-1119-c2-L1-t1,ltpp-sdr39,LTPP-48,SP,28.0,19.0,9.0,54.0,43.0,592.5,2.668,1.729994004,0.17
ltpp-48-1119-c2-L1-t2,ltpp-sdr39,LTPP-48,SP,28.0,19.0,9.0,54.0,43.0,592.5,2.668,1.794067856,0.15
ltpp-48-1119-c2-L2-t1,ltpp-sdr39,LTPP-48,SP,20.0,16.0,4.0,29.0,51.0,592.5,2.878,2.178510968,0.09
ltpp-48-1119-c2-L2-t2,ltpp-sdr39,LTPP-48,SP,20.0,16.0,4.0,29.0,51.0,592.5,2.878,2.194529431,0.09
ltpp-48-1122-c1-L3-t1,ltpp-sdr39,LTPP-48,SP,16.0,14.0,2.0,21.7,35.3,592.5,2.626,2.194529431,0.06
ltpp-48-1122-c1-L3-t2,ltpp-sdr39,LTPP-48,SP,16.0,14.0,2.0,21.7,35.3,592.5,2.626,2.210547894,0.07
ltpp-48-1123-c2-L2-t1,ltpp-sdr39,LTPP-48,SP,19.0,18.0,1.0,26.7,30.3,592.5,2.678,2.130455579,0.09
ltpp-48-1130-c1-L1-t1,ltpp-sdr39,LTPP-48,SP,51.0,24.0,27.0,81.7,18.3,592.5,2.647,1.521753985,0.25
ltpp-48-1130-c1-L1-t2,ltpp-sdr39,LTPP-48,SP,51.0,24.0,27.0,81.7,18.3,592.5,2.647,1.585827837,0.22
ltpp-48-1174-c1-L1-t1,ltpp-sdr39,LTPP-48,SP,58.0,19.0,39.0,68.6,31.40000000000001,592.5,2.621,1.489717059,0.24
ltpp-48-1174-c1-L1-t2,ltpp-sdr39,LTPP-48,SP,58.0,19.0,39.0,68.6,31.40000000000001,592.5,2.621,1.537772448,0.25
ltpp-48-1178-c1-L1-t1,ltpp-sdr39,LTPP-48,SP,46.0,21.0,25.0,71.2,28.8,592.5,2.682,1.6018463,0.22
ltpp-48-1178-c1-L1-t2,ltpp-sdr39,LTPP-48,SP,46.0,21.0,25.0,71.2,28.8,592.5,2.682,1.6018463,0.21
ltpp-48-1181-c1-L1-t1,ltpp-sdr39,LTPP-48,SP,37.0,22.0,15.0,59.5,37.5,592.5,2.594,1.521753985,0.22
ltpp-48-1181-c1-L1-t2,ltpp-sdr39,LTPP-48,SP,37.0,22.0,15.0,59.5,37.5,592.5,2.594,1.44166167,0.27
ltpp-48-1181-c1-L3-t1,ltpp-sdr39,LTPP-48,SP,34.0,31.0,3.0,19.4,47.6,592.5,2.34,1.697957078,0.16
ltpp-48-1183-c1-L1-t1,ltpp-sdr39,LTPP-48,SP,29.0,14.0,15.0,68.3,28.700000000000003,592.5,2.663,1.713975541,0.16
ltpp-48-1183-c1-L1-t2,ltpp-sdr39,LTPP-48,SP,29.0,14.0,15.0,68.3,28.700000000000003,592.5,2.663,1.76203093,0.14
ltpp-48-1183-c1-L2-t2,ltpp-sdr39,LTPP-48,SP,26.0,16.0,10.0,40.2,48.8,592.5,2.639,2.018326338,0.09
ltpp-48-2108-c1-L1-t1,ltpp-sdr39,LTPP-48,SP,41.0,17.0,24.0,75.3,24.700000000000003,592.5,2.68,1.697957078,0.19
ltpp-48-2108-c1-L1-t2,ltpp-sdr39,LTPP-48,SP,41.0,17.0,24.0,75.3,24.700000000000003,592.5,2.68,1.746012467,0.18
ltpp-48-2133-c1-L1-t1,ltpp-sdr39,LTPP-48,SP,65.0,20.0,45.0,90.6,9.400000000000006,592.5,2.732,1.746012467,0.18
ltpp-48-2133-c1-L2-t1,ltpp-sdr39,LTPP-48,SP,26.0,16.0,10.0,32.4,31.6,592.5,2.78,2.066381727,0.09
ltpp-48-2133-c1-L2-t2,ltpp-sdr39,LTPP-48,SP,26.0,16.0,10.0,32.4,31.6,592.5,2.78,2.002307875,0.11
ltpp-48-2133-c1-L3-t1,ltpp-sdr39,LTPP-48,SP,19.0,15.0,4.0,32.9,30.1,592.5,2.676,2.162492505,0.06
ltpp-48-2133-c1-L3-t2,ltpp-sdr39,LTPP-48,SP,19.0,15.0,4.0,32.9,30.1,592.5,2.676,2.114437116,0.08
ltpp-48-2172-c1-L1-t1,ltpp-sdr39,LTPP-48,SP,21.0,16.0,5.0,36.9,63.1,592.5,2.693,1.954252486,0.12
ltpp-48-2172-c1-L1-t2,ltpp-sdr39,LTPP-48,SP,21.0,16.0,5.0,36.9,63.1,592.5,2.693,1.92221556,0.13
ltpp-48-2172-c1-L2-t1,ltpp-sdr39,LTPP-48,SP,21.0,19.0,2.0,42.1,45.9,592.5,2.935,2.258603283,0.08
ltpp-48-2172-c1-L2-t2,ltpp-sdr39,LTPP-48,SP,21.0,19.0,2.0,42.1,45.9,592.5,2.935,2.002307875,0.11
ltpp-48-2176-c1-L1-t1,ltpp-sdr39,LTPP-48,SP,34.0,14.0,20.0,69.4,30.599999999999994,592.5,2.625,1.746012467,0.16
ltpp-48-2176-c1-L1-t2,ltpp-sdr39,LTPP-48,SP,34.0,14.0,20.0,69.4,30.599999999999994,592.5,2.625,1.713975541,0.18
ltpp-48-3003-c1-L1-t1,ltpp-sdr39,LTPP-48,SP,62.0,22.0,40.0,82.1,10.900000000000006,592.5,2.726,1.633883226,0.21
ltpp-48-3003-c1-L1-t2,ltpp-sdr39,LTPP-48,SP,62.0,22.0,40.0,82.1,10.900000000000006,592.5,2.726,1.489717059,0.25
ltpp-48-3010-c1-L1-t1,ltpp-sdr39,LTPP-48,SP,46.0,16.0,30.0,76.8,23.200000000000003,592.5,2.649,1.6018463,0.14
ltpp-48-3010-c1-L1-t2,ltpp-sdr39,LTPP-48,SP,46.0,16.0,30.0,76.8,23.200000000000003,592.5,2.649,1.697957078,0.14
ltpp-48-3569-c1-L1-t1,ltpp-sdr39,LTPP-48,SP,48.0,16.0,32.0,84.0,16.0,592.5,2.648,1.633883226,0.22
ltpp-48-3569-c1-L1-t2,ltpp-sdr39,LTPP-48,SP,48.0,16.0,32.0,84.0,16.0,592.5,2.648,1.842123245,0.14
ltpp-48-3579-c1-L1-t1,ltpp-sdr39,LTPP-48,SP,35.0,15.0,20.0,59.9,40.1,592.5,2.707,1.729994004,0.16
ltpp-48-3579-c1-L1-t2,ltpp-sdr39,LTPP-48,SP,35.0,15.0,20.0,59.9,40.1,592.5,2.707,1.617864763,0.2
ltpp-48-3609-c1-L1-t2,ltpp-sdr39,LTPP-48,SP,43.0,20.0,23.0,91.6,6.400000000000006,592.5,2.635,1.665920152,0.16
ltpp-48-3609-c1-L2-t1,ltpp-sdr39,LTPP-48,SP,23.0,22.0,1.0,17.4,35.6,592.5,2.575,2.162492505,0.06
ltpp-48-3609-c1-L2-t2,ltpp-sdr39,LTPP-48,SP,23.0,22.0,1.0,17.4,35.6,592.5,2.575,2.162492505,0.07
ltpp-48-3669-c1-L1-t2,ltpp-sdr39,LTPP-48,SP,33.0,17.0,16.0,42.1,57.9,592.5,2.624,1.505735522,0.25
ltpp-48-3679-c1-L1-t1,ltpp-sdr39,LTPP-48,SP,31.0,16.0,15.0,63.4,36.6,592.5,2.664,1.778049393,0.16
ltpp-48-3679-c1-L1-t2,ltpp-sdr39,LTPP-48,SP,31.0,16.0,15.0,63.4,36.6,592.5,2.664,1.842123245,0.15
ltpp-48-3689-c1-L1-t1,ltpp-sdr39,LTPP-48,SP,19.0,13.0,6.0,45.3,44.7,592.5,2.705,1.890178634,0.12
ltpp-48-3689-c1-L1-t2,ltpp-sdr39,LTPP-48,SP,19.0,13.0,6.0,45.3,44.7,592.5,2.705,1.842123245,0.14
ltpp-48-3699-c1-L1-t1,ltpp-sdr39,LTPP-48,SP,38.0,16.0,22.0,93.4,6.599999999999994,592.5,2.686,1.713975541,0.16
ltpp-48-3699-c1-L1-t2,ltpp-sdr39,LTPP-48,SP,38.0,16.0,22.0,93.4,6.599999999999994,592.5,2.686,1.746012467,0.16
ltpp-48-3719-c1-L1-t1,ltpp-sdr39,LTPP-48,SP,44.0,19.0,25.0,88.7,11.299999999999995,592.5,2.609,1.681938615,0.18
ltpp-48-3719-c1-L1-t2,ltpp-sdr39,LTPP-48,SP,44.0,19.0,25.0,88.7,11.299999999999995,592.5,2.609,1.6018463,0.2
ltpp-48-3729-c1-L1-t1,ltpp-sdr39,LTPP-48,SP,52.0,22.0,30.0,95.4,3.5999999999999943,592.5,2.715,1.553790911,0.24
ltpp-48-3729-c1-L1-t2,ltpp-sdr39,LTPP-48,SP,52.0,22.0,30.0,95.4,3.5999999999999943,592.5,2.715,1.633883226,0.19
ltpp-48-3729-c1-L3-t1,ltpp-sdr39,LTPP-48,SP,35.0,27.0,8.0,24.4,47.6,592.5,2.52,1.874160171,0.13
ltpp-48-3749-c1-L1-t1,ltpp-sdr39,LTPP-48,SP,35.0,18.0,17.0,48.6,50.4,592.5,2.622,1.713975541,0.15
ltpp-48-3749-c1-L1-t2,ltpp-sdr39,LTPP-48,SP,35.0,18.0,17.0,48.6,50.4,592.5,2.622,1.697957078,0.18
ltpp-48-3779-c1-L1-t1,ltpp-sdr39,LTPP-48,SP,81.0,20.0,61.0,79.4,13.599999999999994,592.5,2.753,1.473698596,0.22
ltpp-48-3779-c1-L1-t2,ltpp-sdr39,LTPP-48,SP,81.0,20.0,61.0,79.4,13.599999999999994,592.5,2.753,1.92221556,0.11
ltpp-48-3779-c1-L2-t1,ltpp-sdr39,LTPP-48,SP,27.0,21.0,6.0,6.8,17.2,592.5,2.738,2.24258482,0.06
ltpp-48-3779-c1-L2-t2,ltpp-sdr39,LTPP-48,SP,27.0,21.0,6.0,6.8,17.2,592.5,2.738,2.210547894,0.06
ltpp-48-3845-c1-L1-t1,ltpp-sdr39,LTPP-48,SP,65.0,20.0,45.0,91.7,8.299999999999997,592.5,2.675,1.617864763,0.2
ltpp-48-3845-c1-L1-t2,ltpp-sdr39,LTPP-48,SP,65.0,20.0,45.0,91.7,8.299999999999997,592.5,2.675,1.633883226,0.17
ltpp-48-3855-c1-L1-t1,ltpp-sdr39,LTPP-48,SP,18.0,17.0,1.0,18.5,36.5,592.5,2.555,2.130455579,0.07
ltpp-48-3855-c1-L1-t2,ltpp-sdr39,LTPP-48,SP,18.0,17.0,1.0,18.5,36.5,592.5,2.555,1.890178634,0.12
ltpp-48-3855-c1-L3-t1,ltpp-sdr39,LTPP-48,SP,17.0,16.0,1.0,18.1,50.9,592.5,2.544,2.114437116,0.07
ltpp-48-3855-c1-L3-t2,ltpp-sdr39,LTPP-48,SP,17.0,16.0,1.0,18.1,50.9,592.5,2.544,2.066381727,0.08
ltpp-48-3865-c1-L1-t1,ltpp-sdr39,LTPP-48,SP,22.0,15.0,7.0,46.5,30.5,592.5,2.673,1.986289412,0.1
ltpp-48-3865-c1-L1-t2,ltpp-sdr39,LTPP-48,SP,22.0,15.0,7.0,46.5,30.5,592.5,2.673,1.970270949,0.11
ltpp-48-3865-c1-L2-t1,ltpp-sdr39,LTPP-48,SP,18.0,17.0,1.0,23.1,34.9,592.5,2.658,2.08240019,0.09
ltpp-48-3865-c1-L3-t1,ltpp-sdr39,LTPP-48,SP,19.0,15.0,4.0,28.9,40.1,592.5,2.683,2.178510968,0.07
ltpp-48-3875-c1-L1-t1,ltpp-sdr39,LTPP-48,SP,36.0,16.0,20.0,80.7,19.3,592.5,2.69,1.697957078,0.19
ltpp-48-3875-c1-L1-t2,ltpp-sdr39,LTPP-48,SP,36.0,16.0,20.0,80.7,19.3,592.5,2.69,1.617864763,0.22
ltpp-48-3875-c1-L2-t1,ltpp-sdr39,LTPP-48,SP,28.0,20.0,8.0,25.2,42.8,592.5,2.68,2.066381727,0.08
ltpp-48-3875-c1-L2-t2,ltpp-sdr39,LTPP-48,SP,28.0,20.0,8.0,25.2,42.8,592.5,2.68,2.018326338,0.09
ltpp-48-4142-c1-L1-t1,ltpp-sdr39,LTPP-48,SP,21.0,14.0,7.0,5.5,94.5,592.5,2.63,1.92221556,0.13
ltpp-48-4142-c1-L1-t2,ltpp-sdr39,LTPP-48,SP,21.0,14.0,7.0,5.5,94.5,592.5,2.63,1.713975541,0.18
ltpp-48-4143-c1-L1-t1,ltpp-sdr39,LTPP-48,SP,43.0,19.0,24.0,91.2,8.799999999999997,592.5,2.682,1.729994004,0.15
ltpp-48-4143-c1-L1-t2,ltpp-sdr39,LTPP-48,SP,43.0,19.0,24.0,91.2,8.799999999999997,592.5,2.682,1.746012467,0.15
ltpp-48-4146-c1-L1-t1,ltpp-sdr39,LTPP-48,SP,65.0,21.0,44.0,90.2,9.799999999999995,592.5,2.665,1.489717059,0.22
ltpp-48-4146-c1-L1-t2,ltpp-sdr39,LTPP-48,SP,65.0,21.0,44.0,90.2,9.799999999999995,592.5,2.665,1.473698596,0.21
ltpp-48-4152-c1-L1-t1,ltpp-sdr39,LTPP-48,SP,25.0,24.0,1.0,55.6,44.4,592.5,2.688,1.746012467,0.15
ltpp-48-4152-c1-L1-t2,ltpp-sdr39,LTPP-48,SP,25.0,24.0,1.0,55.6,44.4,592.5,2.688,1.729994004,0.13
ltpp-48-5026-c1-L1-t1,ltpp-sdr39,LTPP-48,SP,60.0,29.0,31.0,97.6,2.4000000000000057,592.5,2.573,1.489717059,0.25
ltpp-48-5026-c1-L1-t2,ltpp-sdr39,LTPP-48,SP,60.0,29.0,31.0,97.6,2.4000000000000057,592.5,2.573,1.505735522,0.2
ltpp-48-5035-c1-L1-t1,ltpp-sdr39,LTPP-48,SP,44.0,27.0,17.0,40.8,38.2,592.5,2.705,1.681938615,0.18
ltpp-48-5035-c1-L1-t2,ltpp-sdr39,LTPP-48,SP,44.0,27.0,17.0,40.8,38.2,592.5,2.705,1.393606281,0.25
ltpp-48-5154-c1-L1-t1,ltpp-sdr39,LTPP-48,SP,40.0,17.0,23.0,41.6,58.4,592.5,2.676,1.633883226,0.22
ltpp-48-5154-c1-L1-t2,ltpp-sdr39,LTPP-48,SP,40.0,17.0,23.0,41.6,58.4,592.5,2.676,1.585827837,0.23
ltpp-48-5274-c1-L1-t1,ltpp-sdr39,LTPP-48,SP,60.0,24.0,36.0,82.4,11.599999999999994,592.5,2.759,1.617864763,0.24
ltpp-48-5274-c1-L1-t2,ltpp-sdr39,LTPP-48,SP,60.0,24.0,36.0,82.4,11.599999999999994,592.5,2.759,1.489717059,0.27
ltpp-48-5278-c1-L1-t1,ltpp-sdr39,LTPP-48,SP,23.0,14.0,9.0,25.4,42.6,592.5,2.619,2.034344801,0.1
ltpp-48-5278-c1-L1-t2,ltpp-sdr39,LTPP-48,SP,23.0,14.0,9.0,25.4,42.6,592.5,2.619,1.986289412,0.1
ltpp-48-5283-c1-L1-t1,ltpp-sdr39,LTPP-48,SP,33.0,18.0,15.0,48.9,47.1,592.5,2.748,1.826104782,0.16
ltpp-48-5283-c1-L1-t2,ltpp-sdr39,LTPP-48,SP,33.0,18.0,15.0,48.9,47.1,592.5,2.748,1.810086319,0.15
ltpp-48-5284-c1-L1-t1,ltpp-sdr39,LTPP-48,SP,25.0,16.0,9.0,43.1,51.9,592.5,2.742,1.858141708,0.14
ltpp-48-5284-c1-L1-t2,ltpp-sdr39,LTPP-48,SP,25.0,16.0,9.0,43.1,51.9,592.5,2.742,1.890178634,0.13
ltpp-48-5287-c1-L1-t1,ltpp-sdr39,LTPP-48,SP,45.0,26.0,19.0,53.4,23.6,592.5,2.68,1.649901689,0.18
ltpp-48-5287-c1-L1-t2,ltpp-sdr39,LTPP-48,SP,45.0,26.0,19.0,53.4,23.6,592.5,2.68,1.617864763,0.21
ltpp-48-5301-c1-L1-t1,ltpp-sdr39,LTPP-48,SP,25.0,14.0,11.0,62.9,23.1,592.5,2.728,1.92221556,0.13
ltpp-48-5301-c1-L1-t2,ltpp-sdr39,LTPP-48,SP,25.0,14.0,11.0,62.9,23.1,592.5,2.728,1.970270949,0.12
ltpp-48-5310-c1-L1-t1,ltpp-sdr39,LTPP-48,SP,31.0,26.0,5.0,50.2,48.8,592.5,2.669,1.746012467,0.18
ltpp-48-5310-c1-L1-t2,ltpp-sdr39,LTPP-48,SP,31.0,26.0,5.0,50.2,48.8,592.5,2.669,1.826104782,0.14
ltpp-48-5317-c1-L1-t1,ltpp-sdr39,LTPP-48,SP,36.0,18.0,18.0,56.3,43.7,592.5,2.612,1.681938615,0.19
ltpp-48-5317-c1-L1-t2,ltpp-sdr39,LTPP-48,SP,36.0,18.0,18.0,56.3,43.7,592.5,2.612,1.665920152,0.2
ltpp-48-5323-c1-L1-t1,ltpp-sdr39,LTPP-48,SP,33.0,19.0,14.0,77.1,22.90000000000001,592.5,2.624,1.681938615,0.18
ltpp-48-5323-c1-L1-t2,ltpp-sdr39,LTPP-48,SP,33.0,19.0,14.0,77.1,22.90000000000001,592.5,2.624,1.713975541,0.15
ltpp-48-5328-c1-L1-t1,ltpp-sdr39,LTPP-48,SP,30.0,14.0,16.0,67.7,30.3,592.5,2.673,1.890178634,0.13
ltpp-48-5328-c1-L1-t2,ltpp-sdr39,LTPP-48,SP,30.0,14.0,16.0,67.7,30.3,592.5,2.673,1.890178634,0.12
ltpp-48-5328-c1-L2-t1,ltpp-sdr39,LTPP-48,SP,21.0,14.0,7.0,23.8,26.2,592.5,2.726,2.146474042,0.08
ltpp-48-5328-c1-L2-t2,ltpp-sdr39,LTPP-48,SP,21.0,14.0,7.0,23.8,26.2,592.5,2.726,2.162492505,0.07
ltpp-48-5334-c1-L1-t1,ltpp-sdr39,LTPP-48,SP,27.0,18.0,9.0,59.4,34.6,592.5,2.675,1.826104782,0.14
ltpp-48-5334-c1-L1-t2,ltpp-sdr39,LTPP-48,SP,27.0,18.0,9.0,59.4,34.6,592.5,2.675,1.794067856,0.15
ltpp-48-5335-c1-L1-t1,ltpp-sdr39,LTPP-48,SP,36.0,16.0,20.0,78.8,17.200000000000003,592.5,2.75,1.665920152,0.17
ltpp-48-5335-c1-L1-t2,ltpp-sdr39,LTPP-48,SP,36.0,16.0,20.0,78.8,17.200000000000003,592.5,2.75,1.713975541,0.16
ltpp-48-5336-c1-L1-t2,ltpp-sdr39,LTPP-48,SP,41.0,21.0,20.0,75.3,24.700000000000003,592.5,2.657,1.649901689,0.19
ltpp-48-6086-c1-L1-t1,ltpp-sdr39,LTPP-48,SP,25.0,16.0,9.0,24.3,67.7,592.5,2.674,1.810086319,0.14
ltpp-48-6086-c1-L1-t2,ltpp-sdr39,LTPP-48,SP,25.0,16.0,9.0,24.3,67.7,592.5,2.674,1.697957078,0.14
ltpp-48-6160-c1-L1-t1,ltpp-sdr39,LTPP-48,SP,21.0,14.0,7.0,38.4,59.6,592.5,2.698,1.874160171,0.12
ltpp-48-6160-c1-L1-t2,ltpp-sdr39,LTPP-48,SP,21.0,14.0,7.0,38.4,59.6,592.5,2.698,1.890178634,0.12
ltpp-48-6160-c1-L2-t1,ltpp-sdr39,LTPP-48,SP,29.0,20.0,9.0,30.3,51.7,592.5,2.701,1.970270949,0.1
ltpp-48-6160-c1-L2-t2,ltpp-sdr39,LTPP-48,SP,29.0,20.0,9.0,30.3,51.7,592.5,2.701,1.92221556,0.11
ltpp-48-6179-c1-L1-t1,ltpp-sdr39,LTPP-48,SP,24.0,17.0,7.0,42.2,55.8,592.5,2.614,1.890178634,0.12
ltpp-48-6179-c1-L1-t2,ltpp-sdr39,LTPP-48,SP,24.0,17.0,7.0,42.2,55.8,592.5,2.614,1.874160171,0.13
ltpp-48-6179-c1-L2-t2,ltpp-sdr39,LTPP-48,SP,26.0,17.0,9.0,25.3,65.7,592.5,2.624,1.938234023,0.11
ltpp-48-6179-c1-L3-t1,ltpp-sdr39,LTPP-48,SP,29.0,20.0,9.0,19.5,47.5,592.5,2.502,1.986289412,0.09
ltpp-48-6179-c1-L3-t2,ltpp-sdr39,LTPP-48,SP,29.0,20.0,9.0,19.5,47.5,592.5,2.502,1.970270949,0.1
ltpp-48-7165-c1-L1-t1,ltpp-sdr39,LTPP-48,SP,42.0,18.0,24.0,79.2,20.8,592.5,2.623,1.681938615,0.19
ltpp-48-7165-c1-L1-t2,ltpp-sdr39,LTPP-48,SP,42.0,18.0,24.0,79.2,20.8,592.5,2.623,1.553790911,0.25
ltpp-48-9005-c1-L1-t1,ltpp-sdr39,LTPP-48,SP,65.0,32.0,33.0,77.1,10.900000000000006,592.5,2.666,1.473698596,0.25
ltpp-48-9005-c1-L1-t2,ltpp-sdr39,LTPP-48,SP,65.0,32.0,33.0,77.1,10.900000000000006,592.5,2.666,1.729994004,0.18
ltpp-48-9005-c1-L2-t1,ltpp-sdr39,LTPP-48,SP,24.0,15.0,9.0,37.1,36.9,592.5,2.602,2.098418653,0.07
ltpp-48-9005-c1-L2-t2,ltpp-sdr39,LTPP-48,SP,24.0,15.0,9.0,37.1,36.9,592.5,2.602,2.050363264,0.09
ltpp-48-9167-c1-L1-t1,ltpp-sdr39,LTPP-48,SP,60.0,26.0,34.0,90.2,8.799999999999997,592.5,2.772,1.553790911,0.24
ltpp-48-9167-c1-L1-t2,ltpp-sdr39,LTPP-48,SP,60.0,26.0,34.0,90.2,8.799999999999997,592.5,2.772,1.681938615,0.19
ltpp-48-9167-c1-L3-t1,ltpp-sdr39,LTPP-48,SP,26.0,25.0,1.0,14.1,49.9,592.5,2.562,1.938234023,0.12
ltpp-48-9167-c1-L3-t2,ltpp-sdr39,LTPP-48,SP,26.0,25.0,1.0,14.1,49.9,592.5,2.562,2.018326338,0.1
ltpp-48-9355-c1-L1-t1,ltpp-sdr39,LTPP-48,SP,34.0,19.0,15.0,80.6,19.40000000000001,592.5,2.635,1.746012467,0.17
ltpp-48-9355-c1-L1-t2,ltpp-sdr39,LTPP-48,SP,34.0,19.0,15.0,80.6,19.40000000000001,592.5,2.635,1.746012467,0.18
ltpp-48-9355-c1-L2-t1,ltpp-sdr39,LTPP-48,SP,24.0,18.0,6.0,35.6,45.4,592.5,2.653,2.098418653,0.09
ltpp-48-9355-c1-L2-t2,ltpp-sdr39,LTPP-48,SP,24.0,18.0,6.0,35.6,45.4,592.5,2.653,2.098418653,0.08
ltpp-48-A503-c1-L1-t2,ltpp-sdr39,LTPP-48,SP,77.0,26.0,51.0,95.0,5.0,592.5,2.68,1.361569355,0.25
ltpp-48-A503-c2-L1-t1,ltpp-sdr39,LTPP-48,SP,90.0,19.0,71.0,91.8,4.200000000000003,592.5,2.68,1.409624744,0.29
ltpp-48-A503-c2-L2-t1,ltpp-sdr39,LTPP-48,SP,52.0,25.0,27.0,56.2,37.8,592.5,2.68,1.681938615,0.18
ltpp-48-A503-c2-L3-t1,ltpp-sdr39,LTPP-48,SP,29.0,26.0,3.0,28.6,49.4,592.5,2.68,1.906197097,0.13
ltpp-48-A504-c2-L1-t1,ltpp-sdr39,LTPP-48,SP,77.0,16.0,61.0,92.6,7.400000000000006,592.5,2.68,1.377587818,0.3
ltpp-48-A504-c2-L2-t1,ltpp-sdr39,LTPP-48,SP,49.0,25.0,24.0,50.5,40.5,592.5,2.68,1.6899478465,0.19
ltpp-48-A504-c2-L3-t1,ltpp-sdr39,LTPP-48,SP,26.0,18.0,8.0,27.9,40.1,592.5,2.68,2.034344801,0.09
ltpp-48-A506-c1-L1-t2,ltpp-sdr39,LTPP-48,SP,97.0,28.0,69.0,96.0,4.0,592.5,2.68,1.361569355,0.33
ltpp-48-A507-c2-L1-t1,ltpp-sdr39,LTPP-48,SP,84.0,23.0,61.0,89.6,6.400000000000006,592.5,2.68,1.489717059,0.26
ltpp-48-A507-c2-L2-t1,ltpp-sdr39,LTPP-48,SP,62.0,25.0,37.0,60.9,32.1,592.5,2.68,1.665920152,0.2
ltpp-48-A507-c2-L3-t1,ltpp-sdr39,LTPP-48,SP,30.0,20.0,10.0,31.9,43.1,592.5,2.68,2.0455577251,0.09
ltpp-48-A509-c1-L1-t2,ltpp-sdr39,LTPP-48,SP,83.0,24.0,59.0,91.0,9.0,592.5,2.68,1.393606281,0.28
ltpp-48-A807-c1-L1-t1,ltpp-sdr39,LTPP-48,SP,36.0,20.0,16.0,39.3,30.700000000000003,592.5,2.673,1.826104782,0.15
ltpp-48-A807-c1-L1-t1,ltpp-sdr39,LTPP-48,SP,36.0,20.0,16.0,39.3,30.700000000000003,592.5,2.673,1.697957078,0.18
ltpp-48-A807-c1-L1-t2,ltpp-sdr39,LTPP-48,SP,36.0,20.0,16.0,39.3,30.700000000000003,592.5,2.673,1.826104782,0.13
ltpp-48-A807-c1-L1-t2,ltpp-sdr39,LTPP-48,SP,36.0,20.0,16.0,39.3,30.700000000000003,592.5,2.673,1.746012467,0.15
ltpp-48-A807-c1-L2-t1,ltpp-sdr39,LTPP-48,SP,,,0.0,18.2,43.8,592.5,2.666,2.034344801,0.09
ltpp-48-A807-c1-L2-t2,ltpp-sdr39,LTPP-48,SP,,,0.0,18.2,43.8,592.5,2.666,2.050363264,0.1
ltpp-48-A807-c1-L2-t2,ltpp-sdr39,LTPP-48,SP,,,0.0,18.2,43.8,592.5,2.666,2.0055115676,0.09
ltpp-48-A808-c1-L2-t2,ltpp-sdr39,LTPP-48,SP,20.0,16.0,4.0,23.0,28.0,592.5,2.678,2.08240019,0.08
ltpp-48-A808-c1-L2-t3,ltpp-sdr39,LTPP-48,SP,20.0,16.0,4.0,23.0,28.0,592.5,2.678,2.0295392621,0.1
ltpp-48-AA02-c2-L1-t2,ltpp-sdr39,LTPP-48,SP,28.0,16.0,12.0,63.3,29.700000000000003,592.5,2.68,1.7716420078,0.12
ltpp-48-AA02-c2-L3-t2,ltpp-sdr39,LTPP-48,SP,19.0,13.0,6.0,15.4,27.6,592.5,2.68,2.2810291312,0.05
ltpp-48-AA03-c2-L1-t2,ltpp-sdr39,LTPP-48,SP,28.0,16.0,12.0,70.3,20.700000000000003,592.5,2.68,1.7748457004,0.14
ltpp-48-AA03-c2-L3-t2,ltpp-sdr39,LTPP-48,SP,19.0,13.0,6.0,23.4,30.6,592.5,2.68,2.2217608181,0.06
ltpp-49-0803-c1-L1-t1,ltpp-sdr39,LTPP-49,SP,29.0,15.0,14.0,37.8,30.200000000000003,592.5,2.68,1.890178634,0.12
ltpp-49-0803-c1-L2-t1,ltpp-sdr39,LTPP-49,SP,34.0,22.0,12.0,32.6,23.4,592.5,2.68,1.92221556,0.12
ltpp-49-0803-c2-L2-t1,ltpp-sdr39,LTPP-49,SP,29.0,18.0,11.0,49.1,27.9,592.5,2.672,2.034344801,0.1
ltpp-49-0804-c1-L1-t1,ltpp-sdr39,LTPP-49,SP,39.0,16.0,23.0,35.1,28.9,592.5,2.68,1.794067856,0.14
ltpp-49-0804-c1-L1-t2,ltpp-sdr39,LTPP-49,SP,39.0,16.0,23.0,35.1,28.9,592.5,2.68,1.810086319,0.14
ltpp-49-0804-c1-L2-t2,ltpp-sdr39,LTPP-49,SP,29.0,21.0,8.0,28.2,19.8,592.5,2.68,1.970270949,0.11
ltpp-49-0804-c1-L2-t2,ltpp-sdr39,LTPP-49,SP,29.0,21.0,8.0,28.2,19.8,592.5,2.68,1.970270949,0.12
ltpp-49-0804-c2-L2-t1,ltpp-sdr39,LTPP-49,SP,26.0,18.0,8.0,25.1,26.9,592.5,2.738,2.034344801,0.11
ltpp-49-0804-c2-L2-t2,ltpp-sdr39,LTPP-49,SP,26.0,18.0,8.0,25.1,26.9,592.5,2.738,2.050363264,0.09
ltpp-49-1005-c1-L2-t1,ltpp-sdr39,LTPP-49,SP,23.0,21.0,2.0,59.9,24.1,592.5,2.68,1.986289412,0.11
ltpp-49-1006-c1-L1-t1,ltpp-sdr39,LTPP-49,SP,21.0,14.0,7.0,29.3,31.7,592.5,2.68,2.050363264,0.11
ltpp-49-1006-c1-L1-t2,ltpp-sdr39,LTPP-49,SP,21.0,14.0,7.0,29.3,31.7,592.5,2.68,2.002307875,0.1
ltpp-49-1006-c1-L2-t1,ltpp-sdr39,LTPP-49,SP,20.0,12.0,8.0,18.0,30.0,592.5,2.68,2.226566357,0.07
ltpp-49-1006-c1-L2-t2,ltpp-sdr39,LTPP-49,SP,20.0,12.0,8.0,18.0,30.0,592.5,2.68,2.274621746,0.06
ltpp-49-1008-c1-L1-t1,ltpp-sdr39,LTPP-49,SP,24.0,14.0,10.0,62.0,31.0,592.5,2.68,1.92221556,0.12
ltpp-49-1008-c1-L1-t2,ltpp-sdr39,LTPP-49,SP,24.0,14.0,10.0,62.0,31.0,592.5,2.68,1.858141708,0.15
ltpp-49-1017-c2-L1-t1,ltpp-sdr39,LTPP-49,SP,25.0,19.0,6.0,12.2,40.8,592.5,2.68,2.018326338,0.11
ltpp-49-1017-c2-L1-t2,ltpp-sdr39,LTPP-49,SP,25.0,19.0,6.0,12.2,40.8,592.5,2.68,1.938234023,0.11
ltpp-49-1017-c2-L2-t2,ltpp-sdr39,LTPP-49,SP,32.0,25.0,7.0,23.7,58.3,592.5,2.68,1.826104782,0.16
ltpp-49-1017-c2-L3-t1,ltpp-sdr39,LTPP-49,SP,22.0,17.0,5.0,9.9,41.1,592.5,2.68,2.146474042,0.08
ltpp-49-1017-c2-L3-t2,ltpp-sdr39,LTPP-49,SP,22.0,17.0,5.0,9.9,41.1,592.5,2.68,2.130455579,0.09
ltpp-49-3010-c1-L1-t1,ltpp-sdr39,LTPP-49,SP,34.0,17.0,17.0,28.9,36.1,592.5,2.68,1.906197097,0.13
ltpp-49-3010-c1-L1-t2,ltpp-sdr39,LTPP-49,SP,34.0,17.0,17.0,28.9,36.1,592.5,2.68,1.890178634,0.11
ltpp-49-3010-c1-L2-t1,ltpp-sdr39,LTPP-49,SP,29.0,15.0,14.0,23.8,34.2,592.5,2.68,2.098418653,0.08
ltpp-49-3010-c1-L2-t2,ltpp-sdr39,LTPP-49,SP,29.0,15.0,14.0,23.8,34.2,592.5,2.68,2.08240019,0.09
ltpp-49-3010-c1-L3-t1,ltpp-sdr39,LTPP-49,SP,21.0,17.0,4.0,15.3,43.7,592.5,2.68,2.146474042,0.08
ltpp-49-3010-c1-L3-t2,ltpp-sdr39,LTPP-49,SP,21.0,17.0,4.0,15.3,43.7,592.5,2.68,2.130455579,0.09
ltpp-49-3011-c1-L1-t1,ltpp-sdr39,LTPP-49,SP,21.0,14.0,7.0,36.4,35.6,592.5,2.68,2.002307875,0.11
ltpp-49-3011-c1-L1-t2,ltpp-sdr39,LTPP-49,SP,21.0,14.0,7.0,36.4,35.6,592.5,2.68,2.002307875,0.1
ltpp-49-7082-c1-L1-t1,ltpp-sdr39,LTPP-49,SP,26.0,20.0,6.0,17.9,37.1,592.5,2.68,2.018326338,0.11
ltpp-49-7082-c1-L1-t2,ltpp-sdr39,LTPP-49,SP,26.0,20.0,6.0,17.9,37.1,592.5,2.68,2.018326338,0.1
ltpp-49-7083-c1-L1-t1,ltpp-sdr39,LTPP-49,SP,20.0,12.0,8.0,33.8,26.200000000000003,592.5,2.68,2.018326338,0.11
ltpp-49-7083-c1-L1-t2,ltpp-sdr39,LTPP-49,SP,20.0,12.0,8.0,33.8,26.200000000000003,592.5,2.68,2.034344801,0.1
ltpp-49-7083-c1-L2-t1,ltpp-sdr39,LTPP-49,SP,22.0,18.0,4.0,37.0,49.0,592.5,2.68,2.08240019,0.1
ltpp-49-7083-c1-L2-t2,ltpp-sdr39,LTPP-49,SP,22.0,18.0,4.0,37.0,49.0,592.5,2.68,2.098418653,0.09
ltpp-49-7085-c1-L2-t1,ltpp-sdr39,LTPP-49,SP,20.0,18.0,2.0,11.4,26.6,592.5,2.68,2.146474042,0.06
ltpp-49-7086-c1-L1-t2,ltpp-sdr39,LTPP-49,SP,29.0,18.0,11.0,38.4,20.6,592.5,2.68,1.906197097,0.12
ltpp-5-0214-c2-L1-t2,ltpp-sdr39,LTPP-5,SP,50.0,23.0,27.0,55.7,31.3,592.5,2.68,1.778049393,0.16
ltpp-5-0222-c2-L1-t2,ltpp-sdr39,LTPP-5,SP,56.0,35.0,21.0,61.3,28.700000000000003,592.5,2.68,1.473698596,0.26
ltpp-5-0223-c2-L1-t2,ltpp-sdr39,LTPP-5,SP,48.0,17.0,31.0,22.4,47.6,592.5,2.647,1.713975541,0.19
ltpp-5-0224-c4-L1-t2,ltpp-sdr39,LTPP-5,SP,62.0,21.0,41.0,65.3,22.700000000000003,592.5,2.68,1.569809374,0.19
ltpp-5-0803-c1-L1-t1,ltpp-sdr39,LTPP-5,SP,29.0,18.0,11.0,77.1,21.90000000000001,592.5,2.677,1.858141708,0.13
ltpp-5-0804-c1-L1-t1,ltpp-sdr39,LTPP-5,SP,34.0,15.0,19.0,80.1,15.900000000000006,592.5,2.666,1.810086319,0.15
ltpp-5-0804-c1-L1-t2,ltpp-sdr39,LTPP-5,SP,34.0,15.0,19.0,80.1,15.900000000000006,592.5,2.666,1.842123245,0.11
ltpp-5-0809-c1-L1-t1,ltpp-sdr39,LTPP-5,SP,30.0,19.0,11.0,95.0,5.0,592.5,2.68,1.826104782,0.15
ltpp-5-0809-c1-L1-t2,ltpp-sdr39,LTPP-5,SP,30.0,19.0,11.0,95.0,5.0,592.5,2.68,1.874160171,0.13
ltpp-5-0810-c2-L1-t1,ltpp-sdr39,LTPP-5,SP,31.0,17.0,14.0,73.7,17.299999999999997,592.5,2.681,1.8485306302,0.14
ltpp-5-0810-c2-L1-t2,ltpp-sdr39,LTPP-5,SP,31.0,17.0,14.0,73.7,17.299999999999997,592.5,2.681,1.8533361691,0.13
ltpp-5-0810-c2-L2-t2,ltpp-sdr39,LTPP-5,SP,20.0,18.0,2.0,15.1,28.9,592.5,2.649,2.2169552792,0.05
ltpp-5-2042-c1-L1-t1,ltpp-sdr39,LTPP-5,SP,20.0,19.0,1.0,78.5,19.5,592.5,2.68,1.874160171,0.12
ltpp-5-2042-c1-L1-t2,ltpp-sdr39,LTPP-5,SP,20.0,19.0,1.0,78.5,19.5,592.5,2.68,1.890178634,0.11
ltpp-5-3011-c1-L1-t1,ltpp-sdr39,LTPP-5,SP,27.0,17.0,10.0,85.8,14.200000000000005,592.5,2.585,1.810086319,0.15
ltpp-5-3011-c1-L1-t2,ltpp-sdr39,LTPP-5,SP,27.0,17.0,10.0,85.8,14.200000000000005,592.5,2.585,1.842123245,0.13
ltpp-5-3048-c1-L1-t1,ltpp-sdr39,LTPP-5,SP,37.0,24.0,13.0,94.9,5.099999999999994,592.5,2.626,1.697957078,0.17
ltpp-5-3048-c1-L1-t2,ltpp-sdr39,LTPP-5,SP,37.0,24.0,13.0,94.9,5.099999999999994,592.5,2.626,1.76203093,0.15
ltpp-5-3071-c1-L1-t1,ltpp-sdr39,LTPP-5,SP,34.0,18.0,16.0,91.5,8.5,592.5,2.68,1.76203093,0.16
ltpp-5-3071-c1-L1-t2,ltpp-sdr39,LTPP-5,SP,34.0,18.0,16.0,91.5,8.5,592.5,2.68,1.713975541,0.17
ltpp-5-3073-c1-L1-t1,ltpp-sdr39,LTPP-5,SP,26.0,21.0,5.0,28.9,31.1,592.5,2.774,2.162492505,0.07
ltpp-5-3073-c1-L1-t2,ltpp-sdr39,LTPP-5,SP,26.0,21.0,5.0,28.9,31.1,592.5,2.774,2.210547894,0.07
ltpp-5-3073-c1-L2-t1,ltpp-sdr39,LTPP-5,SP,25.0,22.0,3.0,16.5,33.5,592.5,2.69,2.274621746,0.06
ltpp-5-3073-c1-L3-t1,ltpp-sdr39,LTPP-5,SP,20.0,16.0,4.0,15.0,44.0,592.5,2.68,2.258603283,0.05
ltpp-5-3073-c1-L3-t2,ltpp-sdr39,LTPP-5,SP,20.0,16.0,4.0,15.0,44.0,592.5,2.68,2.210547894,0.06
ltpp-5-3074-c1-L1-t1,ltpp-sdr39,LTPP-5,SP,36.0,22.0,14.0,93.8,6.200000000000003,592.5,2.634,1.665920152,0.16
ltpp-5-3074-c1-L1-t2,ltpp-sdr39,LTPP-5,SP,36.0,22.0,14.0,93.8,6.200000000000003,592.5,2.634,1.906197097,0.12
ltpp-5-4021-c1-L1-t1,ltpp-sdr39,LTPP-5,SP,24.0,19.0,5.0,23.2,21.8,592.5,2.614,2.018326338,0.1
ltpp-5-4021-c1-L1-t2,ltpp-sdr39,LTPP-5,SP,24.0,19.0,5.0,23.2,21.8,592.5,2.614,2.018326338,0.11
ltpp-5-4021-c1-L2-t1,ltpp-sdr39,LTPP-5,SP,20.0,14.0,6.0,14.1,66.9,592.5,2.695,2.146474042,0.07
ltpp-5-4021-c1-L2-t2,ltpp-sdr39,LTPP-5,SP,20.0,14.0,6.0,14.1,66.9,592.5,2.695,2.08240019,0.09
ltpp-5-4023-c1-L1-t1,ltpp-sdr39,LTPP-5,SP,32.0,17.0,15.0,96.0,4.0,592.5,2.672,1.746012467,0.16
ltpp-5-4023-c1-L1-t2,ltpp-sdr39,LTPP-5,SP,32.0,17.0,15.0,96.0,4.0,592.5,2.672,1.842123245,0.13
ltpp-5-4046-c1-L1-t1,ltpp-sdr39,LTPP-5,SP,42.0,23.0,19.0,91.5,7.5,592.5,2.733,1.633883226,0.2
ltpp-5-4046-c1-L1-t2,ltpp-sdr39,LTPP-5,SP,42.0,23.0,19.0,91.5,7.5,592.5,2.733,1.76203093,0.17
ltpp-5-5803-c1-L1-t1,ltpp-sdr39,LTPP-5,SP,29.0,23.0,6.0,41.5,32.5,592.5,2.64,1.986289412,0.1
ltpp-5-5803-c1-L1-t2,ltpp-sdr39,LTPP-5,SP,29.0,23.0,6.0,41.5,32.5,592.5,2.64,1.890178634,0.11
ltpp-5-5803-c1-L2-t1,ltpp-sdr39,LTPP-5,SP,30.0,20.0,10.0,43.1,31.9,592.5,2.647,2.050363264,0.09
ltpp-5-5805-c1-L2-t1,ltpp-sdr39,LTPP-5,SP,29.0,22.0,7.0,45.6,29.4,592.5,2.68,1.970270949,0.11
ltpp-5-5805-c1-L2-t2,ltpp-sdr39,LTPP-5,SP,29.0,22.0,7.0,45.6,29.4,592.5,2.68,1.986289412,0.1
ltpp-5-A601-c1-L1-t2,ltpp-sdr39,LTPP-5,SP,47.0,20.0,27.0,87.3,12.700000000000005,592.5,2.68,1.665920152,0.18
ltpp-5-A602-c1-L1-t2,ltpp-sdr39,LTPP-5,SP,24.0,18.0,6.0,64.0,36.0,592.5,2.68,1.890178634,0.1
ltpp-5-A605-c1-L1-t2,ltpp-sdr39,LTPP-5,SP,33.0,19.0,14.0,38.0,62.0,592.5,2.68,1.826104782,0.14
ltpp-5-A605-c6-L1-t1,ltpp-sdr39,LTPP-5,SP,24.0,16.0,8.0,61.8,37.2,592.5,2.666,1.9174100211,0.11
ltpp-5-A605-c6-L1-t2,ltpp-sdr39,LTPP-5,SP,24.0,16.0,8.0,61.8,37.2,592.5,2.666,1.794067856,0.15
ltpp-5-A606-c1-L1-t2,ltpp-sdr39,LTPP-5,SP,49.0,17.0,32.0,64.9,34.099999999999994,592.5,2.68,1.649901689,0.18
ltpp-5-A607-c1-L1-t2,ltpp-sdr39,LTPP-5,SP,49.0,31.0,18.0,73.3,16.700000000000003,592.5,2.68,1.617864763,0.2
ltpp-50-1681-c1-L1-t1,ltpp-sdr39,LTPP-50,SP,26.0,19.0,7.0,32.3,52.7,592.5,2.723,1.986289412,0.11
ltpp-50-1681-c1-L1-t2,ltpp-sdr39,LTPP-50,SP,26.0,19.0,7.0,32.3,52.7,592.5,2.723,1.986289412,0.09
ltpp-50-1682-c1-L1-t1,ltpp-sdr39,LTPP-50,SP,18.0,15.0,3.0,43.7,41.3,592.5,2.66,2.018326338,0.11
ltpp-50-1682-c1-L1-t2,ltpp-sdr39,LTPP-50,SP,18.0,15.0,3.0,43.7,41.3,592.5,2.66,2.066381727,0.1
ltpp-50-1683-c1-L1-t2,ltpp-sdr39,LTPP-50,SP,26.0,22.0,4.0,28.8,50.2,592.5,2.754,1.890178634,0.14
ltpp-51-0115-c1-L1-t3,ltpp-sdr39,LTPP-51,SP,31.0,26.0,5.0,37.9,57.1,592.5,2.68,1.890178634,0.13
ltpp-51-0116-c2-L1-t2,ltpp-sdr39,LTPP-51,SP,30.0,21.0,9.0,46.3,51.7,592.5,2.703,1.9013915581,0.12
ltpp-51-0117-c2-L1-t2,ltpp-sdr39,LTPP-51,SP,33.0,19.0,14.0,52.9,43.1,592.5,2.825,1.906197097,0.13
ltpp-51-0117-c2-L3-t2,ltpp-sdr39,LTPP-51,SP,,,0.0,11.8,34.2,592.5,2.644,2.2089460477,0.07
ltpp-51-0118-c1-L1-t2,ltpp-sdr39,LTPP-51,SP,38.0,29.0,9.0,45.7,50.3,592.5,2.68,1.874160171,0.14
ltpp-51-0118-c2-L1-t2,ltpp-sdr39,LTPP-51,SP,35.0,23.0,12.0,52.5,43.5,592.5,2.815,1.9606598712,0.11
ltpp-51-0119-c2-L3-t2,ltpp-sdr39,LTPP-51,SP,,,0.0,11.7,38.3,592.5,2.632,2.1352611179000003,0.06
ltpp-51-0120-c2-L1-t1,ltpp-sdr39,LTPP-51,SP,23.0,15.0,8.0,45.0,53.0,592.5,2.66,1.9126044822,0.12
ltpp-51-0120-c2-L1-t2,ltpp-sdr39,LTPP-51,SP,23.0,15.0,8.0,45.0,53.0,592.5,2.66,1.7972715486000002,0.14
ltpp-51-0121-c1-L1-t2,ltpp-sdr39,LTPP-51,SP,24.0,19.0,5.0,42.1,55.9,592.5,2.68,1.938234023,0.11
ltpp-51-0121-c2-L3-t2,ltpp-sdr39,LTPP-51,SP,,,0.0,11.1,31.9,592.5,2.637,2.1881220458,0.07
ltpp-51-0124-c2-L1-t1,ltpp-sdr39,LTPP-51,SP,26.0,19.0,7.0,43.5,55.5,592.5,2.65,1.9334284841,0.12
ltpp-51-0124-c2-L2-t1,ltpp-sdr39,LTPP-51,SP,,,0.0,27.7,60.3,592.5,2.647,1.8132900116,0.15
ltpp-51-0124-c2-L2-t2,ltpp-sdr39,LTPP-51,SP,,,0.0,27.7,60.3,592.5,2.647,1.8020770875,0.15
ltpp-51-0124-c2-L2-t2,ltpp-sdr39,LTPP-51,SP,,,0.0,27.7,60.3,592.5,2.647,1.8196973968,0.14
ltpp-51-1023-c1-L1-t1,ltpp-sdr39,LTPP-51,SP,31.0,21.0,10.0,97.6,1.4000000000000057,592.5,2.657,1.842123245,0.13
ltpp-51-1023-c1-L1-t2,ltpp-sdr39,LTPP-51,SP,31.0,21.0,10.0,97.6,1.4000000000000057,592.5,2.657,1.970270949,0.1
ltpp-51-1417-c1-L1-t1,ltpp-sdr39,LTPP-51,SP,44.0,29.0,15.0,44.2,19.8,592.5,2.709,1.649901689,0.18
ltpp-51-1417-c1-L1-t2,ltpp-sdr39,LTPP-51,SP,44.0,29.0,15.0,44.2,19.8,592.5,2.709,1.633883226,0.23
ltpp-51-1419-c2-L1-t1,ltpp-sdr39,LTPP-51,SP,37.0,24.0,13.0,53.4,20.6,592.5,2.68,1.681938615,0.19
ltpp-51-1419-c2-L1-t2,ltpp-sdr39,LTPP-51,SP,37.0,24.0,13.0,53.4,20.6,592.5,2.68,1.76203093,0.17
ltpp-51-1423-c2-L1-t1,ltpp-sdr39,LTPP-51,SP,20.0,15.0,5.0,31.5,47.5,592.5,2.747,1.986289412,0.1
ltpp-51-1423-c2-L1-t2,ltpp-sdr39,LTPP-51,SP,20.0,15.0,5.0,31.5,47.5,592.5,2.747,1.906197097,0.12
ltpp-51-1464-c1-L1-t1,ltpp-sdr39,LTPP-51,SP,30.0,22.0,8.0,38.1,59.9,592.5,2.68,1.778049393,0.14
ltpp-51-1464-c1-L1-t2,ltpp-sdr39,LTPP-51,SP,30.0,22.0,8.0,38.1,59.9,592.5,2.68,1.810086319,0.13
ltpp-51-5010-c1-L1-t1,ltpp-sdr39,LTPP-51,SP,45.0,22.0,23.0,96.5,1.5,592.5,2.722,1.697957078,0.18
ltpp-51-5010-c1-L1-t2,ltpp-sdr39,LTPP-51,SP,45.0,22.0,23.0,96.5,1.5,592.5,2.722,1.76203093,0.17
ltpp-53-0212-c1-L3-t1,ltpp-sdr39,LTPP-53,SP,26.0,25.0,1.0,82.5,13.5,592.5,2.734,1.697957078,0.16
ltpp-53-0212-c1-L3-t2,ltpp-sdr39,LTPP-53,SP,26.0,25.0,1.0,82.5,13.5,592.5,2.734,1.633883226,0.18
ltpp-53-0801-c1-L1-t1,ltpp-sdr39,LTPP-53,SP,28.0,21.0,7.0,62.4,17.6,592.5,2.68,1.874160171,0.14
ltpp-53-0801-c1-L1-t2,ltpp-sdr39,LTPP-53,SP,28.0,21.0,7.0,62.4,17.6,592.5,2.68,1.713975541,0.18
ltpp-53-0801-c4-L4-t1,ltpp-sdr39,LTPP-53,SP,22.0,20.0,2.0,13.2,31.8,592.5,2.887,2.338695598,0.08
ltpp-53-0801-c4-L4-t2,ltpp-sdr39,LTPP-53,SP,22.0,20.0,2.0,13.2,31.8,592.5,2.887,2.2970475942,0.08
ltpp-53-0802-c4-L4-t1,ltpp-sdr39,LTPP-53,SP,22.0,20.0,2.0,10.7,30.3,592.5,2.878,2.2858346701,0.08
ltpp-53-1002-c1-L1-t2,ltpp-sdr39,LTPP-53,SP,24.0,18.0,6.0,63.1,17.9,592.5,2.68,1.906197097,0.14
ltpp-53-1801-c1-L1-t1,ltpp-sdr39,LTPP-53,SP,27.0,18.0,9.0,20.4,32.6,592.5,2.68,1.92221556,0.12
ltpp-53-3813-c1-L2-t1,ltpp-sdr39,LTPP-53,SP,26.0,20.0,6.0,57.9,38.1,592.5,2.68,1.890178634,0.14
ltpp-53-6020-c1-L1-t1,ltpp-sdr39,LTPP-53,SP,25.0,18.0,7.0,38.8,46.2,592.5,2.68,1.970270949,0.11
ltpp-53-6020-c1-L1-t2,ltpp-sdr39,LTPP-53,SP,25.0,18.0,7.0,38.8,46.2,592.5,2.68,1.986289412,0.11
ltpp-53-6048-c1-L1-t1,ltpp-sdr39,LTPP-53,SP,24.0,18.0,6.0,64.0,31.0,592.5,2.68,1.842123245,0.15
ltpp-53-6048-c1-L1-t2,ltpp-sdr39,LTPP-53,SP,24.0,18.0,6.0,64.0,31.0,592.5,2.68,1.746012467,0.18
ltpp-53-6048-c1-L2-t1,ltpp-sdr39,LTPP-53,SP,18.0,16.0,2.0,12.2,56.8,592.5,2.68,2.24258482,0.07
ltpp-53-6048-c1-L2-t2,ltpp-sdr39,LTPP-53,SP,18.0,16.0,2.0,12.2,56.8,592.5,2.68,2.226566357,0.06
ltpp-53-6049-c1-L1-t1,ltpp-sdr39,LTPP-53,SP,26.0,16.0,10.0,27.7,50.3,592.5,2.68,1.826104782,0.17
ltpp-53-6049-c1-L1-t2,ltpp-sdr39,LTPP-53,SP,26.0,16.0,10.0,27.7,50.3,592.5,2.68,1.794067856,0.15
ltpp-53-6056-c1-L1-t1,ltpp-sdr39,LTPP-53,SP,32.0,20.0,12.0,49.5,8.5,592.5,2.68,1.729994004,0.19
ltpp-53-6056-c1-L1-t2,ltpp-sdr39,LTPP-53,SP,32.0,20.0,12.0,49.5,8.5,592.5,2.68,1.505735522,0.26
ltpp-53-7322-c1-L1-t1,ltpp-sdr39,LTPP-53,SP,34.0,18.0,16.0,82.4,4.599999999999994,592.5,2.68,1.697957078,0.17
ltpp-53-7322-c1-L1-t2,ltpp-sdr39,LTPP-53,SP,34.0,18.0,16.0,82.4,4.599999999999994,592.5,2.68,1.697957078,0.18
ltpp-53-AA02-c1-L1-t1,ltpp-sdr39,LTPP-53,SP,29.0,20.0,9.0,18.3,24.7,592.5,2.68,2.0423540325,0.11
ltpp-53-AA03-c2-L1-t1,ltpp-sdr39,LTPP-53,SP,29.0,21.0,8.0,19.9,31.1,592.5,2.68,2.1096315771,0.09
ltpp-53-AA03-c2-L2-t1,ltpp-sdr39,LTPP-53,SP,19.0,17.0,2.0,10.9,31.1,592.5,2.68,2.2009368162,0.06
ltpp-53-AA03-c2-L3-t1,ltpp-sdr39,LTPP-53,SP,17.0,15.0,2.0,5.4,40.6,592.5,2.68,2.162492505,0.07
ltpp-54-1640-c1-L1-t1,ltpp-sdr39,LTPP-54,SP,24.0,16.0,8.0,39.5,31.5,592.5,2.659,2.002307875,0.1
ltpp-54-1640-c1-L1-t2,ltpp-sdr39,LTPP-54,SP,24.0,16.0,8.0,39.5,31.5,592.5,2.659,1.986289412,0.1
ltpp-54-1640-c1-L2-t2,ltpp-sdr39,LTPP-54,SP,21.0,17.0,4.0,10.6,64.4,592.5,2.592,2.098418653,0.09
ltpp-54-4003-c1-L1-t1,ltpp-sdr39,LTPP-54,SP,22.0,19.0,3.0,22.0,33.0,592.5,2.644,2.050363264,0.09
ltpp-54-4003-c1-L1-t2,ltpp-sdr39,LTPP-54,SP,22.0,19.0,3.0,22.0,33.0,592.5,2.644,2.050363264,0.1
ltpp-54-4004-c1-L1-t1,ltpp-sdr39,LTPP-54,SP,24.0,16.0,8.0,16.8,25.2,592.5,2.598,2.098418653,0.09
ltpp-54-4004-c1-L1-t2,ltpp-sdr39,LTPP-54,SP,24.0,16.0,8.0,16.8,25.2,592.5,2.598,2.050363264,0.09
ltpp-54-5007-c1-L1-t1,ltpp-sdr39,LTPP-54,SP,32.0,24.0,8.0,61.2,29.8,592.5,2.696,1.842123245,0.14
ltpp-54-5007-c1-L1-t2,ltpp-sdr39,LTPP-54,SP,32.0,24.0,8.0,61.2,29.8,592.5,2.696,1.954252486,0.12
ltpp-54-7008-c1-L1-t1,ltpp-sdr39,LTPP-54,SP,28.0,21.0,7.0,50.3,35.7,592.5,2.655,2.018326338,0.11
ltpp-54-7008-c1-L1-t2,ltpp-sdr39,LTPP-54,SP,28.0,21.0,7.0,50.3,35.7,592.5,2.655,1.92221556,0.13
ltpp-55-0113-c1-L2-t1,ltpp-sdr39,LTPP-55,SP,,,0.0,14.0,65.0,592.5,2.699,2.098418653,0.08
ltpp-55-0113-c1-L2-t1,ltpp-sdr39,LTPP-55,SP,,,0.0,14.0,65.0,592.5,2.699,2.1208445012,0.07
ltpp-55-0113-c1-L2-t2,ltpp-sdr39,LTPP-55,SP,,,0.0,14.0,65.0,592.5,2.699,2.130455579,0.06
ltpp-55-0113-c1-L2-t2,ltpp-sdr39,LTPP-55,SP,,,0.0,14.0,65.0,592.5,2.699,2.194529431,0.06
ltpp-55-0113-c1-L3-t1,ltpp-sdr39,LTPP-55,SP,,,0.0,11.2,54.8,592.5,2.713,2.24258482,0.05
ltpp-55-0113-c1-L3-t1,ltpp-sdr39,LTPP-55,SP,,,0.0,11.2,54.8,592.5,2.713,2.274621746,0.05
ltpp-55-0113-c1-L3-t2,ltpp-sdr39,LTPP-55,SP,,,0.0,11.2,54.8,592.5,2.713,2.258603283,0.06
ltpp-55-0122-c1-L1-t1,ltpp-sdr39,LTPP-55,SP,20.0,14.0,6.0,39.7,60.3,592.5,2.681,2.0247337232,0.1
ltpp-55-0122-c1-L1-t2,ltpp-sdr39,LTPP-55,SP,20.0,14.0,6.0,39.7,60.3,592.5,2.681,2.0391503399,0.07
ltpp-55-0122-c1-L1-t2,ltpp-sdr39,LTPP-55,SP,20.0,14.0,6.0,39.7,60.3,592.5,2.681,2.0519651103,0.08
ltpp-55-0122-c1-L3-t1,ltpp-sdr39,LTPP-55,SP,,,0.0,15.8,52.2,592.5,2.702,2.2249645107,0.05
ltpp-55-0122-c1-L3-t2,ltpp-sdr39,LTPP-55,SP,,,0.0,15.8,52.2,592.5,2.702,2.24258482,0.05
ltpp-55-0213-c1-L1-t2,ltpp-sdr39,LTPP-55,SP,,,0.0,12.8,74.2,592.5,2.695,2.130455579,0.07
ltpp-55-0213-c1-L2-t2,ltpp-sdr39,LTPP-55,SP,,,0.0,11.5,57.5,592.5,2.701,2.1913257384,0.06
ltpp-55-0213-c1-L3-t2,ltpp-sdr39,LTPP-55,SP,,,0.0,7.6,59.4,592.5,2.713,2.226566357,0.06
ltpp-55-0216-c1-L3-t2,ltpp-sdr39,LTPP-55,SP,,,0.0,8.1,43.9,592.5,2.72,2.274621746,0.05
ltpp-55-0218-c1-L3-t2,ltpp-sdr39,LTPP-55,SP,,,0.0,9.2,57.8,592.5,2.714,2.2249645107,0.06
ltpp-55-0221-c1-L2-t1,ltpp-sdr39,LTPP-55,SP,,,0.0,11.1,68.9,592.5,2.701,2.066381727,0.07
ltpp-55-0221-c1-L2-t2,ltpp-sdr39,LTPP-55,SP,,,0.0,11.1,68.9,592.5,2.701,1.906197097,0.09
ltpp-55-0261-c1-L1-t1,ltpp-sdr39,LTPP-55,SP,,,0.0,5.4,90.6,592.5,2.675,1.826104782,0.11
ltpp-55-0261-c1-L1-t1,ltpp-sdr39,LTPP-55,SP,,,0.0,5.4,90.6,592.5,2.675,1.7876604708,0.11
ltpp-55-0261-c1-L1-t2,ltpp-sdr39,LTPP-55,SP,,,0.0,5.4,90.6,592.5,2.675,1.7107718484,0.12
ltpp-55-0261-c1-L2-t1,ltpp-sdr39,LTPP-55,SP,,,0.0,10.4,63.6,592.5,2.698,2.1336592716,0.06
ltpp-55-0261-c1-L2-t2,ltpp-sdr39,LTPP-55,SP,,,0.0,10.4,63.6,592.5,2.698,1.954252486,0.09
ltpp-55-0262-c1-L2-t2,ltpp-sdr39,LTPP-55,SP,,,0.0,4.4,45.6,592.5,2.72,2.178510968,0.05
ltpp-55-3008-c1-L1-t1,ltpp-sdr39,LTPP-55,SP,24.0,14.0,10.0,64.2,24.8,592.5,2.68,1.938234023,0.13
ltpp-55-3008-c1-L1-t2,ltpp-sdr39,LTPP-55,SP,24.0,14.0,10.0,64.2,24.8,592.5,2.68,1.986289412,0.11
ltpp-55-3009-c1-L1-t1,ltpp-sdr39,LTPP-55,SP,30.0,15.0,15.0,74.5,21.5,592.5,2.68,1.858141708,0.16
ltpp-55-3009-c1-L1-t2,ltpp-sdr39,LTPP-55,SP,30.0,15.0,15.0,74.5,21.5,592.5,2.68,1.874160171,0.14
ltpp-55-3010-c1-L1-t2,ltpp-sdr39,LTPP-55,SP,15.0,12.0,3.0,62.7,21.3,592.5,2.68,2.210547894,0.07
ltpp-55-3014-c1-L1-t1,ltpp-sdr39,LTPP-55,SP,16.0,12.0,4.0,23.2,36.8,592.5,2.68,2.178510968,0.06
ltpp-55-3014-c1-L1-t2,ltpp-sdr39,LTPP-55,SP,16.0,12.0,4.0,23.2,36.8,592.5,2.68,2.290640209,0.06
ltpp-55-5040-c1-L1-t1,ltpp-sdr39,LTPP-55,SP,44.0,19.0,25.0,83.4,14.599999999999994,592.5,2.68,1.729994004,0.18
ltpp-55-5040-c1-L1-t2,ltpp-sdr39,LTPP-55,SP,44.0,19.0,25.0,83.4,14.599999999999994,592.5,2.68,1.617864763,0.24
ltpp-55-B907-c1-L2-t2,ltpp-sdr39,LTPP-55,SP,15.0,13.0,2.0,23.1,42.9,592.5,2.68,2.306658672,0.06
ltpp-56-2015-c1-L1-t1,ltpp-sdr39,LTPP-56,SP,,,0.0,36.9,48.1,592.5,2.68,1.906197097,0.12
ltpp-56-2017-c1-L1-t1,ltpp-sdr39,LTPP-56,SP,31.0,17.0,14.0,22.4,9.6,592.5,2.68,1.858141708,0.16
ltpp-56-2017-c1-L1-t2,ltpp-sdr39,LTPP-56,SP,31.0,17.0,14.0,22.4,9.6,592.5,2.68,1.553790911,0.21
ltpp-56-2018-c1-L1-t1,ltpp-sdr39,LTPP-56,SP,37.0,16.0,21.0,55.7,39.3,592.5,2.68,1.76203093,0.15
ltpp-56-2018-c1-L1-t2,ltpp-sdr39,LTPP-56,SP,37.0,16.0,21.0,55.7,39.3,592.5,2.68,1.729994004,0.15
ltpp-56-2019-c1-L1-t1,ltpp-sdr39,LTPP-56,SP,34.0,16.0,18.0,14.5,74.5,592.5,2.68,1.76203093,0.14
ltpp-56-2019-c1-L1-t2,ltpp-sdr39,LTPP-56,SP,34.0,16.0,18.0,14.5,74.5,592.5,2.68,1.826104782,0.14
ltpp-56-2020-c1-L1-t1,ltpp-sdr39,LTPP-56,SP,34.0,12.0,22.0,13.5,16.5,592.5,2.68,1.986289412,0.12
ltpp-56-2037-c1-L1-t1,ltpp-sdr39,LTPP-56,SP,22.0,16.0,6.0,42.8,53.2,592.5,2.68,1.874160171,0.12
ltpp-56-2037-c1-L1-t2,ltpp-sdr39,LTPP-56,SP,22.0,16.0,6.0,42.8,53.2,592.5,2.68,1.890178634,0.12
ltpp-56-6029-c1-L1-t1,ltpp-sdr39,LTPP-56,SP,16.0,12.0,4.0,12.4,29.6,592.5,2.68,2.178510968,0.07
ltpp-56-6029-c1-L1-t2,ltpp-sdr39,LTPP-56,SP,16.0,12.0,4.0,12.4,29.6,592.5,2.68,2.146474042,0.07
ltpp-56-6029-c1-L2-t1,ltpp-sdr39,LTPP-56,SP,22.0,12.0,10.0,13.7,32.3,592.5,2.68,2.226566357,0.06
ltpp-56-6029-c1-L2-t2,ltpp-sdr39,LTPP-56,SP,22.0,12.0,10.0,13.7,32.3,592.5,2.68,2.146474042,0.06
ltpp-56-6031-c1-L1-t1,ltpp-sdr39,LTPP-56,SP,26.0,13.0,13.0,31.3,37.7,592.5,2.68,1.858141708,0.1
ltpp-56-6031-c1-L1-t2,ltpp-sdr39,LTPP-56,SP,26.0,13.0,13.0,31.3,37.7,592.5,2.68,1.810086319,0.13
ltpp-56-6032-c1-L1-t1,ltpp-sdr39,LTPP-56,SP,22.0,16.0,6.0,16.1,22.9,592.5,2.68,2.178510968,0.07
ltpp-56-7772-c1-L1-t1,ltpp-sdr39,LTPP-56,SP,35.0,16.0,19.0,28.3,26.7,592.5,2.68,1.633883226,0.19
ltpp-56-7772-c1-L1-t2,ltpp-sdr39,LTPP-56,SP,35.0,16.0,19.0,28.3,26.7,592.5,2.68,1.713975541,0.17
ltpp-6-0203-c3-L1-t1,ltpp-sdr39,LTPP-6,SP,,,0.0,11.0,78.0,592.5,2.674,1.8517343228,0.1
ltpp-6-0206-c2-L1-t1,ltpp-sdr39,LTPP-6,SP,,,0.0,16.6,82.4,592.5,2.69,1.8180955505,0.11
ltpp-6-0507-c1-L1-t2,ltpp-sdr39,LTPP-6,SP,23.0,19.0,4.0,21.8,77.2,592.5,2.68,1.954252486,0.11
ltpp-6-0509-c1-L1-t2,ltpp-sdr39,LTPP-6,SP,24.0,18.0,6.0,19.7,70.3,592.5,2.68,1.954252486,0.1
ltpp-6-0509-c1-L1-t2,ltpp-sdr39,LTPP-6,SP,24.0,18.0,6.0,19.7,70.3,592.5,2.68,1.954252486,0.11
ltpp-6-0606-c6-L1-t2,ltpp-sdr39,LTPP-6,SP,,,0.0,15.4,50.6,592.5,2.569,1.8004752412,0.12
ltpp-6-0659-c4-L1-t1,ltpp-sdr39,LTPP-6,SP,,,0.0,10.9,48.1,592.5,2.68,1.794067856,0.12
ltpp-6-0660-c8-L1-t1,ltpp-sdr39,LTPP-6,SP,,,0.0,10.5,58.5,592.5,2.68,1.633883226,0.16
ltpp-6-0662-c5-L1-t2,ltpp-sdr39,LTPP-6,SP,,,0.0,5.9,28.1,592.5,2.68,1.8357158598,0.12
ltpp-6-0662-c5-L1-t2,ltpp-sdr39,LTPP-6,SP,,,0.0,5.9,28.1,592.5,2.68,1.8853730951,0.12
ltpp-6-0663-c10-L1-t1,ltpp-sdr39,LTPP-6,SP,,,0.0,6.5,35.5,592.5,2.68,1.794067856,0.13
ltpp-6-0811-c2-L1-t1,ltpp-sdr39,LTPP-6,SP,,,0.0,10.9,88.1,592.5,2.694,1.7315958503,0.13
ltpp-6-1253-c1-L1-t1,ltpp-sdr39,LTPP-6,SP,28.0,17.0,11.0,28.4,40.6,592.5,2.68,1.938234023,0.12
ltpp-6-1253-c1-L1-t2,ltpp-sdr39,LTPP-6,SP,28.0,17.0,11.0,28.4,40.6,592.5,2.68,1.970270949,0.13
ltpp-6-1253-c1-L2-t1,ltpp-sdr39,LTPP-6,SP,20.0,16.0,4.0,11.6,38.4,592.5,2.68,2.24258482,0.06
ltpp-6-1253-c1-L2-t2,ltpp-sdr39,LTPP-6,SP,20.0,16.0,4.0,11.6,38.4,592.5,2.68,2.258603283,0.05
ltpp-6-2002-c1-L1-t1,ltpp-sdr39,LTPP-6,SP,26.0,17.0,9.0,27.6,34.4,592.5,2.68,1.794067856,0.14
ltpp-6-2002-c1-L1-t2,ltpp-sdr39,LTPP-6,SP,26.0,17.0,9.0,27.6,34.4,592.5,2.68,1.729994004,0.15
ltpp-6-2004-c1-L1-t1,ltpp-sdr39,LTPP-6,SP,27.0,24.0,3.0,60.6,39.4,592.5,2.68,1.794067856,0.14
ltpp-6-2004-c1-L1-t2,ltpp-sdr39,LTPP-6,SP,27.0,24.0,3.0,60.6,39.4,592.5,2.68,1.986289412,0.11
ltpp-6-2038-c1-L1-t1,ltpp-sdr39,LTPP-6,SP,21.0,15.0,6.0,27.8,65.2,592.5,2.68,1.890178634,0.15
ltpp-6-2038-c1-L1-t2,ltpp-sdr39,LTPP-6,SP,21.0,15.0,6.0,27.8,65.2,592.5,2.68,1.874160171,0.15
ltpp-6-2040-c1-L1-t1,ltpp-sdr39,LTPP-6,SP,36.0,17.0,19.0,43.7,30.3,592.5,2.68,1.794067856,0.17
ltpp-6-2040-c1-L1-t2,ltpp-sdr39,LTPP-6,SP,36.0,17.0,19.0,43.7,30.3,592.5,2.68,1.537772448,0.24
ltpp-6-2040-c1-L2-t1,ltpp-sdr39,LTPP-6,SP,19.0,16.0,3.0,6.9,34.1,592.5,2.68,2.274621746,0.05
ltpp-6-2040-c1-L2-t2,ltpp-sdr39,LTPP-6,SP,19.0,16.0,3.0,6.9,34.1,592.5,2.68,2.24258482,0.06
ltpp-6-2041-c1-L1-t1,ltpp-sdr39,LTPP-6,SP,22.0,15.0,7.0,16.3,33.7,592.5,2.68,2.114437116,0.08
ltpp-6-2041-c1-L1-t2,ltpp-sdr39,LTPP-6,SP,22.0,15.0,7.0,16.3,33.7,592.5,2.68,2.034344801,0.09
ltpp-6-2041-c1-L2-t1,ltpp-sdr39,LTPP-6,SP,19.0,17.0,2.0,7.2,36.8,592.5,2.68,2.258603283,0.06
ltpp-6-2041-c1-L2-t2,ltpp-sdr39,LTPP-6,SP,19.0,17.0,2.0,7.2,36.8,592.5,2.68,2.226566357,0.05
ltpp-6-2051-c1-L1-t1,ltpp-sdr39,LTPP-6,SP,34.0,19.0,15.0,13.5,28.5,592.5,2.68,2.002307875,0.12
ltpp-6-2053-c1-L1-t1,ltpp-sdr39,LTPP-6,SP,48.0,17.0,31.0,56.2,23.8,592.5,2.68,1.6018463,0.25
ltpp-6-2053-c1-L1-t2,ltpp-sdr39,LTPP-6,SP,48.0,17.0,31.0,56.2,23.8,592.5,2.68,1.681938615,0.21
ltpp-6-2647-c1-L1-t1,ltpp-sdr39,LTPP-6,SP,33.0,16.0,17.0,23.2,38.8,592.5,2.68,2.066381727,0.1
ltpp-6-2647-c1-L1-t2,ltpp-sdr39,LTPP-6,SP,33.0,16.0,17.0,23.2,38.8,592.5,2.68,1.954252486,0.12
ltpp-6-3010-c1-L1-t1,ltpp-sdr39,LTPP-6,SP,44.0,15.0,29.0,36.4,44.6,592.5,2.68,1.778049393,0.15
ltpp-6-3010-c1-L1-t2,ltpp-sdr39,LTPP-6,SP,44.0,15.0,29.0,36.4,44.6,592.5,2.68,2.050363264,0.1
ltpp-6-3019-c1-L1-t1,ltpp-sdr39,LTPP-6,SP,27.0,16.0,11.0,39.5,58.5,592.5,2.68,1.874160171,0.13
ltpp-6-3019-c1-L2-t1,ltpp-sdr39,LTPP-6,SP,26.0,18.0,8.0,24.3,71.7,592.5,2.68,2.018326338,0.11
ltpp-6-3019-c1-L2-t2,ltpp-sdr39,LTPP-6,SP,26.0,18.0,8.0,24.3,71.7,592.5,2.68,2.114437116,0.08
ltpp-6-3030-c1-L1-t1,ltpp-sdr39,LTPP-6,SP,48.0,28.0,20.0,48.6,31.4,592.5,2.68,1.665920152,0.2
ltpp-6-3030-c1-L1-t2,ltpp-sdr39,LTPP-6,SP,48.0,28.0,20.0,48.6,31.4,592.5,2.68,1.6018463,0.23
ltpp-6-3030-c1-L2-t2,ltpp-sdr39,LTPP-6,SP,26.0,19.0,7.0,30.2,53.8,592.5,2.68,1.794067856,0.18
ltpp-6-3042-c1-L1-t1,ltpp-sdr39,LTPP-6,SP,31.0,20.0,11.0,70.7,27.3,592.5,2.68,1.729994004,0.2
ltpp-6-3042-c1-L1-t2,ltpp-sdr39,LTPP-6,SP,31.0,20.0,11.0,70.7,27.3,592.5,2.68,1.778049393,0.17
ltpp-6-3042-c1-L2-t1,ltpp-sdr39,LTPP-6,SP,29.0,27.0,2.0,45.2,48.8,592.5,2.68,1.681938615,0.2
ltpp-6-3042-c1-L2-t2,ltpp-sdr39,LTPP-6,SP,29.0,27.0,2.0,45.2,48.8,592.5,2.68,1.794067856,0.17
ltpp-6-6044-c1-L1-t1,ltpp-sdr39,LTPP-6,SP,43.0,28.0,15.0,58.3,39.7,592.5,2.68,1.746012467,0.16
ltpp-6-6044-c1-L1-t2,ltpp-sdr39,LTPP-6,SP,43.0,28.0,15.0,58.3,39.7,592.5,2.68,1.633883226,0.2
ltpp-6-6044-c1-L2-t1,ltpp-sdr39,LTPP-6,SP,22.0,17.0,5.0,12.6,32.4,592.5,2.68,2.274621746,0.04
ltpp-6-6044-c1-L3-t1,ltpp-sdr39,LTPP-6,SP,22.0,18.0,4.0,7.1,26.9,592.5,2.68,2.290640209,0.06
ltpp-6-7452-c1-L1-t1,ltpp-sdr39,LTPP-6,SP,40.0,19.0,21.0,55.5,32.5,592.5,2.68,1.697957078,0.19
ltpp-6-7452-c1-L1-t2,ltpp-sdr39,LTPP-6,SP,40.0,19.0,21.0,55.5,32.5,592.5,2.68,1.633883226,0.21
ltpp-6-7452-c1-L2-t1,ltpp-sdr39,LTPP-6,SP,20.0,14.0,6.0,14.8,37.2,592.5,2.68,2.24258482,0.06
ltpp-6-7452-c1-L2-t2,ltpp-sdr39,LTPP-6,SP,20.0,14.0,6.0,14.8,37.2,592.5,2.68,2.194529431,0.07
ltpp-6-7455-c1-L1-t1,ltpp-sdr39,LTPP-6,SP,40.0,16.0,24.0,56.1,24.9,592.5,2.68,1.794067856,0.15
ltpp-6-7455-c1-L1-t2,ltpp-sdr39,LTPP-6,SP,40.0,16.0,24.0,56.1,24.9,592.5,2.68,1.778049393,0.15
ltpp-6-7455-c1-L2-t1,ltpp-sdr39,LTPP-6,SP,21.0,13.0,8.0,19.2,41.8,592.5,2.68,2.274621746,0.05
ltpp-6-7455-c1-L2-t2,ltpp-sdr39,LTPP-6,SP,21.0,13.0,8.0,19.2,41.8,592.5,2.68,2.24258482,0.04
ltpp-6-7456-c1-L1-t1,ltpp-sdr39,LTPP-6,SP,24.0,13.0,11.0,49.3,42.7,592.5,2.68,1.954252486,0.12
ltpp-6-7456-c1-L1-t2,ltpp-sdr39,LTPP-6,SP,24.0,13.0,11.0,49.3,42.7,592.5,2.68,1.986289412,0.12
ltpp-6-7456-c1-L2-t1,ltpp-sdr39,LTPP-6,SP,26.0,15.0,11.0,12.3,32.7,592.5,2.68,2.274621746,0.05
ltpp-6-7456-c1-L2-t2,ltpp-sdr39,LTPP-6,SP,26.0,15.0,11.0,12.3,32.7,592.5,2.68,2.194529431,0.06
ltpp-6-8149-c1-L1-t1,ltpp-sdr39,LTPP-6,SP,25.0,18.0,7.0,18.0,64.0,592.5,2.68,2.034344801,0.1
ltpp-6-8153-c1-L1-t1,ltpp-sdr39,LTPP-6,SP,65.0,20.0,45.0,60.3,27.700000000000003,592.5,2.68,1.665920152,0.2
ltpp-6-8153-c1-L1-t2,ltpp-sdr39,LTPP-6,SP,65.0,20.0,45.0,60.3,27.700000000000003,592.5,2.68,1.617864763,0.21
ltpp-6-8153-c1-L2-t2,ltpp-sdr39,LTPP-6,SP,60.0,23.0,37.0,33.9,29.1,592.5,2.68,1.794067856,0.17
ltpp-6-8201-c1-L1-t1,ltpp-sdr39,LTPP-6,SP,27.0,23.0,4.0,31.3,59.7,592.5,2.68,1.842123245,0.14
ltpp-6-8201-c1-L1-t2,ltpp-sdr39,LTPP-6,SP,27.0,23.0,4.0,31.3,59.7,592.5,2.68,1.906197097,0.11
ltpp-6-8201-c1-L2-t1,ltpp-sdr39,LTPP-6,SP,26.0,18.0,8.0,19.5,75.5,592.5,2.68,2.034344801,0.08
ltpp-6-8201-c1-L2-t2,ltpp-sdr39,LTPP-6,SP,26.0,18.0,8.0,19.5,75.5,592.5,2.68,2.114437116,0.08
ltpp-6-8534-c1-L1-t1,ltpp-sdr39,LTPP-6,SP,32.0,12.0,20.0,43.0,54.0,592.5,2.68,1.874160171,0.13
ltpp-6-8534-c1-L1-t2,ltpp-sdr39,LTPP-6,SP,32.0,12.0,20.0,43.0,54.0,592.5,2.68,1.778049393,0.15
ltpp-6-8535-c1-L1-t1,ltpp-sdr39,LTPP-6,SP,24.0,16.0,8.0,56.3,36.7,592.5,2.68,1.842123245,0.15
ltpp-6-8535-c1-L1-t2,ltpp-sdr39,LTPP-6,SP,24.0,16.0,8.0,56.3,36.7,592.5,2.68,1.778049393,0.16
ltpp-6-9049-c1-L1-t1,ltpp-sdr39,LTPP-6,SP,36.0,15.0,21.0,59.4,21.6,592.5,2.68,1.746012467,0.17
ltpp-6-9049-c1-L1-t2,ltpp-sdr39,LTPP-6,SP,36.0,15.0,21.0,59.4,21.6,592.5,2.68,1.810086319,0.15
ltpp-72-1003-c1-L1-t1,ltpp-sdr39,LTPP-72,SP,19.0,14.0,5.0,31.1,57.9,592.5,2.692,1.938234023,0.11
ltpp-72-1003-c1-L1-t2,ltpp-sdr39,LTPP-72,SP,19.0,14.0,5.0,31.1,57.9,592.5,2.692,2.08240019,0.09
ltpp-72-1003-c1-L2-t1,ltpp-sdr39,LTPP-72,SP,23.0,16.0,7.0,17.3,31.7,592.5,2.574,2.130455579,0.07
ltpp-72-1003-c1-L2-t2,ltpp-sdr39,LTPP-72,SP,23.0,16.0,7.0,17.3,31.7,592.5,2.574,2.114437116,0.07
ltpp-72-3008-c1-L2-t1,ltpp-sdr39,LTPP-72,SP,24.0,17.0,7.0,9.9,24.1,592.5,2.724,2.306658672,0.06
ltpp-72-3008-c1-L2-t2,ltpp-sdr39,LTPP-72,SP,24.0,17.0,7.0,9.9,24.1,592.5,2.724,2.226566357,0.07
ltpp-72-4121-c1-L1-t1,ltpp-sdr39,LTPP-72,SP,25.0,16.0,9.0,35.8,30.200000000000003,592.5,2.654,1.986289412,0.1
ltpp-72-4121-c1-L1-t2,ltpp-sdr39,LTPP-72,SP,25.0,16.0,9.0,35.8,30.200000000000003,592.5,2.654,2.034344801,0.09
ltpp-72-4121-c1-L2-t1,ltpp-sdr39,LTPP-72,SP,23.0,15.0,8.0,23.7,26.3,592.5,2.647,2.098418653,0.07
ltpp-72-4121-c1-L2-t2,ltpp-sdr39,LTPP-72,SP,23.0,15.0,8.0,23.7,26.3,592.5,2.647,2.162492505,0.07
ltpp-72-4122-c1-L1-t1,ltpp-sdr39,LTPP-72,SP,29.0,18.0,11.0,33.2,27.8,592.5,2.645,1.92221556,0.1
ltpp-72-4122-c1-L1-t2,ltpp-sdr39,LTPP-72,SP,29.0,18.0,11.0,33.2,27.8,592.5,2.645,1.842123245,0.13
ltpp-72-4122-c1-L2-t1,ltpp-sdr39,LTPP-72,SP,28.0,19.0,9.0,30.9,28.1,592.5,2.643,2.08240019,0.08
ltpp-72-4122-c1-L2-t2,ltpp-sdr39,LTPP-72,SP,28.0,19.0,9.0,30.9,28.1,592.5,2.643,2.050363264,0.09
ltpp-8-0213-c1-L1-t1,ltpp-sdr39,LTPP-8,SP,,,0.0,10.9,83.1,592.5,2.67,1.8629472469,0.1
ltpp-8-0214-c1-L1-t1,ltpp-sdr39,LTPP-8,SP,,,0.0,14.1,83.9,592.5,2.676,1.9734746416,0.1
ltpp-8-0214-c1-L1-t2,ltpp-sdr39,LTPP-8,SP,,,0.0,14.1,83.9,592.5,2.676,1.986289412,0.1
ltpp-8-0216-c2-L1-t1,ltpp-sdr39,LTPP-8,SP,20.0,17.0,3.0,27.8,64.2,592.5,2.672,1.9478451008,0.1
ltpp-8-0217-c1-L1-t2,ltpp-sdr39,LTPP-8,SP,34.0,11.0,23.0,51.1,47.9,592.5,2.68,1.810086319,0.15
ltpp-8-0219-c1-L1-t2,ltpp-sdr39,LTPP-8,SP,24.0,14.0,10.0,30.5,55.5,592.5,2.68,1.986289412,0.1
ltpp-8-0221-c1-L1-t1,ltpp-sdr39,LTPP-8,SP,35.0,13.0,22.0,50.0,46.0,592.5,2.712,1.8325121672,0.14
ltpp-8-0221-c1-L1-t2,ltpp-sdr39,LTPP-8,SP,35.0,13.0,22.0,50.0,46.0,592.5,2.712,1.858141708,0.14
ltpp-8-0221-c1-L2-t1,ltpp-sdr39,LTPP-8,SP,,,0.0,6.9,32.1,592.5,2.68,2.1865201995,0.06
ltpp-8-0221-c1-L2-t2,ltpp-sdr39,LTPP-8,SP,,,0.0,6.9,32.1,592.5,2.68,2.130455579,0.06
ltpp-8-0222-c4-L1-t1,ltpp-sdr39,LTPP-8,SP,31.0,14.0,17.0,61.3,35.7,592.5,2.7,1.826104782,0.14
ltpp-8-0222-c4-L2-t1,ltpp-sdr39,LTPP-8,SP,20.0,18.0,2.0,11.8,50.2,592.5,2.68,2.1993349699,0.05
ltpp-8-0223-c1-L1-t1,ltpp-sdr39,LTPP-8,SP,,,0.0,16.5,82.5,592.5,2.677,1.8789657099,0.11
ltpp-8-0223-c1-L1-t2,ltpp-sdr39,LTPP-8,SP,,,0.0,16.5,82.5,592.5,2.677,1.890178634,0.1
ltpp-8-0223-c1-L2-t1,ltpp-sdr39,LTPP-8,SP,,,0.0,10.8,57.2,592.5,2.68,2.2057423551,0.05
ltpp-8-0224-c1-L1-t2,ltpp-sdr39,LTPP-8,SP,25.0,10.0,15.0,39.9,59.1,592.5,2.68,1.890178634,0.13
ltpp-8-0501-c1-L1-t1,ltpp-sdr39,LTPP-8,SP,32.0,18.0,14.0,54.6,15.4,592.5,2.68,1.76203093,0.14
ltpp-8-0505-c1-L1-t1,ltpp-sdr39,LTPP-8,SP,33.0,19.0,14.0,81.1,18.90000000000001,592.5,2.68,1.76203093,0.14
ltpp-8-0508-c1-L1-t1,ltpp-sdr39,LTPP-8,SP,37.0,16.0,21.0,48.3,47.7,592.5,2.68,1.858141708,0.13
ltpp-8-0811-c1-L1-t1,ltpp-sdr39,LTPP-8,SP,31.0,15.0,16.0,54.2,43.8,592.5,2.702,1.713975541,0.16
ltpp-8-0811-c1-L1-t1,ltpp-sdr39,LTPP-8,SP,31.0,15.0,16.0,54.2,43.8,592.5,2.702,1.713975541,0.17
ltpp-8-0811-c1-L1-t1,ltpp-sdr39,LTPP-8,SP,31.0,15.0,16.0,54.2,43.8,592.5,2.702,1.746012467,0.16
ltpp-8-0811-c1-L1-t2,ltpp-sdr39,LTPP-8,SP,31.0,15.0,16.0,54.2,43.8,592.5,2.702,1.986289412,0.09
ltpp-8-0812-c1-L1-t1,ltpp-sdr39,LTPP-8,SP,37.0,14.0,23.0,38.1,58.9,592.5,2.692,1.713975541,0.15
ltpp-8-0812-c1-L1-t1,ltpp-sdr39,LTPP-8,SP,37.0,14.0,23.0,38.1,58.9,592.5,2.692,1.858141708,0.12
ltpp-8-0812-c1-L1-t1,ltpp-sdr39,LTPP-8,SP,37.0,14.0,23.0,38.1,58.9,592.5,2.692,1.954252486,0.1
ltpp-8-0812-c1-L1-t2,ltpp-sdr39,LTPP-8,SP,37.0,14.0,23.0,38.1,58.9,592.5,2.692,2.018326338,0.09
ltpp-8-0812-c1-L1-t2,ltpp-sdr39,LTPP-8,SP,37.0,14.0,23.0,38.1,58.9,592.5,2.692,1.970270949,0.11
ltpp-8-1029-c1-L1-t1,ltpp-sdr39,LTPP-8,SP,24.0,17.0,7.0,42.2,56.8,592.5,2.68,1.76203093,0.15
ltpp-8-1029-c1-L1-t2,ltpp-sdr39,LTPP-8,SP,24.0,17.0,7.0,42.2,56.8,592.5,2.68,1.746012467,0.17
ltpp-8-1047-c1-L1-t1,ltpp-sdr39,LTPP-8,SP,34.0,13.0,21.0,87.2,7.799999999999997,592.5,2.68,1.826104782,0.14
ltpp-8-1047-c1-L1-t2,ltpp-sdr39,LTPP-8,SP,34.0,13.0,21.0,87.2,7.799999999999997,592.5,2.68,1.826104782,0.13
ltpp-8-1047-c1-L2-t2,ltpp-sdr39,LTPP-8,SP,28.0,15.0,13.0,51.8,18.200000000000003,592.5,2.68,1.938234023,0.12
ltpp-8-1053-c1-L1-t2,ltpp-sdr39,LTPP-8,SP,40.0,18.0,22.0,91.8,5.200000000000003,592.5,2.68,1.6018463,0.2
ltpp-8-1057-c1-L1-t2,ltpp-sdr39,LTPP-8,SP,32.0,17.0,15.0,95.8,2.200000000000003,592.5,2.68,1.729994004,0.16
ltpp-8-2008-c1-L1-t1,ltpp-sdr39,LTPP-8,SP,42.0,19.0,23.0,67.4,27.599999999999994,592.5,2.68,1.729994004,0.18
ltpp-8-2008-c1-L1-t2,ltpp-sdr39,LTPP-8,SP,42.0,19.0,23.0,67.4,27.599999999999994,592.5,2.68,1.665920152,0.19
ltpp-8-2008-c1-L2-t2,ltpp-sdr39,LTPP-8,SP,18.0,11.0,7.0,32.6,43.4,592.5,2.68,2.162492505,0.06
ltpp-8-6002-c1-L1-t1,ltpp-sdr39,LTPP-8,SP,34.0,12.0,22.0,79.1,18.90000000000001,592.5,2.68,1.729994004,0.16
ltpp-8-6002-c1-L1-t2,ltpp-sdr39,LTPP-8,SP,34.0,12.0,22.0,79.1,18.90000000000001,592.5,2.68,1.746012467,0.17
ltpp-8-6013-c1-L1-t1,ltpp-sdr39,LTPP-8,SP,18.0,14.0,4.0,22.2,72.8,592.5,2.68,2.018326338,0.1
ltpp-8-6013-c1-L1-t2,ltpp-sdr39,LTPP-8,SP,18.0,14.0,4.0,22.2,72.8,592.5,2.68,2.002307875,0.09
ltpp-8-7035-c1-L1-t1,ltpp-sdr39,LTPP-8,SP,38.0,14.0,24.0,72.3,27.700000000000003,592.5,2.68,1.729994004,0.18
ltpp-8-7035-c1-L1-t2,ltpp-sdr39,LTPP-8,SP,38.0,14.0,24.0,72.3,27.700000000000003,592.5,2.68,1.681938615,0.18
ltpp-8-7036-c1-L1-t1,ltpp-sdr39,LTPP-8,SP,30.0,17.0,13.0,59.4,40.6,592.5,2.68,1.906197097,0.11
ltpp-8-7036-c1-L1-t2,ltpp-sdr39,LTPP-8,SP,30.0,17.0,13.0,59.4,40.6,592.5,2.68,1.826104782,0.13
ltpp-8-7776-c1-L1-t1,ltpp-sdr39,LTPP-8,SP,25.0,15.0,10.0,74.3,25.700000000000003,592.5,2.68,1.858141708,0.13
ltpp-8-7776-c1-L1-t2,ltpp-sdr39,LTPP-8,SP,25.0,15.0,10.0,74.3,25.700000000000003,592.5,2.68,1.810086319,0.15
ltpp-8-7776-c1-L2-t1,ltpp-sdr39,LTPP-8,SP,23.0,13.0,10.0,34.1,58.9,592.5,2.68,2.098418653,0.09
ltpp-8-7776-c1-L2-t2,ltpp-sdr39,LTPP-8,SP,23.0,13.0,10.0,34.1,58.9,592.5,2.68,2.002307875,0.08
ltpp-8-7781-c1-L1-t1,ltpp-sdr39,LTPP-8,SP,22.0,8.0,14.0,37.5,62.5,592.5,2.68,1.938234023,0.11
ltpp-8-7781-c1-L1-t2,ltpp-sdr39,LTPP-8,SP,22.0,8.0,14.0,37.5,62.5,592.5,2.68,1.986289412,0.13
ltpp-8-7781-c1-L2-t2,ltpp-sdr39,LTPP-8,SP,26.0,15.0,11.0,60.4,38.6,592.5,2.68,1.938234023,0.13
ltpp-8-7783-c1-L1-t2,ltpp-sdr39,LTPP-8,SP,29.0,17.0,12.0,72.5,24.5,592.5,2.68,1.890178634,0.13
ltpp-8-9019-c1-L1-t1,ltpp-sdr39,LTPP-8,SP,24.0,18.0,6.0,28.8,45.2,592.5,2.68,1.874160171,0.12
ltpp-8-9019-c1-L1-t2,ltpp-sdr39,LTPP-8,SP,24.0,18.0,6.0,28.8,45.2,592.5,2.68,1.986289412,0.12
ltpp-8-9020-c1-L1-t2,ltpp-sdr39,LTPP-8,SP,25.0,17.0,8.0,53.7,38.3,592.5,2.68,1.938234023,0.1
ltpp-81-0502-c1-L1-t1,ltpp-sdr39,LTPP-81,SP,30.0,16.0,14.0,38.9,29.1,592.5,2.68,1.842123245,0.15
ltpp-81-0502-c1-L2-t1,ltpp-sdr39,LTPP-81,SP,20.0,15.0,5.0,14.0,27.0,592.5,2.68,2.24258482,0.07
ltpp-81-0503-c1-L1-t1,ltpp-sdr39,LTPP-81,SP,26.0,19.0,7.0,43.2,45.8,592.5,2.68,1.810086319,0.15
ltpp-81-0503-c1-L2-t1,ltpp-sdr39,LTPP-81,SP,22.0,15.0,7.0,16.7,30.3,592.5,2.68,2.226566357,0.05
ltpp-81-0505-c1-L1-t1,ltpp-sdr39,LTPP-81,SP,30.0,18.0,12.0,36.9,29.1,592.5,2.68,1.826104782,0.15
ltpp-81-0507-c5-L1-t2,ltpp-sdr39,LTPP-81,SP,34.0,16.0,18.0,58.7,23.3,592.5,2.739,1.8549380154,0.14
ltpp-81-0507-c5-L2-t2,ltpp-sdr39,LTPP-81,SP,19.0,18.0,1.0,13.7,34.3,592.5,2.701,2.2233626644,0.06
ltpp-81-0508-c7-L2-t2,ltpp-sdr39,LTPP-81,SP,26.0,14.0,12.0,16.7,32.3,592.5,2.695,2.226566357,0.06
ltpp-81-0509-c8-L2-t2,ltpp-sdr39,LTPP-81,SP,24.0,14.0,10.0,12.6,29.4,592.5,2.685,2.1961312773,0.06
ltpp-81-1804-c1-L1-t1,ltpp-sdr39,LTPP-81,SP,36.0,15.0,21.0,83.3,9.700000000000005,592.5,2.68,1.778049393,0.16
ltpp-81-1804-c1-L1-t2,ltpp-sdr39,LTPP-81,SP,36.0,15.0,21.0,83.3,9.700000000000005,592.5,2.68,1.746012467,0.19
ltpp-81-1805-c1-L1-t1,ltpp-sdr39,LTPP-81,SP,23.0,16.0,7.0,55.5,32.5,592.5,2.68,1.858141708,0.13
ltpp-81-1805-c1-L1-t2,ltpp-sdr39,LTPP-81,SP,23.0,16.0,7.0,55.5,32.5,592.5,2.68,1.826104782,0.14
ltpp-81-2812-c1-L1-t1,ltpp-sdr39,LTPP-81,SP,34.0,15.0,19.0,21.0,20.0,592.5,2.68,1.810086319,0.12
ltpp-81-2812-c1-L1-t2,ltpp-sdr39,LTPP-81,SP,34.0,15.0,19.0,21.0,20.0,592.5,2.68,1.826104782,0.14
ltpp-83-0502-c5-L1-t1,ltpp-sdr39,LTPP-83,SP,,,0.0,28.6,59.4,592.5,2.712,2.098418653,0.08
ltpp-83-0502-c5-L1-t2,ltpp-sdr39,LTPP-83,SP,,,0.0,28.6,59.4,592.5,2.712,2.050363264,0.07
ltpp-83-0502-c5-L1-t2,ltpp-sdr39,LTPP-83,SP,,,0.0,28.6,59.4,592.5,2.712,1.986289412,0.09
ltpp-83-0503-c5-L1-t1,ltpp-sdr39,LTPP-83,SP,15.0,12.0,3.0,43.0,48.0,592.5,2.716,2.114437116,0.08
ltpp-83-0504-c5-L1-t1,ltpp-sdr39,LTPP-83,SP,17.0,12.0,5.0,40.0,54.0,592.5,2.735,2.114437116,0.07
ltpp-83-0504-c5-L1-t2,ltpp-sdr39,LTPP-83,SP,17.0,12.0,5.0,40.0,54.0,592.5,2.735,2.066381727,0.07
ltpp-83-0505-c1-L1-t1,ltpp-sdr39,LTPP-83,SP,18.0,13.0,5.0,58.0,33.0,592.5,2.68,1.890178634,0.1
ltpp-83-0505-c5-L1-t1,ltpp-sdr39,LTPP-83,SP,17.0,11.0,6.0,46.4,39.6,592.5,2.738,2.098418653,0.08
ltpp-83-0506-c4-L1-t1,ltpp-sdr39,LTPP-83,SP,18.0,13.0,5.0,53.3,38.7,592.5,2.739,2.098418653,0.08
ltpp-83-0506-c4-L1-t2,ltpp-sdr39,LTPP-83,SP,18.0,13.0,5.0,53.3,38.7,592.5,2.739,2.098418653,0.09
ltpp-83-0506-c4-L2-t1,ltpp-sdr39,LTPP-83,SP,16.0,11.0,5.0,29.8,50.2,592.5,2.736,2.274621746,0.05
ltpp-83-0508-c1-L1-t1,ltpp-sdr39,LTPP-83,SP,16.0,13.0,3.0,56.9,35.1,592.5,2.68,2.08240019,0.09
ltpp-83-0508-c5-L1-t2,ltpp-sdr39,LTPP-83,SP,18.0,13.0,5.0,41.7,40.3,592.5,2.733,2.114437116,0.08
ltpp-83-0508-c5-L3-t2,ltpp-sdr39,LTPP-83,SP,,,0.0,10.8,48.2,592.5,2.737,2.24258482,0.06
ltpp-83-0509-c4-L1-t1,ltpp-sdr39,LTPP-83,SP,16.0,12.0,4.0,47.2,37.8,592.5,2.735,2.130455579,0.07
ltpp-83-0509-c4-L1-t2,ltpp-sdr39,LTPP-83,SP,16.0,12.0,4.0,47.2,37.8,592.5,2.735,2.114437116,0.07
ltpp-83-1801-c1-L2-t1,ltpp-sdr39,LTPP-83,SP,29.0,18.0,11.0,10.5,46.5,592.5,2.68,2.178510968,0.08
ltpp-83-1801-c1-L2-t2,ltpp-sdr39,LTPP-83,SP,29.0,18.0,11.0,10.5,46.5,592.5,2.68,2.162492505,0.08
ltpp-83-1801-c1-L3-t1,ltpp-sdr39,LTPP-83,SP,22.0,17.0,5.0,10.9,51.1,592.5,2.68,2.194529431,0.08
ltpp-83-1801-c1-L3-t2,ltpp-sdr39,LTPP-83,SP,22.0,17.0,5.0,10.9,51.1,592.5,2.68,2.210547894,0.07
ltpp-83-3802-c1-L1-t1,ltpp-sdr39,LTPP-83,SP,69.0,33.0,36.0,90.6,7.400000000000006,592.5,2.68,1.473698596,0.18
ltpp-83-3802-c1-L1-t2,ltpp-sdr39,LTPP-83,SP,69.0,33.0,36.0,90.6,7.400000000000006,592.5,2.68,1.393606281,0.22
ltpp-83-6452-c2-L1-t1,ltpp-sdr39,LTPP-83,SP,71.0,27.0,44.0,87.0,8.0,592.5,2.68,1.617864763,0.2
ltpp-83-6452-c2-L1-t2,ltpp-sdr39,LTPP-83,SP,71.0,27.0,44.0,87.0,8.0,592.5,2.68,1.585827837,0.2
ltpp-83-6454-c2-L1-t1,ltpp-sdr39,LTPP-83,SP,24.0,19.0,5.0,45.8,54.2,592.5,2.68,1.826104782,0.12
ltpp-83-6454-c2-L1-t2,ltpp-sdr39,LTPP-83,SP,24.0,19.0,5.0,45.8,54.2,592.5,2.68,1.842123245,0.11
ltpp-84-1684-c1-L3-t2,ltpp-sdr39,LTPP-84,SP,25.0,19.0,6.0,14.9,43.1,592.5,2.815,2.24258482,0.08
ltpp-84-6804-c1-L1-t1,ltpp-sdr39,LTPP-84,SP,23.0,14.0,9.0,38.9,38.1,592.5,2.735,2.08240019,0.09
ltpp-84-6804-c1-L1-t2,ltpp-sdr39,LTPP-84,SP,23.0,14.0,9.0,38.9,38.1,592.5,2.735,2.146474042,0.06
ltpp-87-1620-c1-L1-t1,ltpp-sdr39,LTPP-87,SP,,,0.0,70.4,25.599999999999994,592.5,2.697,1.954252486,0.12
ltpp-87-1620-c1-L1-t2,ltpp-sdr39,LTPP-87,SP,,,0.0,70.4,25.599999999999994,592.5,2.697,1.794067856,0.17
ltpp-87-2811-c1-L1-t1,ltpp-sdr39,LTPP-87,SP,28.0,19.0,9.0,83.2,13.799999999999995,592.5,2.721,1.874160171,0.14
ltpp-87-2811-c1-L1-t2,ltpp-sdr39,LTPP-87,SP,28.0,19.0,9.0,83.2,13.799999999999995,592.5,2.721,1.906197097,0.13
ltpp-87-2812-c1-L1-t1,ltpp-sdr39,LTPP-87,SP,25.0,11.0,14.0,75.6,21.40000000000001,592.5,2.658,1.874160171,0.15
ltpp-87-2812-c1-L1-t2,ltpp-sdr39,LTPP-87,SP,25.0,11.0,14.0,75.6,21.40000000000001,592.5,2.658,1.778049393,0.16
ltpp-87-BA01-c2-L1-t1,ltpp-sdr39,LTPP-87,SP,14.0,10.0,4.0,48.2,47.8,592.5,2.68,2.0920112678,0.08
ltpp-88-1647-c1-L1-t1,ltpp-sdr39,LTPP-88,SP,23.0,19.0,4.0,47.7,40.3,592.5,2.74,1.858141708,0.12
ltpp-88-1647-c1-L1-t2,ltpp-sdr39,LTPP-88,SP,23.0,19.0,4.0,47.7,40.3,592.5,2.74,1.858141708,0.14
ltpp-89-1125-c1-L3-t1,ltpp-sdr39,LTPP-89,SP,17.0,14.0,3.0,15.7,39.3,592.5,2.673,2.274621746,0.05
ltpp-89-1125-c1-L3-t2,ltpp-sdr39,LTPP-89,SP,17.0,14.0,3.0,15.7,39.3,592.5,2.673,2.24258482,0.07
ltpp-9-1803-c3-L1-t2,ltpp-sdr39,LTPP-9,SP,24.0,20.0,4.0,58.7,34.3,592.5,2.68,1.778049393,0.16
ltpp-90-6405-c1-L1-t1,ltpp-sdr39,LTPP-90,SP,19.0,14.0,5.0,40.0,56.0,592.5,2.68,1.938234023,0.14
ltpp-90-6405-c1-L1-t2,ltpp-sdr39,LTPP-90,SP,19.0,14.0,5.0,40.0,56.0,592.5,2.68,1.76203093,0.11
ltpp-90-6801-c1-L1-t1,ltpp-sdr39,LTPP-90,SP,27.0,15.0,12.0,53.8,40.2,592.5,2.68,1.906197097,0.11
ltpp-90-6801-c1-L1-t2,ltpp-sdr39,LTPP-90,SP,27.0,15.0,12.0,53.8,40.2,592.5,2.68,1.92221556,0.12
soranzo_0090,zenodo:10.5281/zenodo.14251190,Langenlois,SP,30.59,20.05,10.54,84.39999999999999,14.9,592.5,2.75,1.852,0.152
soranzo_0095,zenodo:10.5281/zenodo.14251190,Sankt Valentin,SP,67.72,24.4,43.32,98.8,1.2,592.5,2.753,1.623,0.206
soranzo_0096,zenodo:10.5281/zenodo.14251190,Sankt Valentin,SP,39.92,21.0,18.91,90.7,8.5,592.5,2.746,1.736,0.181
soranzo_0097,zenodo:10.5281/zenodo.14251190,Gneixendorf,SP,43.7,22.6,21.1,88.1,11.9,592.5,2.75,1.692,0.1969999999999999
soranzo_0099,zenodo:10.5281/zenodo.14251190,Gneixendorf,SP,62.5,25.1,37.4,89.5,10.5,592.5,2.75,1.618,0.221
soranzo_0100,zenodo:10.5281/zenodo.14251190,Gneixendorf,SP,60.1,21.9,38.2,90.6,9.4,592.5,2.75,1.7,0.186
soranzo_0101,zenodo:10.5281/zenodo.14251190,Gneixendorf,SP,48.9,20.9,28.1,89.2,10.8,592.5,2.75,1.709,0.179
soranzo_0102,zenodo:10.5281/zenodo.14251190,Gneixendorf,SP,44.3,22.6,21.6,87.1,12.9,592.5,2.75,1.67,0.195
soranzo_0103,zenodo:10.5281/zenodo.14251190,Gneixendorf,SP,59.2,22.6,36.5,85.19999999999999,14.9,592.5,2.75,1.712,0.19
soranzo_0104,zenodo:10.5281/zenodo.14251190,Gneixendorf,SP,42.5,24.6,18.0,89.2,10.8,592.5,2.75,1.634,0.213
soranzo_0105,zenodo:10.5281/zenodo.14251190,Gneixendorf,SP,40.6,21.9,18.7,84.7,15.3,592.5,2.75,1.726,0.184
soranzo_0106,zenodo:10.5281/zenodo.14251190,Gneixendorf,SP,42.0,22.2,19.8,88.89999999999999,11.1,592.5,2.75,1.698,0.193
soranzo_0107,zenodo:10.5281/zenodo.14251190,Gneixendorf,SP,34.9,22.1,12.8,88.8,11.0,592.5,2.75,1.643,0.208
soranzo_0108,zenodo:10.5281/zenodo.14251190,Hollabrunn,SP,46.027,20.04,25.987,94.21,4.592615,592.5,2.75,1.783152,0.1799283
soranzo_0109,zenodo:10.5281/zenodo.14251190,Hollabrunn,SP,44.968,20.945,24.022,88.19988000000001,8.271152,592.5,2.75,1.80367,0.1799283
soranzo_0110,zenodo:10.5281/zenodo.14251190,Hollabrunn,SP,41.948,19.706,22.242,96.04884,3.905684,592.5,2.75,1.748173,0.1890913
soranzo_0114,zenodo:10.5281/zenodo.14251190,Hollabrunn,SP,41.551,21.524,20.027,30.7813,31.07735,592.5,2.69022,2.061423,0.1042253
soranzo_0196,zenodo:10.5281/zenodo.14251190,Sankt Valentin,SP,52.18892,23.7556,28.43332,92.13,7.86,592.5,2.75,1.663706,0.2017219
soranzo_0248,zenodo:10.5281/zenodo.14251190,Sankt Valentin,SP,52.18892,23.7556,28.43332,88.72,9.59,592.5,2.75,1.703005,0.1900903
soranzo_0402,zenodo:10.5281/zenodo.14251190,Angern an der March,SP,36.401,25.349,11.052,75.50999999999999,24.15,592.5,2.7,1.70404,0.1907479
soranzo_0403,zenodo:10.5281/zenodo.14251190,Angern an der March,SP,43.799,27.002,16.797,88.09,11.46,592.5,2.7,1.700861,0.1925009
soranzo_0404,zenodo:10.5281/zenodo.14251190,Angern an der March,SP,37.88,25.924,11.955,73.45,25.33,592.5,2.7,1.759192,0.1766564
soranzo_0405,zenodo:10.5281/zenodo.14251190,Angern an der March,SP,42.459,25.735,16.724,84.06,15.43,592.5,2.7,1.719891,0.1871284
soranzo_0406,zenodo:10.5281/zenodo.14251190,Angern an der March,SP,44.314,26.097,18.217,79.21000000000001,19.21,592.5,2.75,1.667894,0.2148676
soranzo_0407,zenodo:10.5281/zenodo.14251190,Angern an der March,SP,40.56,27.078,13.482,78.97,20.63,592.5,2.75,1.68595,0.1930788
soranzo_0408,zenodo:10.5281/zenodo.14251190,Angern an der March,SP,40.53,25.247,15.282,78.3,21.03,592.5,2.75,1.739563,0.1836273
soranzo_0409,zenodo:10.5281/zenodo.14251190,Angern an der March,SP,39.832,23.747,16.085,75.53,23.89,592.5,2.75,1.731006,0.1860467999999999
soranzo_0419,zenodo:10.5281/zenodo.14251190,Wimpassing an der Leitha,SP,25.231,21.191,4.04,66.8,28.8,592.5,2.739,1.898,0.131
soranzo_0420,zenodo:10.5281/zenodo.14251190,Austria (unspecified),SP,32.7,19.8,12.9,82.5,17.5,592.5,2.7,1.797,0.159
soranzo_0425,zenodo:10.5281/zenodo.14251190,Austria (unspecified),SP,47.1204,23.94079,23.1796,96.1,3.78,592.5,2.732,1.629138,0.2225712
soranzo_0426,zenodo:10.5281/zenodo.14251190,Austria (unspecified),SP,73.075,49.247,23.828,23.05,49.19,592.5,2.794,1.678788,0.1996521
soranzo_0429,zenodo:10.5281/zenodo.14251190,Austria (unspecified),SP,41.5,20.1,21.4,79.69999999999999,20.0,592.5,2.721,1.7834,0.185
soranzo_0430,zenodo:10.5281/zenodo.14251190,Altenburg,SP,61.027,27.393,33.634,88.17041,11.24988,592.5,2.75,1.733779,0.1913043
soranzo_0458,zenodo:10.5281/zenodo.14251190,Hagsdorf,SP,31.4,20.9,10.6,65.8,20.7,592.5,2.745,1.938,0.124
soranzo_0459,zenodo:10.5281/zenodo.14251190,Hagsdorf,SP,28.1,21.3,6.8,74.39999999999999,13.2,592.5,2.745,1.943,0.124
soranzo_0460,zenodo:10.5281/zenodo.14251190,Steinakirchen,SP,37.9,19.2,18.7,67.2,18.4,592.5,2.743,1.849,0.155
soranzo_0463,zenodo:10.5281/zenodo.14251190,Gottsdorf,SP,42.0,21.0,21.0,74.5,23.3,592.5,2.75,1.754,0.173
soranzo_0466,zenodo:10.5281/zenodo.14251190,Pinkafeld,SP,57.302,20.889,36.413,72.5,25.6,592.5,2.75,1.715,0.174
tr_0000,zenodo:10.5281/zenodo.20737270,Turkiye geotechnical/CBR dataset,SP,45.0,16.0,29.0,45.0,15.0,592.5,2.68,1.6106014271151885,0.125
tr_0001,zenodo:10.5281/zenodo.20737270,Turkiye geotechnical/CBR dataset,SP,64.0,30.0,34.0,78.0,12.0,592.5,2.68,1.5800203873598369,0.11
tr_0002,zenodo:10.5281/zenodo.20737270,Turkiye geotechnical/CBR dataset,SP,40.0,19.0,21.0,62.0,15.0,592.5,2.68,1.7329255861365953,0.147
tr_0003,zenodo:10.5281/zenodo.20737270,Turkiye geotechnical/CBR dataset,SP,42.0,22.0,20.0,95.0,5.0,592.5,2.68,1.6411824668705404,0.2
tr_0004,zenodo:10.5281/zenodo.20737270,Turkiye geotechnical/CBR dataset,SP,33.0,19.0,14.0,96.0,4.0,592.5,2.68,1.6309887869520896,0.195
tr_0005,zenodo:10.5281/zenodo.20737270,Turkiye geotechnical/CBR dataset,SP,36.0,19.0,17.0,69.0,31.0,592.5,2.68,1.6309887869520896,0.1939999999999999
tr_0006,zenodo:10.5281/zenodo.20737270,Turkiye geotechnical/CBR dataset,SP,43.0,25.0,18.0,30.0,24.0,592.5,2.68,1.885830784913353,0.142
tr_0007,zenodo:10.5281/zenodo.20737270,Turkiye geotechnical/CBR dataset,SP,52.0,27.0,25.0,36.0,16.0,592.5,2.68,1.6309887869520896,0.172
tr_0008,zenodo:10.5281/zenodo.20737270,Turkiye geotechnical/CBR dataset,SP,25.0,15.0,10.0,19.0,24.0,592.5,2.68,2.0489296636085625,0.094
tr_0010,zenodo:10.5281/zenodo.20737270,Turkiye geotechnical/CBR dataset,SP,25.0,12.0,13.0,34.0,38.0,592.5,2.68,1.926605504587156,0.12
tr_0011,zenodo:10.5281/zenodo.20737270,Turkiye geotechnical/CBR dataset,SP,27.0,12.0,15.0,43.0,32.0,592.5,2.68,1.9164118246687047,0.135
tr_0012,zenodo:10.5281/zenodo.20737270,Turkiye geotechnical/CBR dataset,SP,27.0,18.0,9.0,78.0,22.0,592.5,2.68,1.7737003058103973,0.16
tr_0013,zenodo:10.5281/zenodo.20737270,Turkiye geotechnical/CBR dataset,SP,31.0,19.0,12.0,39.0,17.0,592.5,2.68,1.7023445463812434,0.184
tr_0014,zenodo:10.5281/zenodo.20737270,Turkiye geotechnical/CBR dataset,SP,77.0,41.0,36.0,94.0,6.0,592.5,2.68,1.294597349643221,0.37
tr_0015,zenodo:10.5281/zenodo.20737270,Turkiye geotechnical/CBR dataset,SP,78.0,41.0,37.0,95.0,5.0,592.5,2.68,1.3047910295616718,0.38
tr_0016,zenodo:10.5281/zenodo.20737270,Turkiye geotechnical/CBR dataset,SP,41.0,18.0,23.0,89.0,11.0,592.5,2.68,1.5800203873598369,0.24
tr_0017,zenodo:10.5281/zenodo.20737270,Turkiye geotechnical/CBR dataset,SP,40.0,18.0,22.0,88.0,12.0,592.5,2.68,1.5800203873598369,0.241
tr_0018,zenodo:10.5281/zenodo.20737270,Turkiye geotechnical/CBR dataset,SP,40.0,15.0,25.0,85.0,15.0,592.5,2.68,1.529051987767584,0.235
tr_0019,zenodo:10.5281/zenodo.20737270,Turkiye geotechnical/CBR dataset,SP,41.0,15.0,26.0,86.0,14.0,592.5,2.68,1.5800203873598369,0.238
tr_0020,zenodo:10.5281/zenodo.20737270,Turkiye geotechnical/CBR dataset,SP,40.0,15.0,25.0,88.0,12.0,592.5,2.68,1.5800203873598369,0.242
tr_0021,zenodo:10.5281/zenodo.20737270,Turkiye geotechnical/CBR dataset,SP,43.0,21.0,22.0,88.0,12.0,592.5,2.68,1.5902140672782874,0.241
tr_0022,zenodo:10.5281/zenodo.20737270,Turkiye geotechnical/CBR dataset,SP,36.0,17.0,19.0,70.0,17.0,592.5,2.68,1.7227319062181443,0.19
tr_0023,zenodo:10.5281/zenodo.20737270,Turkiye geotechnical/CBR dataset,SP,36.0,24.0,12.0,92.0,8.0,592.5,2.68,1.5800203873598369,0.201
tr_0024,zenodo:10.5281/zenodo.20737270,Turkiye geotechnical/CBR dataset,SP,57.0,29.0,28.0,94.0,6.0,592.5,2.68,1.600407747196738,0.235
tr_0025,zenodo:10.5281/zenodo.20737270,Turkiye geotechnical/CBR dataset,SP,54.0,24.0,30.0,94.0,6.0,592.5,2.68,1.6106014271151885,0.212
tr_0026,zenodo:10.5281/zenodo.20737270,Turkiye geotechnical/CBR dataset,SP,68.0,28.0,40.0,96.0,4.0,592.5,2.68,1.5188583078491336,0.244
tr_0027,zenodo:10.5281/zenodo.20737270,Turkiye geotechnical/CBR dataset,SP,63.0,37.0,26.0,95.0,5.0,592.5,2.68,1.508664627930683,0.245
tr_0028,zenodo:10.5281/zenodo.20737270,Turkiye geotechnical/CBR dataset,SP,61.0,34.0,27.0,96.0,4.0,592.5,2.68,1.437308868501529,0.266
tr_0029,zenodo:10.5281/zenodo.20737270,Turkiye geotechnical/CBR dataset,SP,60.0,34.0,26.0,95.0,5.0,592.5,2.68,1.437308868501529,0.27
tr_0030,zenodo:10.5281/zenodo.20737270,Turkiye geotechnical/CBR dataset,SP,60.0,34.0,26.0,95.0,5.0,592.5,2.68,1.437308868501529,0.26
tr_0031,zenodo:10.5281/zenodo.20737270,Turkiye geotechnical/CBR dataset,SP,25.0,17.0,8.0,21.0,18.0,592.5,2.68,1.8960244648318043,0.13
tr_0032,zenodo:10.5281/zenodo.20737270,Turkiye geotechnical/CBR dataset,SP,60.0,25.0,35.0,90.0,10.0,592.5,2.68,1.4678899082568806,0.244
tr_0033,zenodo:10.5281/zenodo.20737270,Turkiye geotechnical/CBR dataset,SP,42.0,22.0,20.0,89.0,11.0,592.5,2.68,1.5800203873598369,0.22
tr_0034,zenodo:10.5281/zenodo.20737270,Turkiye geotechnical/CBR dataset,SP,42.0,21.0,21.0,81.0,19.0,592.5,2.68,1.5800203873598369,0.228
tr_0035,zenodo:10.5281/zenodo.20737270,Turkiye geotechnical/CBR dataset,SP,24.0,19.0,5.0,50.0,29.0,592.5,2.68,1.8654434250764529,0.128
tr_0036,zenodo:10.5281/zenodo.20737270,Turkiye geotechnical/CBR dataset,SP,34.0,28.0,6.0,20.0,17.0,592.5,2.68,1.957186544342508,0.1119999999999999
tr_0037,zenodo:10.5281/zenodo.20737270,Turkiye geotechnical/CBR dataset,SP,32.0,19.0,13.0,38.0,26.0,592.5,2.68,1.8144750254842,0.145
tr_0038,zenodo:10.5281/zenodo.20737270,Turkiye geotechnical/CBR dataset,SP,37.0,26.0,11.0,93.0,7.0,592.5,2.68,1.620795107033639,0.204
tr_0039,zenodo:10.5281/zenodo.20737270,Turkiye geotechnical/CBR dataset,SP,56.0,25.0,31.0,96.0,4.0,592.5,2.68,1.620795107033639,0.23
tr_0040,zenodo:10.5281/zenodo.20737270,Turkiye geotechnical/CBR dataset,SP,55.0,23.0,32.0,95.0,5.0,592.5,2.68,1.5800203873598369,0.216
tr_0041,zenodo:10.5281/zenodo.20737270,Turkiye geotechnical/CBR dataset,SP,67.0,29.0,38.0,97.0,3.0,592.5,2.68,1.4984709480122322,0.242
tr_0042,zenodo:10.5281/zenodo.20737270,Turkiye geotechnical/CBR dataset,SP,61.0,37.0,24.0,97.0,3.0,592.5,2.68,1.5188583078491336,0.242
tr_0043,zenodo:10.5281/zenodo.20737270,Turkiye geotechnical/CBR dataset,SP,42.0,26.0,16.0,75.0,25.0,592.5,2.68,1.4475025484199795,0.285
tr_0044,zenodo:10.5281/zenodo.20737270,Turkiye geotechnical/CBR dataset,SP,51.0,29.0,22.0,80.0,20.0,592.5,2.68,1.4271151885830784,0.315
tr_0045,zenodo:10.5281/zenodo.20737270,Turkiye geotechnical/CBR dataset,SP,47.0,23.0,24.0,79.0,21.0,592.5,2.68,1.437308868501529,0.305
tr_0046,zenodo:10.5281/zenodo.20737270,Turkiye geotechnical/CBR dataset,SP,43.0,23.0,20.0,85.0,15.0,592.5,2.68,1.4475025484199795,0.28
tr_0047,zenodo:10.5281/zenodo.20737270,Turkiye geotechnical/CBR dataset,SP,36.0,19.0,17.0,70.0,30.0,592.5,2.68,1.4169215086646278,0.308
tr_0048,zenodo:10.5281/zenodo.20737270,Turkiye geotechnical/CBR dataset,SP,35.0,17.0,18.0,84.0,16.0,592.5,2.68,1.549439347604485,0.2189999999999999
tr_0049,zenodo:10.5281/zenodo.20737270,Turkiye geotechnical/CBR dataset,SP,36.0,13.0,23.0,79.0,21.0,592.5,2.68,1.6921508664627931,0.18
tr_0050,zenodo:10.5281/zenodo.20737270,Turkiye geotechnical/CBR dataset,SP,38.0,17.0,21.0,81.0,19.0,592.5,2.68,1.6615698267074417,0.186
tr_0051,zenodo:10.5281/zenodo.20737270,Turkiye geotechnical/CBR dataset,SP,37.0,16.0,21.0,66.0,8.0,592.5,2.68,1.600407747196738,0.218
tr_0052,zenodo:10.5281/zenodo.20737270,Turkiye geotechnical/CBR dataset,SP,40.0,18.0,22.0,78.0,22.0,592.5,2.68,1.6411824668705404,0.214
tr_0053,zenodo:10.5281/zenodo.20737270,Turkiye geotechnical/CBR dataset,SP,38.0,17.0,21.0,60.0,23.0,592.5,2.68,1.7023445463812434,0.2
tr_0054,zenodo:10.5281/zenodo.20737270,Turkiye geotechnical/CBR dataset,SP,32.0,14.0,18.0,74.0,26.0,592.5,2.68,1.7227319062181443,0.175
tr_0055,zenodo:10.5281/zenodo.20737270,Turkiye geotechnical/CBR dataset,SP,50.0,19.0,31.0,96.0,4.0,592.5,2.68,1.529051987767584,0.213
tr_0056,zenodo:10.5281/zenodo.20737270,Turkiye geotechnical/CBR dataset,SP,43.0,13.0,30.0,95.0,5.0,592.5,2.68,1.6921508664627931,0.205
tr_0057,zenodo:10.5281/zenodo.20737270,Turkiye geotechnical/CBR dataset,SP,40.0,16.0,24.0,97.0,3.0,592.5,2.68,1.6615698267074417,0.192
tr_0058,zenodo:10.5281/zenodo.20737270,Turkiye geotechnical/CBR dataset,SP,45.0,36.0,9.0,91.0,9.0,592.5,2.68,1.3455657492354738,0.2769999999999999
tr_0060,zenodo:10.5281/zenodo.20737270,Turkiye geotechnical/CBR dataset,SP,39.0,24.0,15.0,68.0,26.6,592.5,2.68,1.7023445463812434,0.211
tr_0061,zenodo:10.5281/zenodo.20737270,Turkiye geotechnical/CBR dataset,SP,39.0,29.0,10.0,61.0,39.0,592.5,2.68,1.6513761467889907,0.1939999999999999
tr_0062,zenodo:10.5281/zenodo.20737270,Turkiye geotechnical/CBR dataset,SP,34.0,25.0,9.0,65.0,35.0,592.5,2.68,1.6921508664627931,0.203
tr_0063,zenodo:10.5281/zenodo.20737270,Turkiye geotechnical/CBR dataset,SP,50.0,32.0,18.0,66.0,34.0,592.5,2.68,1.6615698267074417,0.193
tr_0064,zenodo:10.5281/zenodo.20737270,Turkiye geotechnical/CBR dataset,SP,40.0,23.0,17.0,65.0,28.6,592.5,2.68,1.7125382262996942,0.174
tr_0065,zenodo:10.5281/zenodo.20737270,Turkiye geotechnical/CBR dataset,SP,51.0,31.0,20.0,79.0,21.0,592.5,2.68,1.4984709480122322,0.233
tr_0066,zenodo:10.5281/zenodo.20737270,Turkiye geotechnical/CBR dataset,SP,27.0,17.0,10.0,18.0,37.0,592.5,2.68,2.1202854230377164,0.089
tr_0067,zenodo:10.5281/zenodo.20737270,Turkiye geotechnical/CBR dataset,SP,31.0,18.0,13.0,21.0,34.0,592.5,2.68,2.099898063200816,0.083
tr_0068,zenodo:10.5281/zenodo.20737270,Turkiye geotechnical/CBR dataset,SP,43.0,22.0,21.0,45.0,33.0,592.5,2.68,1.7737003058103973,0.168
tr_0071,zenodo:10.5281/zenodo.20737270,Turkiye geotechnical/CBR dataset,SP,26.0,21.0,5.0,17.0,23.0,592.5,2.68,2.018348623853211,0.114
tr_0072,zenodo:10.5281/zenodo.20737270,Turkiye geotechnical/CBR dataset,SP,33.0,16.0,17.0,26.0,32.0,592.5,2.68,2.059123343527013,0.089
tr_0073,zenodo:10.5281/zenodo.20737270,Turkiye geotechnical/CBR dataset,SP,32.0,17.0,15.0,26.0,8.0,592.5,2.68,1.845056065239552,0.1169999999999999
tr_0074,zenodo:10.5281/zenodo.20737270,Turkiye geotechnical/CBR dataset,SP,31.0,17.0,14.0,21.0,15.0,592.5,2.68,1.763506625891947,0.156
tr_0076,zenodo:10.5281/zenodo.20737270,Turkiye geotechnical/CBR dataset,SP,35.3,28.4,6.9,66.0,26.0,592.5,2.68,1.7737003058103973,0.168
tr_0077,zenodo:10.5281/zenodo.20737270,Turkiye geotechnical/CBR dataset,SP,37.0,21.0,16.0,89.0,11.0,592.5,2.68,1.6106014271151885,0.228
tr_0078,zenodo:10.5281/zenodo.20737270,Turkiye geotechnical/CBR dataset,SP,36.0,20.0,16.0,67.0,31.0,592.5,2.68,1.6513761467889907,0.221
tr_0079,zenodo:10.5281/zenodo.20737270,Turkiye geotechnical/CBR dataset,SP,37.0,19.0,18.0,74.0,24.0,592.5,2.68,1.620795107033639,0.24
tr_0080,zenodo:10.5281/zenodo.20737270,Turkiye geotechnical/CBR dataset,SP,36.0,22.0,14.0,69.0,31.0,592.5,2.68,1.6513761467889907,0.179
tr_0081,zenodo:10.5281/zenodo.20737270,Turkiye geotechnical/CBR dataset,SP,51.2,19.200000000000003,32.0,77.0,23.0,592.5,2.68,1.6615698267074417,0.168
tr_0082,zenodo:10.5281/zenodo.20737270,Turkiye geotechnical/CBR dataset,SP,53.3,20.4,32.9,77.0,23.0,592.5,2.68,1.6513761467889907,0.179
tr_0083,zenodo:10.5281/zenodo.20737270,Turkiye geotechnical/CBR dataset,SP,36.0,20.0,16.0,48.0,30.6,592.5,2.68,1.7737003058103973,0.1689999999999999
tr_0084,zenodo:10.5281/zenodo.20737270,Turkiye geotechnical/CBR dataset,SP,42.4,26.6,15.8,87.0,13.0,592.5,2.68,1.6717635066258918,0.16
tr_0085,zenodo:10.5281/zenodo.20737270,Turkiye geotechnical/CBR dataset,SP,41.0,31.0,10.0,59.0,39.0,592.5,2.68,1.5800203873598369,0.214
tr_0086,zenodo:10.5281/zenodo.20737270,Turkiye geotechnical/CBR dataset,SP,39.0,23.0,16.0,30.0,28.7,592.5,2.68,1.783893985728848,0.134
tr_0087,zenodo:10.5281/zenodo.20737270,Turkiye geotechnical/CBR dataset,SP,71.0,27.0,44.0,98.0,2.0,592.5,2.68,1.294597349643221,0.301
tr_0088,zenodo:10.5281/zenodo.20737270,Turkiye geotechnical/CBR dataset,SP,43.0,17.0,26.0,90.0,10.0,592.5,2.68,1.6106014271151885,0.186
tr_0089,zenodo:10.5281/zenodo.20737270,Turkiye geotechnical/CBR dataset,SP,34.0,19.0,15.0,69.0,31.0,592.5,2.68,1.7125382262996942,0.154
tr_0090,zenodo:10.5281/zenodo.20737270,Turkiye geotechnical/CBR dataset,SP,42.0,15.0,27.0,88.0,10.0,592.5,2.68,1.6819571865443423,0.183
tr_0091,zenodo:10.5281/zenodo.20737270,Turkiye geotechnical/CBR dataset,SP,39.0,14.0,25.0,79.0,14.0,592.5,2.68,1.6819571865443423,0.181
tr_0092,zenodo:10.5281/zenodo.20737270,Turkiye geotechnical/CBR dataset,SP,44.0,16.0,28.0,80.0,16.0,592.5,2.68,1.6615698267074417,0.175
tr_0093,zenodo:10.5281/zenodo.20737270,Turkiye geotechnical/CBR dataset,SP,48.0,20.0,28.0,96.0,4.0,592.5,2.68,1.6921508664627931,0.196
tr_0094,zenodo:10.5281/zenodo.20737270,Turkiye geotechnical/CBR dataset,SP,45.0,17.0,28.0,84.0,16.0,592.5,2.68,1.620795107033639,0.172
tr_0095,zenodo:10.5281/zenodo.20737270,Turkiye geotechnical/CBR dataset,SP,38.0,21.0,17.0,74.0,26.0,592.5,2.68,1.7227319062181443,0.181
tr_0096,zenodo:10.5281/zenodo.20737270,Turkiye geotechnical/CBR dataset,SP,41.0,17.0,24.0,78.0,19.0,592.5,2.68,1.7023445463812434,0.185
tr_0097,zenodo:10.5281/zenodo.20737270,Turkiye geotechnical/CBR dataset,SP,43.0,18.0,25.0,79.0,21.0,592.5,2.68,1.6921508664627931,0.184
tr_0098,zenodo:10.5281/zenodo.20737270,Turkiye geotechnical/CBR dataset,SP,36.0,13.0,23.0,74.0,26.0,592.5,2.68,1.7023445463812434,0.174
tr_0099,zenodo:10.5281/zenodo.20737270,Turkiye geotechnical/CBR dataset,SP,32.4,20.6,11.8,66.0,30.0,592.5,2.68,1.7533129459734962,0.195
tr_0101,zenodo:10.5281/zenodo.20737270,Turkiye geotechnical/CBR dataset,SP,46.0,25.0,21.0,69.0,31.0,592.5,2.68,1.7329255861365953,0.12
tr_0102,zenodo:10.5281/zenodo.20737270,Turkiye geotechnical/CBR dataset,SP,32.0,16.0,16.0,77.0,23.0,592.5,2.68,1.8348623853211008,0.168
tr_0104,zenodo:10.5281/zenodo.20737270,Turkiye geotechnical/CBR dataset,SP,52.0,27.0,25.0,87.0,13.0,592.5,2.68,1.946992864424057,0.11
tr_0105,zenodo:10.5281/zenodo.20737270,Turkiye geotechnical/CBR dataset,SP,60.0,28.0,32.0,90.0,10.0,592.5,2.68,1.6717635066258918,0.14
tr_0106,zenodo:10.5281/zenodo.20737270,Turkiye geotechnical/CBR dataset,SP,57.0,29.0,28.0,94.0,6.0,592.5,2.68,1.82466870540265,0.162
tr_0107,zenodo:10.5281/zenodo.20737270,Turkiye geotechnical/CBR dataset,SP,34.0,23.0,11.0,30.3,55.0,592.5,2.68,1.8960244648318043,0.0898
tr_0108,zenodo:10.5281/zenodo.20737270,Turkiye geotechnical/CBR dataset,SP,27.0,18.0,9.0,30.6,55.6,592.5,2.68,2.0081549439347604,0.085
tr_0109,zenodo:10.5281/zenodo.20737270,Turkiye geotechnical/CBR dataset,SP,31.4,21.0,10.4,31.4,62.8,592.5,2.68,1.957186544342508,0.081
tr_0110,zenodo:10.5281/zenodo.20737270,Turkiye geotechnical/CBR dataset,SP,33.0,21.8,11.2,26.7,59.3,592.5,2.68,2.0846075433231395,0.092
tr_0111,zenodo:10.5281/zenodo.20737270,Turkiye geotechnical/CBR dataset,SP,25.0,13.0,12.0,29.0,55.1,592.5,2.68,2.1508664627930685,0.0764
tr_0112,zenodo:10.5281/zenodo.20737270,Turkiye geotechnical/CBR dataset,SP,30.0,19.2,10.8,30.8,54.9,592.5,2.68,2.038735983690112,0.084
tr_0113,zenodo:10.5281/zenodo.20737270,Turkiye geotechnical/CBR dataset,SP,28.0,16.7,11.3,26.5,61.0,592.5,2.68,2.059123343527013,0.0803999999999999
tr_0114,zenodo:10.5281/zenodo.20737270,Turkiye geotechnical/CBR dataset,SP,29.0,19.15,9.85,30.7,57.6,592.5,2.68,2.028542303771661,0.084
tr_0115,zenodo:10.5281/zenodo.20737270,Turkiye geotechnical/CBR dataset,SP,26.5,14.8,11.7,24.5,56.0,592.5,2.68,2.2324159021406724,0.0698
tr_0117,zenodo:10.5281/zenodo.20737270,Turkiye geotechnical/CBR dataset,SP,28.6,17.8,10.8,28.0,51.0,592.5,2.68,2.1610601427115186,0.0796
tr_0118,zenodo:10.5281/zenodo.20737270,Turkiye geotechnical/CBR dataset,SP,25.6,18.3,7.3,24.0,54.0,592.5,2.68,2.2426095820591234,0.07
tr_0119,zenodo:10.5281/zenodo.20737270,Turkiye geotechnical/CBR dataset,SP,29.7,18.95,10.75,24.3,60.9,592.5,2.68,2.09480122324159,0.08
tr_0121,zenodo:10.5281/zenodo.20737270,Turkiye geotechnical/CBR dataset,SP,26.0,15.2,10.8,27.2,57.0,592.5,2.68,2.1610601427115186,0.073
tr_0122,zenodo:10.5281/zenodo.20737270,Turkiye geotechnical/CBR dataset,SP,28.0,14.0,14.0,30.1,28.6,592.5,2.68,2.1202854230377164,0.06
tr_0123,zenodo:10.5281/zenodo.20737270,Turkiye geotechnical/CBR dataset,SP,30.0,15.0,15.0,33.3,52.6,592.5,2.68,2.059123343527013,0.08
tr_0124,zenodo:10.5281/zenodo.20737270,Turkiye geotechnical/CBR dataset,SP,25.0,14.0,11.0,31.4,51.6,592.5,2.68,2.1610601427115186,0.08
tr_0125,zenodo:10.5281/zenodo.20737270,Turkiye geotechnical/CBR dataset,SP,29.0,15.0,14.0,26.1,57.4,592.5,2.68,2.099898063200816,0.08
tr_0126,zenodo:10.5281/zenodo.20737270,Turkiye geotechnical/CBR dataset,SP,33.0,16.0,17.0,33.7,51.7,592.5,2.68,2.099898063200816,0.08
tr_0127,zenodo:10.5281/zenodo.20737270,Turkiye geotechnical/CBR dataset,SP,23.0,13.0,10.0,71.7,27.7,592.5,2.68,2.130479102956167,0.08
tr_0128,zenodo:10.5281/zenodo.20737270,Turkiye geotechnical/CBR dataset,SP,29.0,14.0,15.0,51.6,42.3,592.5,2.68,2.099898063200816,0.08
tr_0129,zenodo:10.5281/zenodo.20737270,Turkiye geotechnical/CBR dataset,SP,27.0,14.0,13.0,23.1,73.3,592.5,2.68,2.018348623853211,0.09
tr_0130,zenodo:10.5281/zenodo.20737270,Turkiye geotechnical/CBR dataset,SP,30.0,15.0,15.0,37.7,57.5,592.5,2.68,2.130479102956167,0.09
tr_0131,zenodo:10.5281/zenodo.20737270,Turkiye geotechnical/CBR dataset,SP,30.0,15.0,15.0,18.3,12.7,592.5,2.68,2.099898063200816,0.08
tr_0132,zenodo:10.5281/zenodo.20737270,Turkiye geotechnical/CBR dataset,SP,30.0,16.0,14.0,16.2,72.3,592.5,2.68,2.059123343527013,0.09
tr_0133,zenodo:10.5281/zenodo.20737270,Turkiye geotechnical/CBR dataset,SP,31.0,16.0,15.0,30.4,64.0,592.5,2.68,2.059123343527013,0.08
tr_0134,zenodo:10.5281/zenodo.20737270,Turkiye geotechnical/CBR dataset,SP,54.8,27.4,27.4,62.5,37.5,592.5,2.68,1.8144750254842,0.168
tr_0135,zenodo:10.5281/zenodo.20737270,Turkiye geotechnical/CBR dataset,SP,58.7,16.480000000000004,42.22,60.4,34.58,592.5,2.68,1.6717635066258918,0.17
tr_0137,zenodo:10.5281/zenodo.20737270,Turkiye geotechnical/CBR dataset,SP,63.0,31.0,32.0,91.5,8.5,592.5,2.68,1.27420998980632,0.35
tr_0139,zenodo:10.5281/zenodo.20737270,Turkiye geotechnical/CBR dataset,SP,82.5,32.8,49.7,65.5,32.5,592.5,2.68,1.6106014271151885,0.196
tr_0140,zenodo:10.5281/zenodo.20737270,Turkiye geotechnical/CBR dataset,SP,94.0,36.0,58.0,89.0,11.0,592.5,2.68,1.3557594291539246,0.354
tr_0141,zenodo:10.5281/zenodo.20737270,Turkiye geotechnical/CBR dataset,SP,75.0,32.0,43.0,89.0,11.0,592.5,2.68,1.4984709480122322,0.28
tr_0142,zenodo:10.5281/zenodo.20737270,Turkiye geotechnical/CBR dataset,SP,48.0,26.0,22.0,91.0,9.0,592.5,2.68,1.6411824668705404,0.2
tr_0143,zenodo:10.5281/zenodo.20737270,Turkiye geotechnical/CBR dataset,SP,49.0,24.0,25.0,71.0,27.0,592.5,2.68,1.7227319062181443,0.196
tr_0144,zenodo:10.5281/zenodo.20737270,Turkiye geotechnical/CBR dataset,SP,59.0,34.0,25.0,52.0,39.0,592.5,2.68,1.7227319062181443,0.19
tr_0145,zenodo:10.5281/zenodo.20737270,Turkiye geotechnical/CBR dataset,SP,47.2,32.0,15.200000000000005,100.0,0.0,592.5,2.68,1.5800203873598369,0.23
tr_0146,zenodo:10.5281/zenodo.20737270,Turkiye geotechnical/CBR dataset,SP,24.6,15.3,9.3,60.0,18.0,592.5,2.68,1.5902140672782876,0.185
tr_0147,zenodo:10.5281/zenodo.20737270,Turkiye geotechnical/CBR dataset,SP,29.3,18.4,10.900000000000002,57.0,24.0,592.5,2.68,1.743119266055046,0.182
tr_0148,zenodo:10.5281/zenodo.20737270,Turkiye geotechnical/CBR dataset,SP,26.0,11.9,14.1,57.0,19.0,592.5,2.68,1.661569826707441,0.152
tr_0149,zenodo:10.5281/zenodo.20737270,Turkiye geotechnical/CBR dataset,SP,30.0,12.3,17.7,54.0,28.0,592.5,2.68,1.855249745158002,0.142
tr_0150,zenodo:10.5281/zenodo.20737270,Turkiye geotechnical/CBR dataset,SP,36.5,20.9,15.6,83.0,17.0,592.5,2.68,1.7940876656472988,0.162
tr_0151,zenodo:10.5281/zenodo.20737270,Turkiye geotechnical/CBR dataset,SP,34.04,25.75,8.29,66.67,33.3,592.5,2.68,1.549439347604485,0.1889999999999999
tr_0152,zenodo:10.5281/zenodo.20737270,Turkiye geotechnical/CBR dataset,SP,45.2,22.3,22.9,61.5,35.5,592.5,2.68,1.8144750254842,0.123
tr_0153,zenodo:10.5281/zenodo.20737270,Turkiye geotechnical/CBR dataset,SP,56.0,27.0,29.0,74.0,26.0,592.5,2.68,1.5392456676860344,0.248
tr_0154,zenodo:10.5281/zenodo.20737270,Turkiye geotechnical/CBR dataset,SP,59.0,31.0,28.0,79.0,21.0,592.5,2.68,1.4984709480122322,0.261
tr_0155,zenodo:10.5281/zenodo.20737270,Turkiye geotechnical/CBR dataset,SP,57.8,21.700000000000003,36.1,92.0,8.0,592.5,2.68,1.6106014271151885,0.22
tr_0156,zenodo:10.5281/zenodo.20737270,Turkiye geotechnical/CBR dataset,SP,32.6,20.6,12.0,87.0,13.0,592.5,2.68,1.8756371049949032,0.15
tr_0157,zenodo:10.5281/zenodo.20737270,Turkiye geotechnical/CBR dataset,SP,43.5,26.78,16.72,59.86,40.14,592.5,2.68,1.6411824668705404,0.216
tr_0159,zenodo:10.5281/zenodo.20737270,Turkiye geotechnical/CBR dataset,SP,31.9,16.9,15.0,22.1,65.5,592.5,2.68,2.0081549439347604,0.092
tr_0160,zenodo:10.5281/zenodo.20737270,Turkiye geotechnical/CBR dataset,SP,33.6,18.6,15.0,30.2,55.5,592.5,2.68,2.018348623853211,0.094
tr_0161,zenodo:10.5281/zenodo.20737270,Turkiye geotechnical/CBR dataset,SP,34.0,20.0,14.0,27.5,50.6,592.5,2.68,1.98776758409786,0.094
tr_0162,zenodo:10.5281/zenodo.20737270,Turkiye geotechnical/CBR dataset,SP,33.2,20.200000000000003,13.0,20.3,64.3,592.5,2.68,1.926605504587156,0.099
tr_0163,zenodo:10.5281/zenodo.20737270,Turkiye geotechnical/CBR dataset,SP,32.0,17.0,15.0,21.8,67.3,592.5,2.68,1.9775739041794085,0.098
tr_0164,zenodo:10.5281/zenodo.20737270,Turkiye geotechnical/CBR dataset,SP,32.0,18.5,13.5,24.6,70.4,592.5,2.68,1.9367991845056065,0.086
tr_0165,zenodo:10.5281/zenodo.20737270,Turkiye geotechnical/CBR dataset,SP,31.8,15.8,16.0,22.8,68.6,592.5,2.68,1.926605504587156,0.094
tr_0166,zenodo:10.5281/zenodo.20737270,Turkiye geotechnical/CBR dataset,SP,32.0,17.0,15.0,21.2,71.9,592.5,2.68,2.059123343527013,0.09
tr_0167,zenodo:10.5281/zenodo.20737270,Turkiye geotechnical/CBR dataset,SP,33.0,18.0,15.0,26.4,59.8,592.5,2.68,2.059123343527013,0.091
tr_0168,zenodo:10.5281/zenodo.20737270,Turkiye geotechnical/CBR dataset,SP,33.1,19.0,14.1,29.2,62.5,592.5,2.68,2.0489296636085625,0.09
tr_0169,zenodo:10.5281/zenodo.20737270,Turkiye geotechnical/CBR dataset,SP,33.3,16.999999999999996,16.3,20.3,71.9,592.5,2.68,2.0489296636085625,0.0901
tr_0170,zenodo:10.5281/zenodo.20737270,Turkiye geotechnical/CBR dataset,SP,33.8,20.3,13.5,20.2,58.6,592.5,2.68,2.1202854230377164,0.089
tr_0171,zenodo:10.5281/zenodo.20737270,Turkiye geotechnical/CBR dataset,SP,33.9,19.8,14.1,20.3,64.1,592.5,2.68,2.069317023445464,0.083
tr_0172,zenodo:10.5281/zenodo.20737270,Turkiye geotechnical/CBR dataset,SP,32.3,17.099999999999998,15.2,23.7,74.2,592.5,2.68,2.059123343527013,0.086
tr_0173,zenodo:10.5281/zenodo.20737270,Turkiye geotechnical/CBR dataset,SP,33.1,17.900000000000002,15.2,21.2,69.9,592.5,2.68,2.059123343527013,0.086
tr_0174,zenodo:10.5281/zenodo.20737270,Turkiye geotechnical/CBR dataset,SP,33.2,19.000000000000004,14.2,22.6,73.2,592.5,2.68,2.0897043832823647,0.089
tr_0175,zenodo:10.5281/zenodo.20737270,Turkiye geotechnical/CBR dataset,SP,33.2,18.4,14.8,22.6,74.6,592.5,2.68,2.069317023445464,0.083
tr_0176,zenodo:10.5281/zenodo.20737270,Turkiye geotechnical/CBR dataset,SP,32.0,16.0,16.0,24.2,67.5,592.5,2.68,2.059123343527013,0.086
tr_0197,zenodo:10.5281/zenodo.20737270,Turkiye geotechnical/CBR dataset,SP,64.5,22.200000000000003,42.3,63.5,30.75,592.5,2.68,1.4260958205912333,0.306
tr_0198,zenodo:10.5281/zenodo.20737270,Turkiye geotechnical/CBR dataset,SP,66.3,21.849999999999994,44.45,74.0,24.45,592.5,2.68,1.3904179408766564,0.316
tr_0199,zenodo:10.5281/zenodo.20737270,Turkiye geotechnical/CBR dataset,SP,68.2,22.15000000000001,46.05,72.5,24.14,592.5,2.68,1.3547400611620797,0.326
tr_0200,zenodo:10.5281/zenodo.20737270,Turkiye geotechnical/CBR dataset,SP,57.9,22.5,35.4,79.5,19.27,592.5,2.68,1.5229357798165135,0.278
tr_0201,zenodo:10.5281/zenodo.20737270,Turkiye geotechnical/CBR dataset,SP,54.1,23.1,31.0,56.0,33.5,592.5,2.68,1.5616717635066255,0.267
tr_0202,zenodo:10.5281/zenodo.20737270,Turkiye geotechnical/CBR dataset,SP,62.0,22.25,39.75,61.0,29.35,592.5,2.68,1.4475025484199795,0.296
tr_0203,zenodo:10.5281/zenodo.20737270,Turkiye geotechnical/CBR dataset,SP,55.9,21.3,34.6,60.0,21.78,592.5,2.68,1.5259938837920488,0.2769999999999999
tr_0204,zenodo:10.5281/zenodo.20737270,Turkiye geotechnical/CBR dataset,SP,62.7,22.15000000000001,40.55,75.0,23.35,592.5,2.68,1.4576962283384305,0.296
tr_0205,zenodo:10.5281/zenodo.20737270,Turkiye geotechnical/CBR dataset,SP,58.2,23.1,35.1,75.0,23.35,592.5,2.68,1.4974515800203871,0.285
tr_0206,zenodo:10.5281/zenodo.20737270,Turkiye geotechnical/CBR dataset,SP,59.6,21.15,38.45,75.0,15.98,592.5,2.68,1.4220183486238531,0.307
tr_0207,zenodo:10.5281/zenodo.20737270,Turkiye geotechnical/CBR dataset,SP,64.3,21.4,42.9,60.0,23.15,592.5,2.68,1.4250764525993884,0.309
tr_0208,zenodo:10.5281/zenodo.20737270,Turkiye geotechnical/CBR dataset,SP,58.3,23.15,35.15,57.0,23.75,592.5,2.68,1.454638124362895,0.297
tr_0209,zenodo:10.5281/zenodo.20737270,Turkiye geotechnical/CBR dataset,SP,56.2,22.90000000000001,33.3,57.0,41.16,592.5,2.68,1.5229357798165135,0.278
tr_0210,zenodo:10.5281/zenodo.20737270,Turkiye geotechnical/CBR dataset,SP,61.2,24.85,36.35,99.0,1.0,592.5,2.68,1.3506625891946993,0.327
tr_0211,zenodo:10.5281/zenodo.20737270,Turkiye geotechnical/CBR dataset,SP,51.8,23.05,28.75,74.0,18.0,592.5,2.68,1.5586136595310909,0.268
tr_0218,zenodo:10.5281/zenodo.20737270,Turkiye geotechnical/CBR dataset,SP,62.4,24.7,37.7,60.3,29.10000000000001,592.5,2.68,1.3863404689092762,0.314
tr_0219,zenodo:10.5281/zenodo.20737270,Turkiye geotechnical/CBR dataset,SP,66.3,25.16,41.14,79.8,20.0,592.5,2.68,1.3353720693170232,0.3339999999999999
tr_0221,zenodo:10.5281/zenodo.20737270,Turkiye geotechnical/CBR dataset,SP,63.4,24.3,39.1,53.7,36.2,592.5,2.68,1.4067278287461773,0.317
tr_0222,zenodo:10.5281/zenodo.20737270,Turkiye geotechnical/CBR dataset,SP,58.3,24.8,33.5,53.8,41.0,592.5,2.68,1.5208970438328235,0.273
tr_0223,zenodo:10.5281/zenodo.20737270,Turkiye geotechnical/CBR dataset,SP,50.8,24.0,26.8,58.3,31.60000000000001,592.5,2.68,1.6585117227319062,0.2269999999999999
tr_0224,zenodo:10.5281/zenodo.20737270,Turkiye geotechnical/CBR dataset,SP,52.8,23.3,29.5,62.9,27.000000000000007,592.5,2.68,1.6472986748216103,0.23
tr_0225,zenodo:10.5281/zenodo.20737270,Turkiye geotechnical/CBR dataset,SP,54.5,21.85,32.65,67.7,27.200000000000003,592.5,2.68,1.632008154943935,0.2339999999999999
tr_0226,zenodo:10.5281/zenodo.20737270,Turkiye geotechnical/CBR dataset,SP,53.3,21.4,31.9,72.4,22.5,592.5,2.68,1.6432212028542303,0.231
tr_0227,zenodo:10.5281/zenodo.20737270,Turkiye geotechnical/CBR dataset,SP,50.8,24.35,26.45,77.0,17.900000000000006,592.5,2.68,1.6962283384301733,0.216
tr_0228,zenodo:10.5281/zenodo.20737270,Turkiye geotechnical/CBR dataset,SP,53.5,20.200000000000003,33.3,81.6,13.400000000000006,592.5,2.68,1.6432212028542303,0.231
tr_0229,zenodo:10.5281/zenodo.20737270,Turkiye geotechnical/CBR dataset,SP,52.7,20.40000000000001,32.3,63.1,31.7,592.5,2.68,1.6809378185524972,0.221
tr_0231,zenodo:10.5281/zenodo.20737270,Turkiye geotechnical/CBR dataset,SP,64.5,22.200000000000003,42.3,67.3,12.799999999999995,592.5,2.68,1.4260958205912333,0.306
tr_0232,zenodo:10.5281/zenodo.20737270,Turkiye geotechnical/CBR dataset,SP,66.3,21.849999999999994,44.45,62.6,17.499999999999993,592.5,2.68,1.3904179408766564,0.316
tr_0233,zenodo:10.5281/zenodo.20737270,Turkiye geotechnical/CBR dataset,SP,68.4,22.35000000000001,46.05,58.0,22.0,592.5,2.68,1.3547400611620797,0.326
tr_0234,zenodo:10.5281/zenodo.20737270,Turkiye geotechnical/CBR dataset,SP,57.9,22.5,35.4,53.4,26.6,592.5,2.68,1.5229357798165135,0.278
tr_0235,zenodo:10.5281/zenodo.20737270,Turkiye geotechnical/CBR dataset,SP,54.1,23.1,31.0,62.5,12.700000000000005,592.5,2.68,1.5616717635066255,0.267
tr_0236,zenodo:10.5281/zenodo.20737270,Turkiye geotechnical/CBR dataset,SP,62.0,22.25,39.75,57.9,17.199999999999996,592.5,2.68,1.4780835881753311,0.296
tr_0237,zenodo:10.5281/zenodo.20737270,Turkiye geotechnical/CBR dataset,SP,55.9,21.3,34.6,53.2,21.89999999999999,592.5,2.68,1.5259938837920488,0.2769999999999999
tr_0238,zenodo:10.5281/zenodo.20737270,Turkiye geotechnical/CBR dataset,SP,62.7,22.15000000000001,40.55,53.1,17.1,592.5,2.68,1.4576962283384305,0.296
tr_0239,zenodo:10.5281/zenodo.20737270,Turkiye geotechnical/CBR dataset,SP,58.2,23.1,35.1,57.7,12.5,592.5,2.68,1.4974515800203871,0.285
tr_0240,zenodo:10.5281/zenodo.20737270,Turkiye geotechnical/CBR dataset,SP,59.6,21.15,38.45,87.0,13.0,592.5,2.68,1.4220183486238531,0.307
tr_0241,zenodo:10.5281/zenodo.20737270,Turkiye geotechnical/CBR dataset,SP,64.3,21.4,42.9,90.0,10.0,592.5,2.68,1.414882772680938,0.309
tr_0242,zenodo:10.5281/zenodo.20737270,Turkiye geotechnical/CBR dataset,SP,58.3,23.15,35.15,94.0,6.0,592.5,2.68,1.454638124362895,0.297
tr_0243,zenodo:10.5281/zenodo.20737270,Turkiye geotechnical/CBR dataset,SP,56.2,22.90000000000001,33.3,62.5,37.5,592.5,2.68,1.5229357798165135,0.278
tr_0244,zenodo:10.5281/zenodo.20737270,Turkiye geotechnical/CBR dataset,SP,62.0,22.25,39.75,60.4,34.58,592.5,2.68,1.4475025484199795,0.299
tr_0245,zenodo:10.5281/zenodo.20737270,Turkiye geotechnical/CBR dataset,SP,52.4,24.25,28.15,94.4,5.6,592.5,2.68,1.5728848114169214,0.237
tr_0246,zenodo:10.5281/zenodo.20737270,Turkiye geotechnical/CBR dataset,SP,53.4,24.55,28.85,91.5,8.5,592.5,2.68,1.54841997961264,0.243
tr_0247,zenodo:10.5281/zenodo.20737270,Turkiye geotechnical/CBR dataset,SP,54.2,25.15,29.05,94.4,5.6,592.5,2.68,1.4882772680937817,0.258
tr_0248,zenodo:10.5281/zenodo.20737270,Turkiye geotechnical/CBR dataset,SP,50.4,26.3,24.1,65.5,32.5,592.5,2.68,1.4260958205912333,0.267
tr_0249,zenodo:10.5281/zenodo.20737270,Turkiye geotechnical/CBR dataset,SP,52.4,26.6,25.8,89.0,11.0,592.5,2.68,1.3476044852191642,0.286
tr_0250,zenodo:10.5281/zenodo.20737270,Turkiye geotechnical/CBR dataset,SP,53.8,26.55,27.25,89.0,11.0,592.5,2.68,1.5076452599388377,0.247
tr_0251,zenodo:10.5281/zenodo.20737270,Turkiye geotechnical/CBR dataset,SP,52.5,26.6,25.9,74.0,26.0,592.5,2.68,1.6055045871559632,0.223
tr_0257,zenodo:10.5281/zenodo.20737270,Turkiye geotechnical/CBR dataset,SP,32.1,15.1,17.0,70.0,18.77,592.5,2.68,1.5412844036697246,0.264
tr_0261,zenodo:10.5281/zenodo.20737270,Turkiye geotechnical/CBR dataset,SP,33.2,18.450000000000003,14.75,57.5,40.0,592.5,2.68,1.6799184505606524,0.176
tr_0288,zenodo:10.5281/zenodo.20737270,Turkiye geotechnical/CBR dataset,SP,40.0,24.0,16.0,28.0,31.0,592.5,2.68,1.6585117227319062,0.188
tr_0289,zenodo:10.5281/zenodo.20737270,Turkiye geotechnical/CBR dataset,SP,41.0,22.0,19.0,23.0,25.0,592.5,2.68,1.885830784913353,0.126
tr_0290,zenodo:10.5281/zenodo.20737270,Turkiye geotechnical/CBR dataset,SP,50.0,29.0,21.0,46.0,54.0,592.5,2.68,1.5596330275229358,0.203
tr_0292,zenodo:10.5281/zenodo.20737270,Turkiye geotechnical/CBR dataset,SP,35.0,20.0,15.0,59.0,31.0,592.5,2.68,1.763506625891947,0.138
tr_0300,zenodo:10.5281/zenodo.20737270,Turkiye geotechnical/CBR dataset,SP,43.0,22.0,21.0,72.0,28.0,592.5,2.68,1.6106014271151885,0.154
tr_0301,zenodo:10.5281/zenodo.20737270,Turkiye geotechnical/CBR dataset,SP,44.0,19.0,25.0,78.0,22.0,592.5,2.68,1.575942915392457,0.175
tr_0303,zenodo:10.5281/zenodo.20737270,Turkiye geotechnical/CBR dataset,SP,25.0,20.0,5.0,81.0,19.0,592.5,2.68,1.6360856269113149,0.156
tr_0305,zenodo:10.5281/zenodo.20737270,Turkiye geotechnical/CBR dataset,SP,59.0,27.0,32.0,89.0,11.0,592.5,2.68,1.4638124362895004,0.222
tr_0308,zenodo:10.5281/zenodo.20737270,Turkiye geotechnical/CBR dataset,SP,36.0,20.0,16.0,36.0,29.0,592.5,2.68,1.847094801223241,0.123
tr_0309,zenodo:10.5281/zenodo.20737270,Turkiye geotechnical/CBR dataset,SP,30.0,16.0,14.0,29.0,5.0,592.5,2.68,1.91335372069317,0.114
tr_0310,zenodo:10.5281/zenodo.20737270,Turkiye geotechnical/CBR dataset,SP,25.0,15.0,10.0,11.0,21.0,592.5,2.68,1.983690112130479,0.098
tr_0311,zenodo:10.5281/zenodo.20737270,Turkiye geotechnical/CBR dataset,SP,35.0,17.0,18.0,84.0,16.0,592.5,2.68,1.887869520897044,0.132
tr_0312,zenodo:10.5281/zenodo.20737270,Turkiye geotechnical/CBR dataset,SP,41.0,21.0,20.0,52.0,48.0,592.5,2.68,1.602446483180428,0.207
tr_0314,zenodo:10.5281/zenodo.20737270,Turkiye geotechnical/CBR dataset,SP,33.0,20.0,13.0,26.0,31.0,592.5,2.68,1.9021406727828745,0.106
tr_0315,zenodo:10.5281/zenodo.20737270,Turkiye geotechnical/CBR dataset,SP,47.0,21.0,26.0,42.0,13.0,592.5,2.68,1.6676860346585116,0.185
tr_0316,zenodo:10.5281/zenodo.20737270,Turkiye geotechnical/CBR dataset,SP,56.0,26.0,30.0,78.0,22.0,592.5,2.68,1.5382262996941896,0.21
tr_0322,zenodo:10.5281/zenodo.20737270,Turkiye geotechnical/CBR dataset,SP,28.0,19.0,9.0,68.0,32.0,592.5,2.68,1.6503567787971458,0.171
tr_0323,zenodo:10.5281/zenodo.20737270,Turkiye geotechnical/CBR dataset,SP,27.0,17.0,10.0,68.0,32.0,592.5,2.68,1.7176350662589197,0.17
tr_0324,zenodo:10.5281/zenodo.20737270,Turkiye geotechnical/CBR dataset,SP,32.0,19.0,13.0,79.0,21.0,592.5,2.68,1.6371049949031602,0.203
tr_0325,zenodo:10.5281/zenodo.20737270,Turkiye geotechnical/CBR dataset,SP,32.0,18.0,14.0,73.0,27.0,592.5,2.68,1.6717635066258918,0.176
tr_0326,zenodo:10.5281/zenodo.20737270,Turkiye geotechnical/CBR dataset,SP,32.0,20.0,12.0,42.0,17.0,592.5,2.68,1.6432212028542303,0.193
tr_0328,zenodo:10.5281/zenodo.20737270,Turkiye geotechnical/CBR dataset,SP,30.0,18.0,12.0,93.0,7.0,592.5,2.68,1.6717635066258918,0.162
tr_0329,zenodo:10.5281/zenodo.20737270,Turkiye geotechnical/CBR dataset,SP,51.0,29.0,22.0,17.0,43.0,592.5,2.68,1.6738022426095818,0.175
tr_0330,zenodo:10.5281/zenodo.20737270,Turkiye geotechnical/CBR dataset,SP,39.0,24.0,15.0,30.0,25.0,592.5,2.68,1.6472986748216103,0.188
tr_0331,zenodo:10.5281/zenodo.20737270,Turkiye geotechnical/CBR dataset,SP,53.0,24.0,29.0,82.0,18.0,592.5,2.68,1.5800203873598369,0.187
tr_0333,zenodo:10.5281/zenodo.20737270,Turkiye geotechnical/CBR dataset,SP,56.0,25.0,31.0,67.0,13.0,592.5,2.68,1.4627930682976555,0.223
tr_0337,zenodo:10.5281/zenodo.20737270,Turkiye geotechnical/CBR dataset,SP,25.0,16.0,9.0,28.0,33.0,592.5,2.68,1.931702344546381,0.1119999999999999
tr_0341,zenodo:10.5281/zenodo.20737270,Turkiye geotechnical/CBR dataset,SP,48.0,26.0,22.0,16.0,60.0,592.5,2.68,1.692150866462793,0.173
tr_0342,zenodo:10.5281/zenodo.20737270,Turkiye geotechnical/CBR dataset,SP,54.0,30.0,24.0,31.0,11.0,592.5,2.68,1.4627930682976555,0.237
tr_0343,zenodo:10.5281/zenodo.20737270,Turkiye geotechnical/CBR dataset,SP,41.0,23.0,18.0,32.0,25.0,592.5,2.68,1.710499490316004,0.143
tr_0344,zenodo:10.5281/zenodo.20737270,Turkiye geotechnical/CBR dataset,SP,37.0,20.0,17.0,66.0,34.0,592.5,2.68,1.6799184505606524,0.152
tr_0351,zenodo:10.5281/zenodo.20737270,Turkiye geotechnical/CBR dataset,SP,44.0,27.0,17.0,80.0,20.0,592.5,2.68,1.6819571865443423,0.146
tr_0352,zenodo:10.5281/zenodo.20737270,Turkiye geotechnical/CBR dataset,SP,46.0,27.0,19.0,86.0,14.0,592.5,2.68,1.6819571865443423,0.173
tr_0353,zenodo:10.5281/zenodo.20737270,Turkiye geotechnical/CBR dataset,SP,31.0,20.0,11.0,18.0,24.0,592.5,2.68,1.9510703363914368,0.103
tr_0354,zenodo:10.5281/zenodo.20737270,Turkiye geotechnical/CBR dataset,SP,39.0,22.0,17.0,30.0,42.0,592.5,2.68,1.8674821610601424,0.125
tr_0355,zenodo:10.5281/zenodo.20737270,Turkiye geotechnical/CBR dataset,SP,32.0,18.0,14.0,36.0,47.0,592.5,2.68,1.930682976554536,0.12
tr_0356,zenodo:10.5281/zenodo.20737270,Turkiye geotechnical/CBR dataset,SP,34.0,20.0,14.0,82.0,18.0,592.5,2.68,1.661569826707441,0.206
tr_0358,zenodo:10.5281/zenodo.20737270,Turkiye geotechnical/CBR dataset,SP,61.0,28.0,33.0,98.0,2.0,592.5,2.68,1.4984709480122322,0.237
tr_0359,zenodo:10.5281/zenodo.20737270,Turkiye geotechnical/CBR dataset,SP,47.0,20.0,27.0,72.0,28.0,592.5,2.68,1.600407747196738,0.188
tr_0360,zenodo:10.5281/zenodo.20737270,Turkiye geotechnical/CBR dataset,SP,46.0,18.0,28.0,77.0,23.0,592.5,2.68,1.6452599388379203,0.182
tr_0361,zenodo:10.5281/zenodo.20737270,Turkiye geotechnical/CBR dataset,SP,48.0,21.0,27.0,88.0,12.0,592.5,2.68,1.6534148827726811,0.191
tr_0364,zenodo:10.5281/zenodo.20737270,Turkiye geotechnical/CBR dataset,SP,54.0,28.0,26.0,79.0,21.0,592.5,2.68,1.5066258919469928,0.204
tr_0365,zenodo:10.5281/zenodo.20737270,Turkiye geotechnical/CBR dataset,SP,55.0,32.0,23.0,51.0,49.0,592.5,2.68,1.5158002038735985,0.228
tr_0367,zenodo:10.5281/zenodo.20737270,Turkiye geotechnical/CBR dataset,SP,44.0,24.0,20.0,84.0,16.0,592.5,2.68,1.6095820591233434,0.191
tr_0369,zenodo:10.5281/zenodo.20737270,Turkiye geotechnical/CBR dataset,SP,30.0,21.0,9.0,54.0,46.0,592.5,2.68,1.6258919469928643,0.208
tr_0371,zenodo:10.5281/zenodo.20737270,Turkiye geotechnical/CBR dataset,SP,37.0,18.0,19.0,30.0,23.0,592.5,2.68,1.855249745158002,0.125
tr_0372,zenodo:10.5281/zenodo.20737270,Turkiye geotechnical/CBR dataset,SP,51.0,23.0,28.0,60.0,18.0,592.5,2.68,1.6972477064220182,0.17
tr_0373,zenodo:10.5281/zenodo.20737270,Turkiye geotechnical/CBR dataset,SP,60.0,25.0,35.0,99.0,1.0,592.5,2.68,1.5555555555555554,0.211
tr_0374,zenodo:10.5281/zenodo.20737270,Turkiye geotechnical/CBR dataset,SP,79.0,36.0,43.0,94.0,6.0,592.5,2.68,1.3261977573904178,0.24
tr_0375,zenodo:10.5281/zenodo.20737270,Turkiye geotechnical/CBR dataset,SP,29.0,17.0,12.0,52.0,48.0,592.5,2.68,1.743119266055046,0.132
tr_0376,zenodo:10.5281/zenodo.20737270,Turkiye geotechnical/CBR dataset,SP,75.0,49.0,26.0,89.0,11.0,592.5,2.68,1.2660550458715596,0.299
tr_0377,zenodo:10.5281/zenodo.20737270,Turkiye geotechnical/CBR dataset,SP,59.0,24.0,35.0,99.0,1.0,592.5,2.68,1.4678899082568806,0.213
tr_0378,zenodo:10.5281/zenodo.20737270,Turkiye geotechnical/CBR dataset,SP,56.0,21.0,35.0,92.0,8.0,592.5,2.68,1.549439347604485,0.2239999999999999
tr_0379,zenodo:10.5281/zenodo.20737270,Turkiye geotechnical/CBR dataset,SP,56.0,22.0,34.0,91.0,9.0,592.5,2.68,1.4658511722731904,0.239
tr_0380,zenodo:10.5281/zenodo.20737270,Turkiye geotechnical/CBR dataset,SP,42.0,35.0,7.0,43.0,57.0,592.5,2.68,1.3588175331294596,0.28
