LL,PL,PI,fines_pct,sand_pct,log_energy,Gs,MDD_Mgm3,OMC_frac
38.3,19.0,19.2,92.0,8.0,6.384350873009287,2.68,1.58,0.249
64.0,31.0,33.0,72.0,24.0,6.384350873009287,2.5,1.77,0.1632
72.0,27.0,45.0,95.0,5.0,6.384350873009287,2.68,1.51,0.25
37.8,19.1,18.7,100.0,0.0,6.384350873009287,2.63,1.59,0.2362999999999999
35.16,28.31,6.85,100.0,0.0,6.384350873009287,2.68,1.80796,0.1685
43.0,28.0,15.0,73.1,26.9,6.384350873009287,2.7,1.94,0.12
94.5,35.0,59.5,99.0,1.0,6.384350873009287,2.73,1.57,0.22
72.1,27.62,44.48,100.0,,7.898522486532822,2.74,1.5321100917431192,0.2362999999999999
72.1,27.62,44.48,100.0,,7.20533817611118,2.74,1.475025484199796,0.276
72.1,27.62,44.48,100.0,,5.872681011118015,2.74,1.3200815494393474,0.312
72.1,27.62,44.48,100.0,,6.384350873009287,2.74,1.3832823649337411,0.301
151.6,25.39999999999999,126.2,50.0,,7.898522486532822,2.65,1.6819571865443423,0.2098
151.6,25.39999999999999,126.2,50.0,,7.20533817611118,2.65,1.6513761467889907,0.216
151.6,25.39999999999999,126.2,50.0,,5.872681011118015,2.65,1.6106014271151885,0.24
151.6,25.39999999999999,126.2,50.0,,6.384350873009287,2.65,1.6309887869520896,0.2319999999999999
36.2,13.830000000000002,22.37,50.0,,7.898522486532822,2.63,1.9367991845056065,0.118
36.2,13.830000000000002,22.37,50.0,,7.20533817611118,2.63,1.926605504587156,0.126
36.2,13.830000000000002,22.37,50.0,,6.384350873009287,2.63,1.8144750254842,0.166
43.8,16.929999999999996,26.87,60.0,,7.898522486532822,2.65,1.9041794087665649,0.132
43.8,16.929999999999996,26.87,60.0,,7.20533817611118,2.65,1.855249745158002,0.142
43.8,16.929999999999996,26.87,60.0,,5.872681011118015,2.65,1.7125382262996942,0.206
43.8,16.929999999999996,26.87,60.0,,6.384350873009287,2.65,1.7533129459734962,0.1882
49.07,20.03,29.04,70.0,,7.898522486532822,2.67,1.8583078491335367,0.155
49.07,20.03,29.04,70.0,,7.20533817611118,2.67,1.8144750254842,0.1694999999999999
49.07,20.03,29.04,70.0,,5.872681011118015,2.67,1.6554536187563709,0.2289999999999999
49.07,20.03,29.04,70.0,,6.384350873009287,2.67,1.6819571865443423,0.212
55.11,22.11,33.0,80.0,,7.898522486532822,2.7,1.7655453618756372,0.183
55.11,22.11,33.0,80.0,,7.20533817611118,2.7,1.6717635066258918,0.191
55.11,22.11,33.0,80.0,,5.872681011118015,2.7,1.549439347604485,0.252
55.11,22.11,33.0,80.0,,6.384350873009287,2.7,1.5779816513761469,0.245
61.1,24.9,36.2,90.0,,7.898522486532822,2.72,1.6462793068297654,0.2052
61.1,24.9,36.2,90.0,,7.20533817611118,2.72,1.5361875637104994,0.236
61.1,24.9,36.2,90.0,,5.872681011118015,2.72,1.475025484199796,0.281
61.1,24.9,36.2,90.0,,6.384350873009287,2.72,1.490316004077472,0.276
47.4,41.3,6.1,61.0,,7.898522486532822,2.35,1.7227319062181443,0.139
47.4,41.3,6.1,61.0,,6.384350873009287,2.35,1.5188583078491336,0.2019999999999999
31.7,22.2,9.5,4.3,,7.898522486532822,2.7,1.9062181447502544,0.088
36.0,23.4,12.6,2.0,,7.898522486532822,2.54,1.8348623853211008,0.111
36.0,23.4,12.6,2.0,,6.384350873009287,2.54,1.6513761467889907,0.131
26.5,15.1,11.4,29.0,,6.384350873009287,2.89,1.9062181447502544,0.104
68.0,30.0,38.0,100.0,,7.898522486532822,2.69,1.6649999999999998,0.2
68.0,30.0,38.0,100.0,,6.384350873009287,2.69,1.432,0.28
28.1,17.200000000000003,10.9,4.1,,7.898522486532822,2.62,1.885830784913353,0.079
28.1,17.200000000000003,10.9,4.1,,6.384350873009287,2.62,1.5800203873598369,0.084
34.8,26.9,7.9,1.9,,7.898522486532822,2.7,1.8960244648318043,0.138
34.8,26.9,7.9,1.9,,6.384350873009287,2.7,1.7023445463812434,0.16
150.5,39.2,111.3,100.0,,7.898522486532822,2.58,1.600407747196738,0.208
150.5,39.2,111.3,100.0,,5.872681011118015,2.58,1.325178389398573,0.322
150.5,39.2,111.3,100.0,,6.384350873009287,2.58,1.4067278287461773,0.285
152.8,48.20000000000002,104.6,88.7,,7.898522486532822,2.6,1.529051987767584,0.239
152.8,48.20000000000002,104.6,88.7,,5.872681011118015,2.6,1.253822629969419,0.368
152.8,48.20000000000002,104.6,88.7,,6.384350873009287,2.6,1.3353720693170232,0.326
32.0,21.8,10.2,2.8,,7.898522486532822,2.8,1.946992864424057,0.103
32.0,21.8,10.2,2.8,,6.384350873009287,2.8,1.7533129459734962,0.1119999999999999
46.0,22.0,24.0,59.0,,7.898522486532822,2.61,1.91,0.1369999999999999
46.0,22.0,24.0,59.0,,6.384350873009287,2.61,1.6499999999999997,0.17
54.9,45.1,9.8,58.5,,7.898522486532822,2.45,1.5902140672782874,0.1939999999999999
54.9,45.1,9.8,58.5,,6.384350873009287,2.45,1.5392456676860344,0.203
31.8,23.700000000000003,8.1,4.8,,7.898522486532822,2.54,1.875637104994903,0.095
46.7,37.7,9.0,59.5,,7.898522486532822,2.4,1.7125382262996942,0.151
46.7,37.7,9.0,59.5,,6.384350873009287,2.4,1.5698267074413863,0.1889999999999999
31.8,23.700000000000003,8.1,4.8,,6.384350873009287,2.54,1.7125382262996942,0.109
68.0,33.0,35.0,100.0,,7.898522486532822,2.72,1.664,0.226
68.0,33.0,35.0,100.0,,6.384350873009287,2.72,1.361,0.302
68.0,30.0,38.0,100.0,,7.898522486532822,2.67,1.591,0.212
68.0,30.0,38.0,100.0,,6.384350873009287,2.67,1.34,0.345
31.1,23.3,7.8,2.6,,7.898522486532822,2.65,1.7533129459734962,0.115
31.1,23.3,7.8,2.6,,6.384350873009287,2.65,1.5392456676860344,0.123
35.5,23.1,12.4,3.6,,7.898522486532822,2.61,1.946992864424057,0.079
35.5,23.1,12.4,3.6,,6.384350873009287,2.61,1.620795107033639,0.091
26.4,17.2,9.2,3.6,,7.898522486532822,2.52,1.8348623853211008,0.1159999999999999
26.4,17.2,9.2,3.6,,6.384350873009287,2.52,1.6819571865443423,0.135
34.7,25.200000000000003,9.5,3.3,,7.898522486532822,2.75,1.9062181447502544,0.099
34.7,25.200000000000003,9.5,3.3,,6.384350873009287,2.75,1.6921508664627931,0.105
35.8,22.3,13.5,4.5,,7.898522486532822,2.55,1.926605504587156,0.111
35.8,22.3,13.5,4.5,,6.384350873009287,2.55,1.6921508664627931,0.122
35.7,24.1,11.6,2.5,,7.898522486532822,2.6,1.9775739041794085,0.071
35.7,24.1,11.6,2.5,,6.384350873009287,2.6,1.6411824668705404,0.079
29.6,18.200000000000003,11.4,4.6,,7.898522486532822,2.47,1.9367991845056065,0.099
29.6,18.200000000000003,11.4,4.6,,6.384350873009287,2.47,1.8144750254842,0.107
32.6,21.200000000000003,11.4,3.0,,7.898522486532822,2.47,1.8348623853211008,0.102
32.6,21.200000000000003,11.4,3.0,,6.384350873009287,2.47,1.7227319062181443,0.123
52.0,34.8,17.2,100.0,,7.898522486532822,2.62,1.5698267074413863,0.233
52.0,34.8,17.2,100.0,,5.872681011118015,2.62,1.3455657492354738,0.331
52.0,34.8,17.2,100.0,,6.384350873009287,2.62,1.4271151885830784,0.293
30.5,22.1,8.4,4.9,,7.898522486532822,2.47,1.885830784913353,0.104
30.5,22.1,8.4,4.9,,6.384350873009287,2.47,1.743119266055046,0.113
40.4,38.8,1.6,47.4,,6.384350873009287,2.5,1.6615698267074417,0.151
36.4,26.9,9.5,4.7,,7.898522486532822,2.57,1.9062181447502544,0.123
36.4,26.9,9.5,4.7,,6.384350873009287,2.57,1.5902140672782874,0.132
55.0,26.0,29.0,71.5,,7.898522486532822,2.74,1.7619999999999998,0.174
55.0,26.0,29.0,71.5,,6.384350873009287,2.74,1.61,0.2319999999999999
55.0,27.0,28.0,60.0,,7.898522486532822,2.85,1.846,0.144
55.0,27.0,28.0,60.0,,6.384350873009287,2.85,1.64,0.1810999999999999
35.7,27.1,8.6,1.8,,7.898522486532822,2.61,1.9775739041794085,0.076
55.6,46.900000000000006,8.7,61.8,,6.384350873009287,2.53,1.529051987767584,0.258
41.0,24.0,17.0,34.0,,7.898522486532822,2.67,1.8807339449541285,0.14
41.0,24.0,17.0,34.0,,6.384350873009287,2.67,1.7023445463812434,0.188
41.0,24.0,17.0,34.0,,5.872681011118015,2.67,1.6483180428134558,0.208
40.0,23.0,17.0,34.0,,7.898522486532822,2.68,1.91131498470948,0.125
40.0,23.0,17.0,34.0,,6.384350873009287,2.68,1.7206931702344543,0.168
40.0,23.0,17.0,34.0,,5.872681011118015,2.68,1.6697247706422016,0.188
43.0,26.0,17.0,29.0,,7.898522486532822,2.69,1.849133537206932,0.133
43.0,26.0,17.0,34.0,,6.384350873009287,2.69,1.6615698267074417,0.18
43.0,26.0,17.0,34.0,,5.872681011118015,2.69,1.604485219164118,0.193
31.4,19.4,12.0,5.0,,7.898522486532822,2.55,1.783893985728848,0.1119999999999999
31.4,19.4,12.0,5.0,,6.384350873009287,2.55,1.5596330275229358,0.122
29.2,18.7,10.5,4.1,,7.898522486532822,2.58,1.7940876656472988,0.105
29.2,18.7,10.5,29.0,,6.384350873009287,2.58,1.6615698267074417,0.11
34.0,25.2,8.8,4.4,,7.898522486532822,2.53,1.7940876656472988,0.123
34.0,25.2,8.8,4.4,,6.384350873009287,2.53,1.6411824668705404,0.145
46.0,23.0,23.0,60.0,,7.898522486532822,2.7,1.89,0.138
46.0,23.0,23.0,60.0,,6.384350873009287,2.7,1.779816513761468,0.185
35.4,24.9,10.5,2.6,,7.898522486532822,2.67,1.8654434250764529,0.104
35.4,24.9,10.5,2.6,,6.384350873009287,2.67,1.7023445463812434,0.119
37.4,23.2,14.2,4.9,,7.898522486532822,2.81,1.8042813455657487,0.073
37.4,23.2,14.2,29.0,,6.384350873009287,2.81,1.6411824668705404,0.078
36.2,26.700000000000003,9.5,2.4,,7.898522486532822,2.49,1.7737003058103973,0.109
36.2,26.700000000000003,9.5,2.4,,6.384350873009287,2.49,1.7023445463812434,0.126
37.7,25.200000000000003,12.5,4.9,,7.898522486532822,2.55,1.8042813455657487,0.074
37.7,25.200000000000003,12.5,4.9,,6.384350873009287,2.55,1.5902140672782874,0.086
39.7,7.700000000000003,32.0,69.2,,7.898522486532822,2.7,2.038735983690112,0.108
39.7,7.700000000000003,32.0,69.2,,5.872681011118015,2.7,1.7125382262996942,0.178
39.7,7.700000000000003,32.0,69.2,,6.384350873009287,2.7,1.7940876656472988,0.156
42.3,6.099999999999994,36.2,75.8,,7.898522486532822,2.69,1.9673802242609584,0.119
42.3,6.099999999999994,36.2,75.8,,5.872681011118015,2.69,1.6921508664627931,0.191
42.3,6.099999999999994,36.2,75.8,,6.384350873009287,2.69,1.783893985728848,0.165
47.5,15.8,31.7,71.0,,7.898522486532822,2.64,1.6717635066258918,0.181
47.5,15.8,31.7,71.0,,5.872681011118015,2.64,1.4882772680937817,0.24
47.5,15.8,31.7,71.0,,6.384350873009287,2.64,1.5392456676860344,0.22
70.0,32.0,38.0,94.0,,7.898522486532822,2.8,1.743119266055046,0.146
70.0,32.0,38.0,94.0,,5.872681011118015,2.8,1.4780835881753311,0.2319999999999999
70.0,32.0,38.0,94.0,,6.384350873009287,2.8,1.5698267074413863,0.241
27.0,12.0,15.0,76.0,,7.898522486532822,2.75,2.0897043832823647,0.073
27.0,12.0,15.0,76.0,,5.872681011118015,2.75,1.8960244648318043,0.132
27.0,12.0,15.0,76.0,,6.384350873009287,2.75,1.9367991845056065,0.119
35.0,16.0,19.0,89.0,,7.898522486532822,2.8,1.9775739041794085,0.136
35.0,16.0,19.0,89.0,,5.872681011118015,2.8,1.7329255861365953,0.182
35.0,16.0,19.0,89.0,,6.384350873009287,2.8,1.7737003058103973,0.181
53.0,12.0,41.0,88.0,,7.898522486532822,2.9,2.028542303771661,0.119
53.0,12.0,41.0,88.0,,5.872681011118015,2.9,1.7023445463812434,0.187
53.0,12.0,41.0,88.0,,6.384350873009287,2.9,1.82466870540265,0.16
67.0,21.0,46.0,94.0,,7.898522486532822,2.8,1.875637104994903,0.16
67.0,21.0,46.0,94.0,,5.872681011118015,2.8,1.6106014271151885,0.233
67.0,21.0,46.0,94.0,,6.384350873009287,2.8,1.6513761467889907,0.214
29.0,13.0,16.0,52.0,,7.898522486532822,2.68,2.069317023445464,0.103
29.0,13.0,16.0,52.0,,5.872681011118015,2.68,1.885830784913353,0.125
29.0,13.0,16.0,52.0,,6.384350873009287,2.68,1.9367991845056065,0.111
37.0,17.0,20.0,81.0,,7.898522486532822,2.78,1.99796126401631,0.121
37.0,17.0,20.0,81.0,,5.872681011118015,2.78,1.7125382262996942,0.151
37.0,17.0,20.0,81.0,,6.384350873009287,2.78,1.783893985728848,0.135
33.0,14.0,19.0,85.0,,7.898522486532822,2.8,1.9673802242609584,0.1173
33.0,14.0,19.0,85.0,,5.872681011118015,2.8,1.743119266055046,0.171
33.0,14.0,19.0,85.0,,6.384350873009287,2.8,1.8042813455657487,0.1691
31.0,13.0,18.0,74.0,,7.898522486532822,2.8,1.9775739041794085,0.1341
31.0,13.0,18.0,74.0,,5.872681011118015,2.8,1.7533129459734962,0.1723
31.0,13.0,18.0,74.0,,6.384350873009287,2.8,1.8042813455657487,0.1509
24.0,13.0,11.0,62.0,,5.872681011118015,2.8,1.8960244648318043,0.1331
24.0,13.0,11.0,62.0,,6.384350873009287,2.8,2.0489296636085625,0.086
43.0,17.0,26.0,89.0,,7.898522486532822,2.78,1.8960244648318043,0.1404
43.0,17.0,26.0,89.0,,5.872681011118015,2.78,1.6819571865443423,0.2006
43.0,17.0,26.0,89.0,,6.384350873009287,2.78,1.6309887869520896,0.198
32.0,18.0,14.0,85.0,,7.898522486532822,2.8,2.099898063200816,0.1017
32.0,18.0,14.0,85.0,,5.872681011118015,2.8,1.8042813455657487,0.159
32.0,18.0,14.0,85.0,,6.384350873009287,2.8,1.885830784913353,0.1147
37.7,27.500000000000004,10.2,3.4,,7.898522486532822,2.51,1.7227319062181443,0.124
37.7,27.500000000000004,10.2,3.4,,6.384350873009287,2.51,1.620795107033639,0.144
32.3,25.0,7.3,2.4,,7.898522486532822,2.48,1.875637104994903,0.103
32.3,25.0,7.3,2.4,,6.384350873009287,2.48,1.6615698267074417,0.114
35.8,27.1,8.7,3.4,,7.898522486532822,2.62,1.875637104994903,0.098
35.8,27.1,8.7,3.4,,6.384350873009287,2.62,1.600407747196738,0.109
43.3,34.5,8.8,56.2,,7.898522486532822,2.3,1.6483180428134558,0.131
43.3,34.5,8.8,56.2,,6.384350873009287,2.3,1.5902140672782874,0.15
63.5,32.6,30.9,55.7,,7.898522486532822,2.63,1.6513761467889907,0.203
63.5,32.6,30.9,55.7,,5.872681011118015,2.63,1.4413863404689091,0.307
63.5,32.6,30.9,55.7,,6.384350873009287,2.63,1.533129459734964,0.272
54.5,24.44,30.06,63.5,30.75,6.384350873009287,2.68,1.531090723751274,0.2079
55.6,27.48,28.12,75.0,15.98,6.384350873009287,2.68,1.5718654434250765,0.24
45.5,23.96,21.54,31.0,55.4,6.384350873009287,2.68,1.7380224260958206,0.182
37.7,20.19,17.51,38.0,37.7,6.384350873009287,2.68,1.8216106014271152,0.1605
43.0,24.46,18.54,37.0,32.32,6.384350873009287,2.68,1.7339449541284404,0.174
33.9,18.89,15.009999999999998,23.0,69.09,6.384350873009287,2.68,1.827726809378185,0.148
39.05,25.2,13.849999999999998,33.5,37.4,6.384350873009287,2.68,1.709480122324159,0.185
42.45,25.96,16.490000000000002,45.5,30.9,6.384350873009287,2.68,1.715596330275229,0.178
33.7,23.48,10.220000000000002,40.0,57.0,6.384350873009287,2.68,1.859327217125382,0.138
34.1,21.82,12.28,39.0,37.7,6.384350873009287,2.68,1.845056065239552,0.143
32.5,19.75,12.75,41.0,45.75,6.384350873009287,2.68,1.8899082568807333,0.132
36.5,21.5,15.0,32.0,47.63,6.384350873009287,2.68,1.694189602446483,0.1639999999999999
36.2,22.55,13.650000000000002,42.0,48.68,6.384350873009287,2.68,1.91131498470948,0.1169999999999999
33.6,20.42,13.18,33.0,53.29,6.384350873009287,2.68,1.8807339449541285,0.125
30.4,16.92,13.479999999999997,38.0,52.93,6.384350873009287,2.68,1.9694189602446484,0.109
36.8,15.86,20.94,45.0,45.5,6.384350873009287,2.68,1.836901121304791,0.146
53.85,27.46,26.39,57.0,23.75,6.384350873009287,2.68,1.6452599388379203,0.2155
35.15,20.05,15.099999999999998,19.0,48.95,6.384350873009287,2.68,1.9255861365953109,0.124
23.1,15.73,7.370000000000001,15.0,54.18,6.384350873009287,2.68,2.015290519877676,0.093
25.0,16.45,8.55,27.0,59.84,6.384350873009287,2.68,2.019367991845056,0.107
32.0,16.16,15.84,24.0,49.04,6.384350873009287,2.68,2.0336391437308867,0.1
30.8,15.74,15.06,42.0,52.48,6.384350873009287,2.68,1.9694189602446484,0.105
41.4,24.59,16.81,47.0,41.77,6.384350873009287,2.68,1.7849133537206932,0.156
68.3,26.7,41.6,72.97,27.03,6.384350873009287,2.68,1.6666666666666667,0.215
44.3,23.6,20.7,38.66,61.34,6.384350873009287,2.68,1.8267074413863404,0.17
82.5,31.2,51.3,85.28999999999999,14.71,6.384350873009287,2.68,1.5891946992864423,0.228
52.9,27.23,25.67,57.0,41.16,6.384350873009287,2.68,1.63914373088685,0.175
87.5,32.3,55.2,92.39,7.61,6.384350873009287,2.68,1.54638124362895,0.24
75.5,31.0,44.5,78.95,21.05,6.384350873009287,2.68,1.5606523955147809,0.23
58.9,23.6,35.3,62.4,37.6,6.384350873009287,2.68,1.6901121304791027,0.195
63.8,28.3,35.5,68.05,31.95,6.384350873009287,2.68,1.5983690112130478,0.21
54.5,24.44,30.06,56.71,43.29,6.384350873009287,2.68,1.7604485219164117,0.1939999999999999
70.4,25.0,45.400000000000006,78.76,21.24,6.384350873009287,2.68,1.6330275229357798,0.205
49.1,25.2,23.9,66.0,30.23,6.384350873009287,2.68,1.6085626911314983,0.173
66.5,26.25,40.25,69.24,30.76,6.384350873009287,2.68,1.565749235474006,0.2
44.5,20.6,23.9,37.96,62.04,6.384350873009287,2.68,1.762487257900102,0.16
67.9,25.0,42.900000000000006,70.19,29.81,6.384350873009287,2.68,1.6085626911314983,0.212
58.7,24.3,34.400000000000006,60.81,39.19,6.384350873009287,2.68,1.6778797145769624,0.2
68.4,28.7,39.7,75.21000000000001,24.79,6.384350873009287,2.68,1.584097859327217,0.22
60.3,23.8,36.5,63.54,36.46,6.384350873009287,2.68,1.5973496432212029,0.2
69.5,27.8,41.7,81.76,18.24,6.384350873009287,2.68,1.623853211009174,0.22
43.9,24.4,19.5,70.0,25.3,6.384350873009287,2.68,1.6921508664627931,0.16
67.5,28.6,38.9,77.85,22.15,6.384350873009287,2.68,1.5575942915392456,0.205
44.3,23.8,20.5,35.55,64.45,6.384350873009287,2.68,1.7257900101936798,0.17
43.7,23.8,19.9,33.19,66.81,6.384350873009287,2.68,1.8950050968399592,0.15
60.8,26.7,34.099999999999994,67.19,32.81,6.384350873009287,2.68,1.7145769622833842,0.205
43.8,21.8,22.0,36.02,63.98,6.384350873009287,2.68,1.8501529051987768,0.15
56.8,23.6,33.2,57.15,42.85,6.384350873009287,2.68,1.7145769622833842,0.192
47.15,21.78,25.37,65.0,24.94,6.384350873009287,2.68,1.6503567787971458,0.174
54.0,27.8,26.2,62.6,37.4,6.384350873009287,2.68,1.7370030581039753,0.168
39.7,18.6,21.1,46.37,53.63,6.384350873009287,2.68,1.8501529051987768,0.145
57.8,23.2,34.599999999999994,59.620000000000005,40.38,6.384350873009287,2.68,1.672782874617737,0.19
56.3,22.7,33.599999999999994,60.0,40.0,6.384350873009287,2.68,1.7512742099898062,0.19
58.5,24.29,34.21,60.89,39.11,6.384350873009287,2.68,1.6483180428134558,0.195
55.0,19.6,35.4,50.33,49.67,6.384350873009287,2.68,1.7686034658511722,0.18
65.0,21.6,43.4,78.78999999999999,21.21,6.384350873009287,2.68,1.6177370030581038,0.205
21.0,16.0,5.0,12.0,35.0,6.384350873009287,2.68,2.252803261977574,0.065
37.0,16.0,21.0,7.0,9.0,6.384350873009287,2.68,2.028542303771661,0.0905
26.0,11.0,15.0,8.0,15.0,6.384350873009287,2.68,2.079510703363914,0.1
27.0,13.0,14.0,12.0,19.0,6.384350873009287,2.68,2.0897043832823647,0.09
24.0,13.0,11.0,7.0,46.0,6.384350873009287,2.68,1.99796126401631,0.12
46.35,25.45,20.9,56.0,33.89,6.384350873009287,2.68,1.7196738022426097,0.1989999999999999
26.0,15.0,11.0,6.0,12.0,6.384350873009287,2.68,2.110091743119266,0.08
24.0,14.0,10.0,10.0,18.0,6.384350873009287,2.68,2.1916411824668702,0.08
31.0,17.0,14.0,5.0,15.0,6.384350873009287,2.68,2.099898063200816,0.09
21.0,12.0,9.0,12.0,41.0,6.384350873009287,2.68,2.059123343527013,0.099
44.0,22.0,22.0,7.0,4.0,6.384350873009287,2.68,1.743119266055046,0.18
19.0,13.0,6.0,8.0,40.0,6.384350873009287,2.68,1.99796126401631,0.095
31.0,21.0,10.0,6.0,25.0,6.384350873009287,2.68,1.926605504587156,0.13
38.0,21.0,17.0,9.0,27.0,6.384350873009287,2.68,1.9164118246687047,0.13
30.0,18.0,12.0,6.0,14.0,6.384350873009287,2.68,2.018348623853211,0.1
48.25,25.47,22.78,53.0,42.44,6.384350873009287,2.68,1.777777777777778,0.172
40.0,26.0,14.0,10.0,26.0,6.384350873009287,2.68,1.6819571865443423,0.2
28.0,17.0,11.0,3.0,9.0,6.384350873009287,2.68,2.1508664627930685,0.085
20.0,12.0,8.0,4.0,18.0,6.384350873009287,2.68,2.0489296636085625,0.06
37.0,19.0,18.0,4.0,8.0,6.384350873009287,2.68,2.059123343527013,0.1
22.0,11.0,11.0,4.0,18.0,6.384350873009287,2.68,2.1610601427115186,0.08
25.0,19.0,6.0,2.0,2.0,6.384350873009287,2.68,2.0489296636085625,0.11
26.0,15.0,11.0,26.0,14.0,6.384350873009287,2.68,1.9164118246687047,0.14
56.75,23.49,33.260000000000005,74.0,24.45,6.384350873009287,2.68,1.4301732925586137,0.25
47.55,25.9,21.65,57.0,38.58,6.384350873009287,2.68,1.7420998980632008,0.1639999999999999
53.0,19.0,34.0,18.0,15.0,6.384350873009287,2.68,1.99796126401631,0.11
29.0,14.0,15.0,18.0,18.0,6.384350873009287,2.68,2.079510703363914,0.1
52.0,31.0,21.0,17.0,16.0,6.384350873009287,2.68,1.4882772680937817,0.23
62.0,33.0,29.0,31.0,10.0,6.384350873009287,2.68,1.3353720693170232,0.3
47.0,30.0,17.0,14.0,14.0,6.384350873009287,2.68,1.5188583078491336,0.275
32.0,14.0,18.0,26.0,31.0,6.384350873009287,2.68,1.9164118246687047,0.14
45.0,27.0,18.0,28.0,31.0,6.384350873009287,2.68,1.6615698267074417,0.19
30.0,14.0,16.0,19.0,36.0,6.384350873009287,2.68,2.038735983690112,0.1
27.0,16.0,11.0,24.0,35.0,6.384350873009287,2.68,1.9775739041794085,0.1
44.1,21.72,22.380000000000003,50.0,27.23,6.384350873009287,2.68,1.8053007135575945,0.166
35.0,19.0,16.0,16.0,16.0,6.384350873009287,2.68,1.9367991845056065,0.11
25.0,13.0,12.0,14.0,29.0,6.384350873009287,2.68,1.8960244648318043,0.14
39.0,19.0,20.0,26.0,22.0,6.384350873009287,2.68,1.8042813455657487,0.16
26.0,12.0,14.0,17.0,33.0,6.384350873009287,2.68,2.110091743119266,0.09
26.0,15.0,11.0,35.0,27.0,6.384350873009287,2.68,1.946992864424057,0.13
34.0,21.0,13.0,22.0,37.0,6.384350873009287,2.68,1.8960244648318043,0.135
28.0,16.0,12.0,19.0,27.0,6.384350873009287,2.68,2.018348623853211,0.115
40.15,25.67,14.479999999999997,59.0,35.62,6.384350873009287,2.68,1.838939857288481,0.163
33.0,16.0,17.0,46.0,26.0,6.384350873009287,2.68,1.9164118246687047,0.14
25.0,13.0,12.0,13.0,24.0,6.384350873009287,2.68,2.069317023445464,0.09
30.0,16.0,14.0,21.0,39.0,6.384350873009287,2.68,1.99796126401631,0.11
33.0,18.0,15.0,30.0,28.0,6.384350873009287,2.68,1.743119266055046,0.155
39.0,22.0,17.0,14.0,24.0,6.384350873009287,2.68,1.8960244648318043,0.139
25.0,13.0,12.0,28.0,72.0,6.384350873009287,2.68,1.9062181447502544,0.135
34.0,25.0,9.0,11.0,60.0,6.384350873009287,2.68,1.8042813455657487,0.14
35.0,19.0,16.0,11.0,60.0,6.384350873009287,2.68,1.763506625891947,0.17
25.0,18.0,7.0,10.0,48.0,6.384350873009287,2.68,2.0489296636085625,0.09
40.0,23.0,17.0,3.0,53.0,6.384350873009287,2.68,1.6513761467889907,0.21
39.45,24.09,15.360000000000005,55.0,36.8,6.384350873009287,2.68,1.6595310907237513,0.188
26.0,13.0,13.0,14.0,66.0,6.384350873009287,2.68,1.9062181447502544,0.11
53.0,34.0,19.0,21.0,46.0,6.384350873009287,2.68,1.365953109072375,0.32
39.0,18.0,21.0,49.0,49.0,6.384350873009287,2.68,1.7737003058103973,0.16
23.0,12.0,11.0,21.0,79.0,6.384350873009287,2.68,1.82466870540265,0.14
37.0,15.0,22.0,35.0,63.0,6.384350873009287,2.68,1.9164118246687047,0.13
27.0,10.0,17.0,30.0,57.0,6.384350873009287,2.68,2.069317023445464,0.095
47.0,19.0,28.0,31.0,61.0,6.384350873009287,2.68,1.7737003058103973,0.17
32.0,12.0,20.0,23.0,70.0,6.384350873009287,2.68,1.926605504587156,0.12
28.0,15.0,13.0,33.0,45.0,6.384350873009287,2.68,1.957186544342508,0.119
21.0,11.0,10.0,30.0,44.0,6.384350873009287,2.68,2.038735983690112,0.1
44.7,24.64,20.06,52.0,37.28,6.384350873009287,2.68,1.6228338430173292,0.184
25.0,12.0,13.0,43.0,40.0,6.384350873009287,2.68,1.9164118246687047,0.11
22.0,10.0,12.0,31.0,45.0,6.384350873009287,2.68,2.038735983690112,0.1
30.0,17.0,13.0,14.0,45.0,6.384350873009287,2.68,2.099898063200816,0.08
83.0,43.0,40.0,21.0,61.0,6.384350873009287,2.68,1.294597349643221,0.32
41.0,22.0,19.0,48.0,51.0,6.384350873009287,2.68,1.6615698267074417,0.19
32.0,20.0,12.0,44.0,38.0,6.384350873009287,2.68,1.783893985728848,0.17
29.0,14.0,15.0,39.0,43.0,6.384350873009287,2.68,1.9367991845056065,0.14
57.0,24.0,33.0,98.0,2.0,6.384350873009287,2.68,1.6819571865443423,0.22
45.0,28.0,17.0,53.0,33.0,6.384350873009287,2.68,1.7227319062181443,0.17
32.0,16.0,16.0,55.0,41.0,6.384350873009287,2.68,1.7737003058103973,0.16
41.7,23.65,18.050000000000004,74.0,23.91,6.384350873009287,2.68,1.6371049949031595,0.192
48.0,22.0,26.0,92.0,3.0,6.384350873009287,2.68,1.6106014271151885,0.22
35.0,17.0,18.0,50.0,48.0,6.384350873009287,2.68,1.8348623853211008,0.13
32.0,12.0,20.0,51.0,48.0,6.384350873009287,2.68,1.8144750254842,0.15
42.0,22.0,20.0,78.0,21.0,6.384350873009287,2.68,1.5800203873598369,0.21
42.0,15.0,27.0,53.0,9.0,6.384350873009287,2.68,1.7329255861365953,0.17
30.0,12.0,18.0,52.0,40.0,6.384350873009287,2.68,1.9062181447502544,0.13
37.0,18.0,19.0,73.0,27.0,6.384350873009287,2.68,1.7329255861365953,0.19
40.0,18.0,22.0,65.0,30.0,6.384350873009287,2.68,1.7737003058103973,0.17
41.0,21.0,20.0,67.0,31.0,6.384350873009287,2.68,1.6717635066258918,0.185
31.0,15.0,16.0,56.0,40.0,6.384350873009287,2.68,1.855249745158002,0.14
40.0,23.09,16.91,64.0,29.72,6.384350873009287,2.68,1.6850152905198776,0.179
33.0,16.0,17.0,41.0,49.0,6.384350873009287,2.68,1.885830784913353,0.15
36.0,16.0,20.0,64.0,27.0,6.384350873009287,2.68,1.7227319062181443,0.2
43.0,18.0,25.0,56.0,34.0,6.384350873009287,2.68,1.743119266055046,0.18
38.0,20.0,18.0,58.0,41.0,6.384350873009287,2.68,1.620795107033639,0.2
45.0,26.0,19.0,72.0,27.0,6.384350873009287,2.68,1.6156982670744138,0.22
44.0,23.0,21.0,54.0,45.0,6.384350873009287,2.68,1.6513761467889907,0.2
46.0,20.0,26.0,68.0,29.0,6.384350873009287,2.68,1.7329255861365953,0.17
41.0,24.0,17.0,90.0,9.0,6.384350873009287,2.68,1.6513761467889907,0.2
43.0,24.0,19.0,92.0,8.0,6.384350873009287,2.68,1.6513761467889907,0.2
33.0,19.0,14.0,72.0,24.0,6.384350873009287,2.68,1.7533129459734962,0.175
45.0,22.0,23.0,79.0,21.0,6.384350873009287,2.68,1.6921508664627931,0.2
36.0,20.0,16.0,70.0,29.0,6.384350873009287,2.68,1.5596330275229358,0.22
36.0,16.0,20.0,82.0,16.0,6.384350873009287,2.68,1.885830784913353,0.14
51.0,20.0,31.0,99.0,1.0,6.384350873009287,2.68,1.5596330275229358,0.23
69.0,26.0,43.0,74.0,18.0,6.384350873009287,2.68,1.6106014271151885,0.2
54.0,27.0,27.0,52.0,7.0,6.384350873009287,2.68,1.4882772680937817,0.26
63.0,23.0,40.0,77.0,11.0,6.384350873009287,2.68,1.6309887869520896,0.23
53.0,23.0,30.0,88.0,6.0,6.384350873009287,2.68,1.620795107033639,0.2
44.35,26.48,17.87,75.0,24.52,6.384350873009287,2.68,1.54841997961264,0.2185
51.0,20.0,31.0,95.0,5.0,6.384350873009287,2.68,1.529051987767584,0.23
53.0,28.0,25.0,77.0,18.0,6.384350873009287,2.68,1.4678899082568806,0.27
62.0,35.0,27.0,84.0,15.0,6.384350873009287,2.68,1.4475025484199795,0.25
52.0,31.0,21.0,67.0,31.0,6.384350873009287,2.68,1.6411824668705404,0.22
51.0,21.0,30.0,62.0,34.0,6.384350873009287,2.68,1.6513761467889907,0.19
59.0,23.0,36.0,76.0,22.0,6.384350873009287,2.68,1.549439347604485,0.24
54.0,26.0,28.0,65.0,31.0,6.384350873009287,2.68,1.549439347604485,0.22
67.0,28.0,39.0,77.0,23.0,6.384350873009287,2.68,1.5188583078491336,0.25
74.0,28.0,46.0,84.0,15.0,6.384350873009287,2.68,1.5392456676860344,0.26
48.0,20.7,27.3,58.0,22.0,6.384350873009287,2.68,1.8787971457696229,0.1383
44.5,18.0,26.5,24.8,30.4,6.384350873009287,2.68,2.096941896024465,0.0888
37.9,16.6,21.3,15.5,39.6,6.384350873009287,2.68,2.157186544342508,0.0837
44.9,20.9,24.0,44.2,40.7,6.384350873009287,2.68,1.9360856269113147,0.1222
45.4,20.1,25.3,39.3,35.60000000000001,6.384350873009287,2.68,1.870948012232416,0.13
40.1,18.7,21.4,31.5,48.400000000000006,6.384350873009287,2.68,2.1759429153924565,0.0728
51.2,21.4,29.800000000000004,70.2,14.899999999999991,6.384350873009287,2.68,1.786136595310907,0.1808
43.0,18.9,24.1,60.3,29.10000000000001,6.384350873009287,2.68,1.821202854230377,0.156
50.6,22.2,28.4,79.8,20.0,6.384350873009287,2.68,1.6724770642201834,0.1964999999999999
44.3,21.6,22.7,50.1,44.6,6.384350873009287,2.68,1.874006116207951,0.1387
36.1,17.3,18.8,19.7,59.89999999999999,6.384350873009287,2.68,2.0920489296636084,0.1003
51.6,23.57,28.03,72.5,24.14,6.384350873009287,2.68,1.5555555555555554,0.215
37.2,16.93,20.270000000000003,67.0,32.82,6.384350873009287,2.68,1.769622833843017,0.165
32.9,16.6,16.299999999999997,14.7,69.7,6.384350873009287,2.68,2.0573904179408764,0.0917
40.1,18.7,21.4,29.9,49.6,6.384350873009287,2.68,2.0108053007135576,0.0998
35.6,18.0,17.6,24.8,64.7,6.384350873009287,2.68,2.0108053007135576,0.1003999999999999
38.2,15.4,22.800000000000004,20.6,49.2,6.384350873009287,2.68,2.0091743119266057,0.1074
51.0,20.7,30.3,53.5,31.40000000000001,6.384350873009287,2.68,1.895208970438328,0.1349
40.0,17.9,22.1,20.6,49.3,6.384350873009287,2.68,2.02579001019368,0.0966
36.5,19.1,17.4,20.9,58.8,6.384350873009287,2.68,2.052905198776758,0.0915
45.5,16.7,28.8,29.9,40.1,6.384350873009287,2.68,1.983078491335372,0.105
48.0,18.3,29.7,29.6,30.6,6.384350873009287,2.68,2.070234454638124,0.0906
36.55,16.71,19.84,63.0,36.85,6.384350873009287,2.68,1.8073394495412844,0.15
44.5,17.3,27.2,20.0,30.3,6.384350873009287,2.68,2.169520897043833,0.0767
46.3,17.2,29.1,19.7,20.7,6.384350873009287,2.68,2.1011213047910293,0.0768
45.5,16.5,29.0,14.9,20.6,6.384350873009287,2.68,2.146992864424057,0.0617999999999999
45.0,17.2,27.8,19.9,25.4,6.384350873009287,2.68,2.116921508664628,0.0703
44.1,20.1,24.0,39.4,40.50000000000001,6.384350873009287,2.68,1.983690112130479,0.1214
42.9,20.2,22.7,39.6,45.2,6.384350873009287,2.68,1.9519877675840973,0.1168999999999999
47.0,19.4,27.6,39.7,50.0,6.384350873009287,2.68,1.963608562691132,0.1139
40.3,20.2,20.1,39.9,54.8,6.384350873009287,2.68,1.9211009174311928,0.1369
39.1,20.2,18.9,40.0,59.6,6.384350873009287,2.68,1.9058103975535168,0.1304
40.1,18.7,21.4,30.2,49.6,6.384350873009287,2.68,2.0316004077471965,0.1017
35.15,15.44,19.71,61.0,36.76,6.384350873009287,2.68,1.769622833843017,0.158
38.9,18.7,20.2,30.3,54.5,6.384350873009287,2.68,2.023853211009174,0.1096
41.5,21.5,20.0,30.5,59.2,6.384350873009287,2.68,1.979001019367992,0.1157
36.3,18.8,17.499999999999996,30.6,63.99999999999999,6.384350873009287,2.68,1.984301732925586,0.1156
35.1,18.8,16.3,30.7,68.8,6.384350873009287,2.68,1.966156982670744,0.1074
53.4,18.3,35.099999999999994,48.7,31.3,6.384350873009287,2.68,1.929765545361876,0.1307
49.2,21.3,27.9,44.1,35.800000000000004,6.384350873009287,2.68,1.9454638124362893,0.1264
46.5,22.5,24.0,34.8,45.10000000000001,6.384350873009287,2.68,2.020183486238532,0.1043999999999999
41.4,16.5,24.9,25.5,54.3,6.384350873009287,2.68,2.048012232415902,0.0932
34.3,22.4,11.9,16.2,63.5,6.384350873009287,2.68,2.1087665647298675,0.0859
38.0,20.9,17.1,20.9,58.9,6.384350873009287,2.68,2.0751274209989803,0.086
35.3,15.47,19.83,66.0,32.29,6.384350873009287,2.68,1.7278287461773698,0.1689999999999999
36.5,16.3,20.2,21.0,63.7,6.384350873009287,2.68,2.0481141692150864,0.0897
36.4,16.2,20.2,21.2,68.39999999999999,6.384350873009287,2.68,2.041386340468909,0.0938
32.3,17.3,14.999999999999996,21.3,73.2,6.384350873009287,2.68,2.015800203873598,0.0982
31.1,17.3,13.8,21.5,77.9,6.384350873009287,2.68,2.010907237512742,0.0960999999999999
28.1,16.1,12.0,11.6,68.10000000000001,6.384350873009287,2.68,2.1170234454638126,0.085
27.5,16.3,11.2,11.7,72.89999999999999,6.384350873009287,2.68,2.082976554536188,0.0941
28.6,16.5,12.1,11.9,77.6,6.384350873009287,2.68,2.0573904179408764,0.0960999999999999
27.7,17.0,10.7,12.0,82.5,6.384350873009287,2.68,2.03710499490316,0.1009
29.4,16.3,13.099999999999998,12.2,87.2,6.384350873009287,2.68,1.999490316004077,0.1137
47.6,22.3,25.3,53.7,36.2,6.384350873009287,2.68,1.8400611620795104,0.1558
49.6,17.9,31.700000000000003,53.8,41.0,6.384350873009287,2.68,1.8406727828746168,0.1518
49.6,23.0,26.6,58.3,31.60000000000001,6.384350873009287,2.68,1.8184505606523955,0.1551
50.7,19.4,31.300000000000004,62.9,27.000000000000007,6.384350873009287,2.68,1.771559633027523,0.1639999999999999
52.3,24.4,27.9,67.7,27.200000000000003,6.384350873009287,2.68,1.7470948012232417,0.1767
54.3,25.1,29.2,72.4,22.5,6.384350873009287,2.68,1.7262996941896025,0.171
53.8,18.9,34.9,77.0,17.900000000000006,6.384350873009287,2.68,1.6992864424057086,0.1921
58.3,26.6,31.7,81.6,13.400000000000006,6.384350873009287,2.68,1.675433231396534,0.1914999999999999
47.4,20.8,26.6,43.9,31.1,6.384350873009287,2.68,1.9862385321100915,0.1141
43.4,19.4,24.0,34.7,40.3,6.384350873009287,2.68,2.0520897043832824,0.0917999999999999
39.4,18.0,21.4,25.4,49.50000000000001,6.384350873009287,2.68,2.1045871559633027,0.0874
35.4,16.6,18.8,16.1,58.7,6.384350873009287,2.68,2.108053007135576,0.0819
39.7,15.8,23.9,10.7,39.5,6.384350873009287,2.68,2.153516819571865,0.0748
41.0,15.8,25.2,10.6,34.7,6.384350873009287,2.68,2.177471967380224,0.084
42.3,15.8,26.5,10.4,30.0,6.384350873009287,2.68,2.152701325178389,0.0776
43.5,15.8,27.7,10.3,25.1,6.384350873009287,2.68,2.1363914373088684,0.0906
41.9,18.0,23.9,25.1,39.99999999999999,6.384350873009287,2.68,2.032619775739042,0.1026
39.9,17.3,22.6,20.4,44.6,6.384350873009287,2.68,2.065749235474006,0.0942
35.9,15.9,20.0,11.2,53.7,6.384350873009287,2.68,2.1137614678899084,0.0865
44.5,18.0,26.5,24.8,30.4,6.384350873009287,2.68,2.108256880733945,0.0839
42.5,17.3,25.2,20.2,35.0,6.384350873009287,2.68,2.104689092762487,0.0843999999999999
40.5,16.5,24.0,15.5,39.6,6.384350873009287,2.68,2.1395514780835883,0.083
48.1,21.6,26.5,48.7,31.3,6.384350873009287,2.68,1.8978593272171247,0.1245
49.0,23.2,25.8,53.5,31.40000000000001,6.384350873009287,2.68,1.854841997961264,0.135
36.3,14.4,21.9,65.0,28.08,6.384350873009287,2.68,1.7573904179408764,0.156
41.0,15.8,25.2,10.6,34.7,6.384350873009287,2.68,2.208868501529052,0.0755
43.0,16.5,26.5,15.2,30.1,6.384350873009287,2.68,2.159531090723751,0.0847
41.8,16.1,25.7,12.4,32.89,6.384350873009287,2.68,2.1271151885830784,0.0894
43.8,16.8,27.0,17.1,28.22,6.384350873009287,2.68,2.0766564729867483,0.0973
47.0,17.9,29.1,24.5,20.880000000000003,6.384350873009287,2.68,2.0809378185524974,0.084
49.0,18.7,30.3,29.2,16.209999999999997,6.384350873009287,2.68,1.9862385321100915,0.1128999999999999
43.1,21.6,21.5,49.3,50.400000000000006,6.384350873009287,2.68,1.8666666666666667,0.131
41.1,20.9,20.200000000000003,44.7,54.89999999999999,6.384350873009287,2.68,1.8779816513761465,0.1288
43.4,23.45,19.95,54.0,22.93,6.384350873009287,2.68,1.6972477064220182,0.1975
37.1,19.5,17.6,35.4,64.19999999999999,6.384350873009287,2.68,1.921406727828746,0.1163
33.1,18.1,15.0,26.1,73.4,6.384350873009287,2.68,1.9803261977573905,0.1125999999999999
29.1,16.6,12.5,16.8,82.60000000000001,6.384350873009287,2.68,1.9754332313965344,0.1144999999999999
57.2,19.8,37.400000000000006,62.8,22.200000000000003,6.384350873009287,2.68,1.7965341488277269,0.1571
50.8,23.0,27.8,58.1,26.9,6.384350873009287,2.68,1.841896024464832,0.153
46.8,21.6,25.2,48.9,36.00000000000001,6.384350873009287,2.68,1.8728848114169208,0.1405
32.9,16.6,16.299999999999997,16.4,68.30000000000001,6.384350873009287,2.68,2.092864424057084,0.1039
45.6,21.6,24.0,49.0,40.8,6.384350873009287,2.68,1.8839959225280325,0.1415
43.6,20.9,22.700000000000003,44.4,45.4,6.384350873009287,2.68,1.957186544342508,0.1278999999999999
39.6,19.5,20.1,35.1,54.6,6.384350873009287,2.68,1.9590214067278289,0.1075
54.2,25.28,28.92,79.5,19.27,6.384350873009287,2.68,1.5514780835881754,0.22
31.6,16.6,15.0,16.5,73.1,6.384350873009287,2.68,2.031498470948012,0.0963
50.0,22.0,28.0,63.1,31.7,6.384350873009287,2.68,1.806422018348624,0.1657999999999999
49.1,21.7,27.4,58.4,36.4,6.384350873009287,2.68,1.8285423037716613,0.1601
42.3,20.9,21.4,44.5,50.2,6.384350873009287,2.68,1.8900101936799183,0.1301999999999999
38.3,19.5,18.8,35.2,59.39999999999999,6.384350873009287,2.68,1.9267074413863403,0.1031
34.3,18.0,16.299999999999997,26.0,68.6,6.384350873009287,2.68,1.9747196738022423,0.1085
30.4,16.6,13.799999999999995,16.7,77.8,6.384350873009287,2.68,2.020387359836901,0.1042
36.25,18.72,17.53,55.0,44.95,6.384350873009287,2.68,1.8848114169215084,0.148
40.8,15.8,25.0,10.9,36.0,6.384350873009287,2.68,2.251070336391437,0.07
41.7,16.5,25.200000000000003,14.7,34.599999999999994,6.384350873009287,2.68,2.061671763506626,0.094
43.6,15.4,28.200000000000003,6.9,25.1,6.384350873009287,2.68,2.110907237512742,0.0732
54.3,19.6,34.7,67.3,12.799999999999995,6.384350873009287,2.68,1.8950050968399592,0.1536
54.1,23.7,30.4,62.6,17.499999999999993,6.384350873009287,2.68,1.813761467889908,0.1566
52.1,23.0,29.1,58.0,22.0,6.384350873009287,2.68,1.8411824668705403,0.1444
51.5,21.6,29.9,53.4,26.6,6.384350873009287,2.68,1.8864424057084608,0.1335
55.4,23.7,31.7,62.5,12.700000000000005,6.384350873009287,2.68,1.7952089704383285,0.168
50.0,23.8,26.2,57.9,17.199999999999996,6.384350873009287,2.68,1.8336391437308868,0.1629
35.2,20.48,14.720000000000002,54.0,33.65,6.384350873009287,2.68,1.91335372069317,0.143
51.4,22.3,29.1,53.2,21.89999999999999,6.384350873009287,2.68,1.8545361875637103,0.1463
49.4,21.6,27.8,48.6,26.5,6.384350873009287,2.68,1.8964322120285424,0.1329
45.4,20.1,25.3,39.3,35.7,6.384350873009287,2.68,1.9448521916411825,0.1248
41.4,18.7,22.7,30.0,44.900000000000006,6.384350873009287,2.68,2.033843017329256,0.1008
33.4,15.9,17.5,11.5,63.3,6.384350873009287,2.68,2.0981651376146786,0.0871
34.7,15.9,18.800000000000004,11.3,58.60000000000001,6.384350873009287,2.68,2.0779816513761467,0.0877999999999999
36.7,16.6,20.1,16.0,53.900000000000006,6.384350873009287,2.68,2.046687054026503,0.1009999999999999
38.7,17.3,21.4,20.6,49.3,6.384350873009287,2.68,1.96085626911315,0.0960999999999999
40.7,18.0,22.700000000000003,25.2,44.8,6.384350873009287,2.68,1.992354740061162,0.1124
47.0,23.77,23.23,54.0,38.97,6.384350873009287,2.68,1.825688073394496,0.168
42.7,18.7,24.000000000000004,29.9,40.1,6.384350873009287,2.68,1.979714576962284,0.1117
44.7,19.4,25.300000000000004,34.5,35.5,6.384350873009287,2.68,1.9488277268093777,0.1215
46.7,20.1,26.6,39.2,30.89999999999999,6.384350873009287,2.68,1.8747196738022425,0.1082
48.6,20.8,27.8,43.8,26.3,6.384350873009287,2.68,1.870030581039755,0.1399
50.6,21.5,29.1,48.4,21.7,6.384350873009287,2.68,1.8334352701325176,0.1506
52.6,22.3,30.3,53.1,17.1,6.384350873009287,2.68,1.818348623853211,0.1616
54.6,23.0,31.6,57.7,12.5,6.384350873009287,2.68,1.738124362895005,0.1813
37.2,15.8,21.4,11.0,49.0,6.384350873009287,2.68,2.124362895005097,0.0828
40.9,19.4,21.5,34.9,49.9,6.384350873009287,2.68,1.963302752293578,0.1113
37.4,17.3,20.1,20.7,54.2,6.384350873009287,2.68,2.063302752293578,0.0968
36.9,18.0,18.9,25.7,59.0,6.384350873009287,2.68,1.98868501529052,0.0988
34.7,15.4,19.300000000000004,11.3,58.60000000000001,6.384350873009287,2.68,2.07940876656473,0.092
30.4,16.2,14.2,13.8,75.8,6.384350873009287,2.68,2.0734964322120284,0.0923
31.7,16.2,15.5,13.6,71.0,6.384350873009287,2.68,2.051172273190622,0.095
32.9,16.2,16.7,13.5,66.2,6.384350873009287,2.68,2.090417940876657,0.0975
34.2,16.2,18.000000000000004,13.3,61.5,6.384350873009287,2.68,2.106523955147808,0.088
35.5,16.1,19.4,13.2,56.7,6.384350873009287,2.68,2.0782874617737,0.0926
29.9,16.9,13.0,18.7,80.7,6.384350873009287,2.68,2.008766564729868,0.0975999999999999
31.1,16.9,14.200000000000005,18.5,76.0,6.384350873009287,2.68,1.9992864424057084,0.0984
32.4,16.9,15.5,18.4,71.19999999999999,6.384350873009287,2.68,2.03802242609582,0.0921
33.7,16.9,16.800000000000004,18.2,66.5,6.384350873009287,2.68,2.041590214067278,0.0911999999999999
34.9,16.9,18.0,18.1,61.7,6.384350873009287,2.68,2.0642201834862384,0.1
36.2,16.9,19.300000000000004,18.0,56.8,6.384350873009287,2.68,2.084301732925586,0.0941
37.5,16.9,20.6,17.8,52.10000000000001,6.384350873009287,2.68,2.052395514780836,0.0953
31.9,17.6,14.299999999999995,23.3,76.2,6.384350873009287,2.68,1.9646279306829764,0.1059
34.9,20.04,14.86,49.0,38.54,6.384350873009287,2.68,1.8307849133537208,0.152
33.1,17.6,15.5,23.2,71.3,6.384350873009287,2.68,1.9890927624872576,0.0953999999999999
34.4,17.6,16.799999999999997,23.0,66.6,6.384350873009287,2.68,2.023241590214067,0.0984999999999999
35.7,17.6,18.1,22.9,61.8,6.384350873009287,2.68,2.021202854230377,0.0959
36.9,17.6,19.3,22.7,57.1,6.384350873009287,2.68,2.055555555555556,0.0917
38.2,17.6,20.6,22.6,52.3,6.384350873009287,2.68,2.0908256880733944,0.0902
39.5,17.6,21.9,22.4,47.50000000000001,6.384350873009287,2.68,2.0235474006116205,0.1036999999999999
33.9,18.3,15.599999999999998,28.0,71.5,6.384350873009287,2.68,1.953414882772681,0.1067
35.1,18.3,16.8,27.8,66.8,6.384350873009287,2.68,1.958919469928644,0.1084
36.4,18.3,18.1,27.7,62.0,6.384350873009287,2.68,2.03190621814475,0.0978999999999999
37.7,18.3,19.4,27.5,57.2,6.384350873009287,2.68,1.998776758409786,0.0994999999999999
34.0,16.2,17.8,67.0,20.67,6.384350873009287,2.68,1.7828746177370027,0.143
38.9,18.3,20.6,27.4,52.4,6.384350873009287,2.68,2.028440366972477,0.0987
40.2,18.3,21.9,27.2,47.7,6.384350873009287,2.68,2.0544342507645257,0.0851
41.5,18.3,23.2,27.1,42.9,6.384350873009287,2.68,2.0046890927624874,0.104
35.9,19.0,16.9,32.6,66.9,6.384350873009287,2.68,1.9374108053007133,0.1143
37.1,19.0,18.1,32.5,62.1,6.384350873009287,2.68,1.973598369011213,0.1018999999999999
38.4,19.0,19.4,32.3,57.400000000000006,6.384350873009287,2.68,2.006625891946993,0.1134
39.7,19.0,20.700000000000003,32.2,52.6,6.384350873009287,2.68,1.9996941896024465,0.107
40.9,19.0,21.9,32.0,47.900000000000006,6.384350873009287,2.68,1.98868501529052,0.1063
42.2,19.0,23.200000000000003,31.9,43.00000000000001,6.384350873009287,2.68,2.0127420998980634,0.1085999999999999
34.5,18.82,15.68,70.0,28.86,6.384350873009287,2.68,1.777777777777778,0.176
32.4,17.46,14.939999999999998,52.0,28.98,6.384350873009287,2.68,1.8134556574923544,0.165
32.1,17.99,14.110000000000005,54.0,38.4,6.384350873009287,2.68,1.7604485219164117,0.158
34.8,19.23,15.569999999999997,70.0,18.77,6.384350873009287,2.68,1.7716615698267073,0.152
33.7,18.04,15.660000000000004,75.0,24.66,6.384350873009287,2.68,1.748216106014271,0.161
33.5,20.45,13.05,49.0,32.4,6.384350873009287,2.68,1.7543323139653415,0.143
29.5,21.62,7.879999999999999,57.5,40.0,6.384350873009287,2.68,1.7981651376146788,0.136
32.45,17.79,14.660000000000004,51.0,47.22,6.384350873009287,2.68,1.8440366972477065,0.133
33.45,17.79,15.660000000000004,51.0,47.22,6.384350873009287,2.68,1.8440366972477065,0.133
34.4,16.76,17.639999999999997,64.0,35.95,6.384350873009287,2.68,1.7257900101936798,0.175
51.2,22.03,29.17,61.0,29.35,6.384350873009287,2.68,1.7176350662589197,0.193
31.55,16.6,14.95,72.0,26.79,6.384350873009287,2.68,1.8053007135575945,0.147
34.6,16.76,17.84,64.0,35.75,6.384350873009287,2.68,1.7257900101936798,0.175
31.55,16.6,14.95,83.3,15.49,6.384350873009287,2.68,1.8053007135575945,0.147
33.4,20.23,13.169999999999998,47.0,41.08,6.384350873009287,2.68,1.8318042813455653,0.1375
30.35,18.89,11.46,37.0,42.62,6.384350873009287,2.68,1.9123343527013248,0.124
29.45,17.55,11.9,52.0,33.73,6.384350873009287,2.68,1.90316004077472,0.123
31.35,14.21,17.14,61.0,31.38,6.384350873009287,2.68,1.8053007135575945,0.159
32.6,16.16,16.44,60.0,35.25,6.384350873009287,2.68,1.837920489296636,0.149
28.35,13.68,14.670000000000002,51.0,37.95,6.384350873009287,2.68,1.965341488277268,0.11
41.7,23.84,17.860000000000003,65.0,31.5,6.384350873009287,2.68,1.6595310907237513,0.198
51.3,28.64,22.66,60.0,21.78,6.384350873009287,2.68,1.7217125382262997,0.188
46.25,26.11,20.14,37.5,28.9,6.384350873009287,2.68,1.8093781855249744,0.148
39.2,25.15,14.050000000000004,41.5,26.7,6.384350873009287,2.68,1.6992864424057086,0.182
40.8,23.65,17.15,37.0,28.7,6.384350873009287,2.68,1.674821610601427,0.188
34.95,19.65,15.300000000000004,21.0,33.2,6.384350873009287,2.68,1.8695208970438328,0.142
33.2,15.8,17.400000000000002,34.0,27.79,6.384350873009287,2.68,1.892966360856269,0.129
37.8,20.36,17.439999999999998,32.5,32.66,6.384350873009287,2.68,1.7655453618756372,0.149
35.3,19.71,15.589999999999996,24.0,45.61,6.384350873009287,2.68,1.9011213047910287,0.131
39.9,19.69,20.21,36.0,25.22,6.384350873009287,2.68,1.747196738022426,0.185
28.2,15.0,13.2,13.0,19.9,6.384350873009287,2.68,2.09072375127421,0.076
27.6,17.5,10.1,38.0,25.81,6.384350873009287,2.68,1.921508664627931,0.122
55.15,28.04,27.11,75.0,23.35,6.384350873009287,2.68,1.4668705402650355,0.26
49.3,22.6,26.7,33.0,32.89,6.384350873009287,2.68,1.7359836901121306,0.182
40.2,26.0,14.200000000000005,40.0,28.64,6.384350873009287,2.68,1.788990825688073,0.1384999999999999
49.1,26.61,22.49,50.0,25.31,6.384350873009287,2.68,1.6880733944954127,0.204
50.9,26.13,24.77,45.0,17.25,6.384350873009287,2.68,1.6676860346585116,0.1939999999999999
53.0,29.84,23.16,60.0,36.48,6.384350873009287,2.68,1.640163098878695,0.1939999999999999
47.9,28.85,19.05,59.0,34.61,6.384350873009287,2.68,1.6676860346585116,0.18
49.35,28.41,20.94,74.0,24.24,6.384350873009287,2.68,1.670744138634047,0.2195
26.95,14.55,12.4,53.0,37.0,6.384350873009287,2.68,1.961264016309888,0.104
43.0,23.36,19.64,47.0,52.25,6.384350873009287,2.68,1.7584097859327217,0.1745
41.4,23.77,17.63,42.0,51.01,6.384350873009287,2.68,1.8114169215086644,0.1669999999999999
33.75,18.66,15.09,27.0,71.26,6.384350873009287,2.68,1.9449541284403664,0.1369999999999999
36.5,21.33,15.170000000000002,35.0,63.79,6.384350873009287,2.68,1.957186544342508,0.1344999999999999
38.2,22.85,15.35,42.0,57.35,6.384350873009287,2.68,1.839959225280326,0.162
48.8,25.87,22.93,37.0,51.14,6.384350873009287,2.68,1.7013251783893986,0.1785
50.6,24.02,26.58,48.0,47.47,6.384350873009287,2.68,1.6595310907237513,0.184
46.9,26.24,20.66,45.0,43.98,6.384350873009287,2.68,1.808358817533129,0.162
41.7,19.85,21.85,41.0,45.25,6.384350873009287,2.68,1.825688073394496,0.158
46.7,19.78,26.92,33.0,33.12,6.384350873009287,2.68,1.847094801223241,0.133
49.0,35.0,14.0,68.0,31.0,6.384350873009287,2.68,1.665920152,0.2
48.0,33.0,15.0,75.8,22.200000000000003,6.384350873009287,2.68,1.6018463,0.21
41.0,25.0,16.0,65.6,27.40000000000001,6.384350873009287,2.751,1.8036789338,0.16
41.0,25.0,16.0,65.6,27.40000000000001,6.384350873009287,2.751,1.8309103209,0.16
,,0.0,12.8,29.2,6.384350873009287,2.863,2.3835472944,0.06
,,0.0,12.8,29.2,6.384350873009287,2.863,2.3755380629,0.06
46.0,28.0,18.0,68.0,30.0,6.384350873009287,2.68,1.6450961501,0.2
51.0,34.0,17.0,72.3,24.700000000000003,6.384350873009287,2.68,1.6787349224,0.19
36.0,28.0,8.0,57.6,40.4,6.384350873009287,2.68,1.7508180059,0.16
45.0,25.0,20.0,73.0,26.0,6.384350873009287,2.732,1.746012467,0.18
42.0,28.0,14.0,66.4,31.599999999999994,6.384350873009287,2.68,1.7107718484,0.17
42.0,28.0,14.0,66.4,31.599999999999994,6.384350873009287,2.68,2.4155842204000004,0.04
42.0,24.0,18.0,65.9,28.099999999999994,6.384350873009287,2.752,1.7924660097,0.17
,,0.0,14.9,26.1,6.384350873009287,2.855,2.3691306777000003,0.05
40.0,25.0,15.0,62.9,33.1,6.384350873009287,2.71,1.7380032355,0.18
47.0,29.0,18.0,70.9,26.099999999999994,6.384350873009287,2.739,1.6851423076,0.19
25.0,19.0,6.0,7.3,34.7,6.384350873009287,2.695,2.210547894,0.06
25.0,19.0,6.0,7.3,34.7,6.384350873009287,2.695,2.194529431,0.06
25.0,15.0,10.0,22.2,70.8,6.384350873009287,2.694,2.034344801,0.1
25.0,15.0,10.0,22.2,70.8,6.384350873009287,2.694,2.0231318769,0.1
25.0,16.0,9.0,20.8,71.2,6.384350873009287,2.748,2.0743909585,0.08
25.0,16.0,9.0,20.8,71.2,6.384350873009287,2.748,2.0695854196,0.09
25.0,16.0,9.0,20.8,71.2,6.384350873009287,2.748,2.0375484936,0.09
24.0,18.0,6.0,8.6,37.4,6.384350873009287,2.708,2.226566357,0.06
24.0,18.0,6.0,8.6,37.4,6.384350873009287,2.708,2.2377792811,0.06
23.0,14.0,9.0,23.7,71.3,6.384350873009287,2.701,2.050363264,0.09
23.0,14.0,9.0,23.7,71.3,6.384350873009287,2.701,2.034344801,0.09
22.0,15.0,7.0,19.8,68.2,6.384350873009287,2.676,2.1528814272,0.06
22.0,15.0,7.0,19.8,68.2,6.384350873009287,2.676,2.1769091217,0.07
22.0,15.0,7.0,19.8,68.2,6.384350873009287,2.676,2.1176408086,0.07
25.0,16.0,9.0,7.7,37.3,6.384350873009287,2.713,2.210547894,0.06
25.0,16.0,9.0,7.7,37.3,6.384350873009287,2.713,2.2121497403,0.06
25.0,16.0,9.0,7.7,37.3,6.384350873009287,2.713,2.2089460477,0.06
30.0,18.0,12.0,60.7,23.3,6.384350873009287,2.68,1.826104782,0.16
14.0,12.0,2.0,11.3,44.7,6.384350873009287,2.68,2.306658672,0.05
45.0,18.0,27.0,50.8,27.200000000000003,6.384350873009287,2.665,1.858141708,0.14
45.0,18.0,27.0,50.8,27.200000000000003,6.384350873009287,2.665,1.7444106207,0.14
45.0,18.0,27.0,50.8,27.200000000000003,6.384350873009287,2.665,1.8036789338,0.14
45.0,18.0,27.0,50.8,27.200000000000003,6.384350873009287,2.665,1.681938615,0.15
18.0,14.0,4.0,11.1,33.9,6.384350873009287,2.798,2.3563159073,0.05
18.0,14.0,4.0,11.1,33.9,6.384350873009287,2.798,2.3899546796,0.05
18.0,14.0,4.0,11.1,33.9,6.384350873009287,2.798,2.322677135,0.07
35.0,18.0,17.0,69.2,25.8,6.384350873009287,2.68,1.746012467,0.17
17.0,14.0,3.0,19.1,44.9,6.384350873009287,2.68,2.306658672,0.06
37.0,14.0,23.0,59.0,22.0,6.384350873009287,2.736,1.8036789338,0.16
34.0,20.0,14.0,33.4,60.6,6.384350873009287,2.688,1.938234023,0.11
34.0,20.0,14.0,33.4,60.6,6.384350873009287,2.688,2.114437116,0.07
24.0,18.0,6.0,67.0,23.0,6.384350873009287,2.787,1.874160171,0.13
24.0,18.0,6.0,67.0,23.0,6.384350873009287,2.787,1.826104782,0.15
17.0,15.0,2.0,53.2,42.8,6.384350873009287,2.671,2.018326338,0.09
17.0,15.0,2.0,53.2,42.8,6.384350873009287,2.671,1.842123245,0.1
27.0,22.0,5.0,63.8,31.200000000000003,6.384350873009287,2.729,1.810086319,0.15
22.0,18.0,4.0,10.0,38.0,6.384350873009287,2.596,2.178510968,0.06
22.0,18.0,4.0,10.0,38.0,6.384350873009287,2.596,2.162492505,0.06
31.0,19.0,12.0,45.6,39.4,6.384350873009287,2.701,1.778049393,0.15
31.0,19.0,12.0,45.6,39.4,6.384350873009287,2.701,1.826104782,0.15
34.0,16.0,18.0,31.5,48.5,6.384350873009287,2.683,2.098418653,0.09
34.0,16.0,18.0,31.5,48.5,6.384350873009287,2.683,2.114437116,0.09
24.0,21.0,3.0,32.6,67.4,6.384350873009287,2.786,1.906197097,0.12
24.0,21.0,3.0,32.6,67.4,6.384350873009287,2.786,1.938234023,0.11
30.0,19.0,11.0,44.7,39.3,6.384350873009287,2.784,1.794067856,0.14
30.0,19.0,11.0,44.7,39.3,6.384350873009287,2.784,1.810086319,0.16
19.0,15.0,4.0,9.3,20.7,6.384350873009287,2.783,2.386750987,0.05
59.0,32.0,27.0,48.7,30.3,6.384350873009287,2.645,1.6018463,0.22
59.0,32.0,27.0,48.7,30.3,6.384350873009287,2.645,1.585827837,0.22
17.0,14.0,3.0,10.1,37.9,6.384350873009287,2.665,2.290640209,0.06
31.0,18.0,13.0,9.8,72.2,6.384350873009287,2.777,1.986289412,0.12
23.0,15.0,8.0,28.3,55.7,6.384350873009287,2.629,2.034344801,0.1
23.0,15.0,8.0,28.3,55.7,6.384350873009287,2.629,2.018326338,0.1
21.0,19.0,2.0,31.8,62.2,6.384350873009287,2.754,1.92221556,0.12
21.0,19.0,2.0,31.8,62.2,6.384350873009287,2.754,1.986289412,0.11
36.0,21.0,15.0,48.7,33.3,6.384350873009287,2.641,1.826104782,0.14
36.0,21.0,15.0,48.7,33.3,6.384350873009287,2.641,1.858141708,0.14
31.0,24.0,7.0,34.9,53.1,6.384350873009287,2.68,1.890178634,0.14
31.0,24.0,7.0,34.9,53.1,6.384350873009287,2.68,1.906197097,0.14
21.0,19.0,2.0,25.3,69.7,6.384350873009287,2.73,2.002307875,0.1
21.0,19.0,2.0,25.3,69.7,6.384350873009287,2.73,2.018326338,0.11
42.0,39.0,3.0,49.6,37.4,6.384350873009287,2.744,1.842123245,0.13
42.0,39.0,3.0,49.6,37.4,6.384350873009287,2.744,1.810086319,0.14
19.0,16.0,3.0,40.8,56.2,6.384350873009287,2.645,2.002307875,0.11
19.0,16.0,3.0,40.8,56.2,6.384350873009287,2.645,1.954252486,0.11
19.0,16.0,3.0,7.2,91.8,6.384350873009287,2.649,2.002307875,0.1
19.0,16.0,3.0,7.2,91.8,6.384350873009287,2.649,1.970270949,0.11
19.0,18.0,1.0,15.5,63.5,6.384350873009287,2.743,2.066381727,0.08
19.0,18.0,1.0,15.5,63.5,6.384350873009287,2.743,2.050363264,0.08
,,0.0,10.4,57.6,6.384350873009287,2.65,2.0487614177,0.07
,,0.0,10.6,88.4,6.384350873009287,2.661,1.8677527858,0.1
,,0.0,13.9,84.1,6.384350873009287,2.71,1.9430395619,0.09
,,0.0,13.9,84.1,6.384350873009287,2.71,1.9926967972,0.08
,,0.0,17.0,83.0,6.384350873009287,2.665,1.954252486,0.09
,,0.0,17.6,82.4,6.384350873009287,2.656,1.9286229452,0.09
,,0.0,10.8,87.2,6.384350873009287,2.67,1.8597435543,0.1
,,0.0,10.8,87.2,6.384350873009287,2.67,1.8517343228,0.1
,,0.0,12.0,83.0,6.384350873009287,2.67,1.9430395619,0.09
,,0.0,12.0,83.0,6.384350873009287,2.67,1.9013915581,0.09
,,0.0,12.0,83.0,6.384350873009287,2.67,1.810086319,0.1
25.0,23.0,2.0,17.8,25.2,6.384350873009287,2.856,2.3322882128,0.06
25.0,23.0,2.0,17.8,25.2,6.384350873009287,2.856,2.290640209,0.06
25.0,23.0,2.0,17.8,25.2,6.384350873009287,2.856,2.354714061,0.06
,,0.0,16.5,82.5,6.384350873009287,2.659,2.0055115676,0.08
,,0.0,16.5,82.5,6.384350873009287,2.659,1.9942986435,0.09
19.0,16.0,3.0,32.0,66.0,6.384350873009287,2.68,2.018326338,0.1
,,0.0,2.8,97.2,6.384350873009287,2.66,1.9926967972,0.09
,,0.0,2.8,97.2,6.384350873009287,2.66,2.0087152602,0.09
23.0,20.0,3.0,26.7,73.3,6.384350873009287,2.645,2.002307875,0.09
23.0,20.0,3.0,26.7,73.3,6.384350873009287,2.645,1.9574561786,0.1
23.0,20.0,3.0,26.7,73.3,6.384350873009287,2.645,2.018326338,0.1
,,0.0,16.1,68.9,6.384350873009287,2.676,2.002307875,0.08
,,0.0,16.1,68.9,6.384350873009287,2.676,2.0759928048,0.07
,,0.0,25.0,72.0,6.384350873009287,2.672,2.0359466473,0.09
,,0.0,25.0,72.0,6.384350873009287,2.672,1.9830857194,0.1
13.0,12.0,1.0,17.8,47.2,6.384350873009287,2.68,2.178510968,0.06
13.0,12.0,1.0,17.8,47.2,6.384350873009287,2.68,2.2089460477,0.06
,,0.0,4.1,80.9,6.384350873009287,2.68,1.8677527858,0.09
14.0,13.0,1.0,22.0,49.0,6.384350873009287,2.68,2.114437116,0.07
,,0.0,3.5,84.5,6.384350873009287,2.68,2.290640209,0.06
,,0.0,19.3,44.7,6.384350873009287,2.68,2.098418653,0.07
,,0.0,6.0,67.0,6.384350873009287,2.68,1.874160171,0.08
,,0.0,18.8,43.2,6.384350873009287,2.68,2.130455579,0.07
25.0,13.0,12.0,32.0,68.0,6.384350873009287,2.694,1.906197097,0.13
25.0,13.0,12.0,32.0,68.0,6.384350873009287,2.694,1.906197097,0.12
35.0,17.0,18.0,54.4,45.6,6.384350873009287,2.68,1.6771330761,0.17
19.0,14.0,5.0,20.7,79.3,6.384350873009287,2.68,2.0327429547,0.09
23.0,14.0,9.0,28.6,70.4,6.384350873009287,2.68,1.8997897118,0.12
21.0,13.0,8.0,26.6,73.4,6.384350873009287,2.68,2.0471595714,0.1
28.0,25.0,3.0,33.4,45.6,6.384350873009287,2.68,2.08240019,0.08
35.0,28.0,7.0,39.4,37.6,6.384350873009287,2.68,1.954252486,0.1
34.0,24.0,10.0,13.7,83.3,6.384350873009287,2.832,2.066381727,0.09
34.0,24.0,10.0,13.7,83.3,6.384350873009287,2.832,2.08240019,0.1
43.0,26.0,17.0,44.8,43.2,6.384350873009287,2.587,1.890178634,0.14
43.0,26.0,17.0,44.8,43.2,6.384350873009287,2.587,1.6018463,0.22
35.0,23.0,12.0,49.9,44.1,6.384350873009287,2.675,1.842123245,0.16
35.0,23.0,12.0,49.9,44.1,6.384350873009287,2.675,1.842123245,0.15
27.0,15.0,12.0,38.4,54.6,6.384350873009287,2.68,1.874160171,0.13
27.0,15.0,12.0,38.4,54.6,6.384350873009287,2.68,2.050363264,0.1
32.0,25.0,7.0,44.8,53.2,6.384350873009287,2.7,1.906197097,0.13
32.0,25.0,7.0,44.8,53.2,6.384350873009287,2.7,1.858141708,0.13
16.0,13.0,3.0,27.1,71.9,6.384350873009287,2.63,2.034344801,0.09
16.0,13.0,3.0,27.1,71.9,6.384350873009287,2.63,2.002307875,0.1
20.0,19.0,1.0,1.5,98.5,6.384350873009287,2.678,1.954252486,0.11
20.0,19.0,1.0,1.5,98.5,6.384350873009287,2.678,2.002307875,0.1
25.0,21.0,4.0,31.3,60.7,6.384350873009287,2.717,1.986289412,0.1
25.0,21.0,4.0,31.3,60.7,6.384350873009287,2.717,1.954252486,0.12
21.0,18.0,3.0,33.0,63.0,6.384350873009287,2.798,1.986289412,0.1
21.0,18.0,3.0,33.0,63.0,6.384350873009287,2.798,1.970270949,0.11
30.0,19.0,11.0,48.8,48.2,6.384350873009287,2.735,1.906197097,0.13
30.0,19.0,11.0,48.8,48.2,6.384350873009287,2.735,1.938234023,0.12
34.0,27.0,7.0,56.8,36.2,6.384350873009287,2.647,1.890178634,0.14
34.0,27.0,7.0,56.8,36.2,6.384350873009287,2.647,1.842123245,0.15
30.0,14.0,16.0,40.0,60.0,6.384350873009287,2.607,1.810086319,0.15
30.0,14.0,16.0,40.0,60.0,6.384350873009287,2.607,1.986289412,0.08
22.0,13.0,9.0,32.8,67.2,6.384350873009287,2.701,2.002307875,0.1
22.0,13.0,9.0,32.8,67.2,6.384350873009287,2.701,1.92221556,0.13
18.0,13.0,5.0,30.9,67.1,6.384350873009287,2.651,1.970270949,0.1
18.0,13.0,5.0,30.9,67.1,6.384350873009287,2.651,1.874160171,0.13
24.0,16.0,8.0,35.8,64.2,6.384350873009287,2.707,1.938234023,0.11
24.0,16.0,8.0,35.8,64.2,6.384350873009287,2.707,1.92221556,0.12
35.0,22.0,13.0,49.3,43.7,6.384350873009287,2.705,1.746012467,0.16
35.0,22.0,13.0,49.3,43.7,6.384350873009287,2.705,1.842123245,0.15
28.0,17.0,11.0,47.2,51.8,6.384350873009287,2.74,1.858141708,0.14
28.0,17.0,11.0,47.2,51.8,6.384350873009287,2.74,1.906197097,0.12
37.0,22.0,15.0,38.8,53.2,6.384350873009287,2.67,1.826104782,0.14
37.0,16.0,21.0,45.5,33.5,6.384350873009287,2.68,1.409624744,0.32
32.0,20.0,12.0,52.9,36.1,6.384350873009287,2.68,1.649901689,0.21
32.0,20.0,12.0,52.9,36.1,6.384350873009287,2.68,1.617864763,0.24
20.0,18.0,2.0,7.0,25.0,6.384350873009287,2.68,2.194529431,0.06
20.0,18.0,2.0,7.0,25.0,6.384350873009287,2.68,2.194529431,0.08
36.0,22.0,14.0,16.2,21.8,6.384350873009287,2.68,1.826104782,0.15
36.0,22.0,14.0,16.2,21.8,6.384350873009287,2.68,1.746012467,0.17
24.0,19.0,5.0,42.8,21.200000000000003,6.384350873009287,2.68,1.874160171,0.13
24.0,19.0,5.0,42.8,21.200000000000003,6.384350873009287,2.68,1.746012467,0.16
24.0,16.0,8.0,40.0,60.0,6.384350873009287,2.68,1.810086319,0.11
24.0,16.0,8.0,40.0,60.0,6.384350873009287,2.68,1.986289412,0.1
24.0,19.0,5.0,30.4,66.6,6.384350873009287,2.68,1.986289412,0.08
52.0,38.0,14.0,54.1,44.9,6.384350873009287,2.68,1.44166167,0.28
27.0,14.0,13.0,70.6,25.40000000000001,6.384350873009287,2.744,2.002307875,0.11
19.0,14.0,5.0,16.6,36.4,6.384350873009287,2.708,2.24258482,0.06
25.0,15.0,10.0,68.5,26.5,6.384350873009287,2.68,2.002307875,0.11
38.0,16.0,22.0,78.0,20.0,6.384350873009287,2.707,1.7668364689,0.17
18.0,14.0,4.0,14.9,30.1,6.384350873009287,2.718,2.274621746,0.07
33.0,14.0,19.0,73.2,24.8,6.384350873009287,2.735,1.890178634,0.13
20.0,15.0,5.0,18.1,35.9,6.384350873009287,2.717,2.2457885126,0.07
21.0,13.0,8.0,64.1,32.900000000000006,6.384350873009287,2.68,2.002307875,0.11
23.0,13.0,10.0,58.5,37.5,6.384350873009287,2.68,2.018326338,0.09
31.0,18.0,13.0,53.8,27.200000000000003,6.384350873009287,2.68,1.874160171,0.12
31.0,18.0,13.0,53.8,27.200000000000003,6.384350873009287,2.68,1.92221556,0.12
30.0,20.0,10.0,89.9,10.099999999999994,6.384350873009287,2.68,1.778049393,0.14
25.0,16.0,9.0,62.5,26.5,6.384350873009287,2.68,1.874160171,0.13
25.0,16.0,9.0,62.5,26.5,6.384350873009287,2.68,1.92221556,0.1
45.0,20.0,25.0,92.9,7.099999999999994,6.384350873009287,2.68,1.713975541,0.18
37.0,17.0,20.0,86.9,12.099999999999994,6.384350873009287,2.68,1.76203093,0.17
37.0,17.0,20.0,86.9,12.099999999999994,6.384350873009287,2.68,1.746012467,0.18
31.0,21.0,10.0,84.3,14.700000000000005,6.384350873009287,2.68,1.697957078,0.18
31.0,21.0,10.0,84.3,14.700000000000005,6.384350873009287,2.68,1.746012467,0.16
35.0,19.0,16.0,91.6,8.400000000000006,6.384350873009287,2.68,1.746012467,0.16
35.0,19.0,16.0,91.6,8.400000000000006,6.384350873009287,2.68,1.729994004,0.18
30.0,17.0,13.0,68.5,29.5,6.384350873009287,2.68,1.794067856,0.15
25.0,16.0,9.0,81.3,16.700000000000003,6.384350873009287,2.68,1.874160171,0.14
25.0,16.0,9.0,81.3,16.700000000000003,6.384350873009287,2.68,1.92221556,0.12
28.0,17.0,11.0,75.1,20.90000000000001,6.384350873009287,2.68,1.874160171,0.12
28.0,17.0,11.0,75.1,20.90000000000001,6.384350873009287,2.68,1.794067856,0.14
21.0,15.0,6.0,54.0,38.0,6.384350873009287,2.68,1.954252486,0.11
21.0,15.0,6.0,54.0,38.0,6.384350873009287,2.68,1.826104782,0.12
33.0,18.0,15.0,88.7,10.299999999999995,6.384350873009287,2.68,1.810086319,0.15
33.0,18.0,15.0,88.7,10.299999999999995,6.384350873009287,2.68,1.794067856,0.15
41.0,23.0,18.0,89.3,5.700000000000003,6.384350873009287,2.68,1.665920152,0.19
41.0,23.0,18.0,89.3,5.700000000000003,6.384350873009287,2.68,1.665920152,0.17
15.0,12.0,3.0,16.4,33.6,6.384350873009287,2.68,2.290640209,0.05
15.0,12.0,3.0,16.4,33.6,6.384350873009287,2.68,2.322677135,0.05
16.0,13.0,3.0,16.6,36.4,6.384350873009287,2.68,2.306658672,0.06
16.0,13.0,3.0,16.6,36.4,6.384350873009287,2.68,2.322677135,0.05
25.0,19.0,6.0,64.9,29.099999999999994,6.384350873009287,2.68,1.842123245,0.12
25.0,19.0,6.0,64.9,29.099999999999994,6.384350873009287,2.68,1.906197097,0.14
25.0,16.0,9.0,76.8,21.200000000000003,6.384350873009287,2.68,1.906197097,0.12
15.0,14.0,1.0,12.9,45.1,6.384350873009287,2.68,2.226566357,0.06
15.0,14.0,1.0,12.9,45.1,6.384350873009287,2.68,2.210547894,0.07
19.0,13.0,6.0,43.9,50.1,6.384350873009287,2.71,2.0791964974000003,0.08
17.0,14.0,3.0,40.8,53.2,6.384350873009287,2.709,2.0775946511,0.09
17.0,14.0,3.0,40.8,53.2,6.384350873009287,2.709,2.0904094215,0.08
16.0,12.0,4.0,43.2,50.8,6.384350873009287,2.705,2.1016223456,0.08
16.0,12.0,4.0,43.2,50.8,6.384350873009287,2.705,2.0791964974000003,0.08
35.0,20.0,15.0,93.2,5.799999999999997,6.384350873009287,2.68,1.778049393,0.14
35.0,20.0,15.0,93.2,5.799999999999997,6.384350873009287,2.68,1.842123245,0.13
20.0,16.0,4.0,67.6,32.400000000000006,6.384350873009287,2.68,1.938234023,0.11
20.0,16.0,4.0,67.6,32.400000000000006,6.384350873009287,2.68,1.906197097,0.12
31.0,19.0,12.0,78.0,18.0,6.384350873009287,2.68,1.746012467,0.18
31.0,19.0,12.0,78.0,18.0,6.384350873009287,2.68,1.649901689,0.2
22.0,15.0,7.0,50.2,40.8,6.384350873009287,2.68,2.034344801,0.1
22.0,15.0,7.0,50.2,40.8,6.384350873009287,2.68,1.890178634,0.14
30.0,16.0,14.0,62.0,32.0,6.384350873009287,2.68,1.874160171,0.12
30.0,16.0,14.0,62.0,32.0,6.384350873009287,2.68,1.858141708,0.13
19.0,13.0,6.0,40.8,55.2,6.384350873009287,2.68,2.002307875,0.1
19.0,13.0,6.0,40.8,55.2,6.384350873009287,2.68,2.002307875,0.09
27.0,16.0,11.0,64.3,29.700000000000003,6.384350873009287,2.68,1.938234023,0.12
37.0,20.0,17.0,97.7,1.2999999999999972,6.384350873009287,2.68,1.713975541,0.16
37.0,20.0,17.0,97.7,1.2999999999999972,6.384350873009287,2.68,1.665920152,0.17
26.0,15.0,11.0,65.0,31.0,6.384350873009287,2.68,1.92221556,0.12
26.0,15.0,11.0,65.0,31.0,6.384350873009287,2.68,1.890178634,0.13
20.0,16.0,4.0,64.8,34.2,6.384350873009287,2.68,1.92221556,0.1
20.0,16.0,4.0,64.8,34.2,6.384350873009287,2.68,1.858141708,0.12
22.0,15.0,7.0,56.7,36.3,6.384350873009287,2.68,2.034344801,0.11
22.0,15.0,7.0,56.7,36.3,6.384350873009287,2.68,2.098418653,0.09
45.0,27.0,18.0,90.0,8.0,6.384350873009287,2.68,1.746012467,0.18
45.0,27.0,18.0,90.0,8.0,6.384350873009287,2.68,1.858141708,0.16
17.0,13.0,4.0,10.4,45.6,6.384350873009287,2.68,2.210547894,0.06
17.0,13.0,4.0,10.4,45.6,6.384350873009287,2.68,2.24258482,0.06
27.0,15.0,12.0,37.7,54.3,6.384350873009287,2.68,1.842123245,0.15
27.0,15.0,12.0,37.7,54.3,6.384350873009287,2.68,1.826104782,0.13
28.0,21.0,7.0,91.5,5.5,6.384350873009287,2.68,1.746012467,0.16
28.0,21.0,7.0,91.5,5.5,6.384350873009287,2.68,1.778049393,0.16
25.0,16.0,9.0,72.1,23.90000000000001,6.384350873009287,2.68,1.92221556,0.13
25.0,16.0,9.0,72.1,23.90000000000001,6.384350873009287,2.68,1.890178634,0.13
35.0,13.0,22.0,61.1,37.9,6.384350873009287,2.68,1.92221556,0.12
38.0,16.0,22.0,93.3,5.700000000000003,6.384350873009287,2.705,1.778049393,0.17
38.0,16.0,22.0,93.3,5.700000000000003,6.384350873009287,2.705,1.697957078,0.18
38.0,16.0,22.0,93.3,5.700000000000003,6.384350873009287,2.705,1.681938615,0.18
30.0,11.0,19.0,57.1,30.9,6.384350873009287,2.729,1.938234023,0.12
15.0,11.0,4.0,10.2,37.8,6.384350873009287,2.723,2.258603283,0.06
32.0,11.0,21.0,69.7,29.3,6.384350873009287,2.719,1.938234023,0.12
31.0,12.0,19.0,63.0,34.0,6.384350873009287,2.724,1.954252486,0.1
30.0,14.0,16.0,64.5,34.5,6.384350873009287,2.68,1.970270949,0.12
35.0,9.0,26.0,65.2,32.8,6.384350873009287,2.735,1.906197097,0.13
32.0,14.0,18.0,59.6,38.4,6.384350873009287,2.68,1.970270949,0.11
33.0,14.0,19.0,52.3,45.7,6.384350873009287,2.68,1.970270949,0.12
39.0,17.0,22.0,93.1,6.900000000000006,6.384350873009287,2.727,1.9077989433,0.13
29.0,11.0,18.0,59.8,35.2,6.384350873009287,2.725,2.0119189528,0.1
14.0,12.0,2.0,9.4,31.6,6.384350873009287,2.722,2.210547894,0.06
37.0,13.0,24.0,57.3,41.7,6.384350873009287,2.68,1.874160171,0.13
34.0,9.0,25.0,57.2,37.8,6.384350873009287,2.722,1.9766783342,0.11
,,0.0,9.8,39.2,6.384350873009287,2.721,2.178510968,0.07
34.0,13.0,21.0,60.1,37.9,6.384350873009287,2.68,1.92221556,0.12
32.0,20.0,12.0,90.0,10.0,6.384350873009287,2.672,1.778049393,0.14
32.0,20.0,12.0,90.0,10.0,6.384350873009287,2.672,1.76203093,0.16
32.0,11.0,21.0,59.8,38.2,6.384350873009287,2.722,1.954252486,0.11
34.0,15.0,19.0,64.8,33.2,6.384350873009287,2.68,1.826104782,0.14
35.0,15.0,20.0,62.8,36.2,6.384350873009287,2.68,1.858141708,0.13
34.0,16.0,18.0,74.6,24.40000000000001,6.384350873009287,2.68,1.778049393,0.15
37.0,15.0,22.0,59.5,38.5,6.384350873009287,2.68,1.810086319,0.15
43.0,17.0,26.0,68.5,29.5,6.384350873009287,2.715,1.858141708,0.14
43.0,17.0,26.0,68.5,29.5,6.384350873009287,2.715,1.778049393,0.15
36.0,15.0,21.0,69.2,28.8,6.384350873009287,2.706,1.810086319,0.15
36.0,15.0,21.0,69.2,28.8,6.384350873009287,2.706,1.858141708,0.14
35.0,18.0,17.0,56.6,41.4,6.384350873009287,2.719,1.826104782,0.15
33.0,15.0,18.0,76.6,21.40000000000001,6.384350873009287,2.718,1.794067856,0.16
33.0,15.0,18.0,73.4,24.599999999999994,6.384350873009287,2.733,1.858141708,0.15
33.0,15.0,18.0,73.4,24.599999999999994,6.384350873009287,2.733,1.810086319,0.14
32.0,12.0,20.0,65.4,32.599999999999994,6.384350873009287,2.714,1.906197097,0.13
32.0,15.0,17.0,64.2,31.8,6.384350873009287,2.707,1.906197097,0.13
34.0,13.0,21.0,62.9,35.1,6.384350873009287,2.68,1.858141708,0.14
31.0,14.0,17.0,62.5,35.5,6.384350873009287,2.68,1.858141708,0.13
34.0,15.0,19.0,63.7,33.3,6.384350873009287,2.731,1.890178634,0.13
33.0,15.0,18.0,64.9,32.099999999999994,6.384350873009287,2.703,1.890178634,0.13
33.0,15.0,18.0,64.9,32.099999999999994,6.384350873009287,2.703,1.842123245,0.13
33.0,14.0,19.0,61.2,35.8,6.384350873009287,2.705,1.858141708,0.13
33.0,14.0,19.0,61.2,35.8,6.384350873009287,2.705,1.890178634,0.13
,,0.0,6.8,33.2,6.384350873009287,2.681,2.0439558788,0.1
34.0,16.0,18.0,57.1,39.9,6.384350873009287,2.68,1.890178634,0.13
18.0,17.0,1.0,10.5,53.5,6.384350873009287,2.793,2.3018531331,0.06
26.0,16.0,10.0,48.0,48.0,6.384350873009287,2.68,1.938234023,0.12
28.0,15.0,13.0,50.9,46.1,6.384350873009287,2.68,1.890178634,0.12
18.0,15.0,3.0,10.3,51.7,6.384350873009287,2.798,2.2826309775,0.06
26.0,13.0,13.0,46.9,50.1,6.384350873009287,2.68,1.970270949,0.12
26.0,13.0,13.0,44.4,53.6,6.384350873009287,2.68,1.954252486,0.11
27.0,13.0,14.0,39.6,58.4,6.384350873009287,2.68,1.938234023,0.12
39.0,21.0,18.0,54.3,45.7,6.384350873009287,2.68,1.681938615,0.13
32.0,13.0,19.0,45.0,53.0,6.384350873009287,2.68,1.890178634,0.11
30.0,15.0,15.0,65.0,33.0,6.384350873009287,2.68,1.906197097,0.12
30.0,15.0,15.0,65.0,33.0,6.384350873009287,2.68,1.890178634,0.13
30.0,15.0,15.0,62.3,35.7,6.384350873009287,2.68,1.954252486,0.1
30.0,15.0,15.0,62.3,35.7,6.384350873009287,2.68,1.906197097,0.11
27.0,13.0,14.0,41.9,56.1,6.384350873009287,2.68,2.066381727,0.07
27.0,13.0,14.0,41.9,56.1,6.384350873009287,2.68,1.954252486,0.09
29.0,14.0,15.0,58.0,39.0,6.384350873009287,2.68,1.874160171,0.12
30.0,14.0,16.0,57.7,40.3,6.384350873009287,2.68,1.890178634,0.13
16.0,14.0,2.0,16.0,60.0,6.384350873009287,2.68,2.24258482,0.06
16.0,14.0,2.0,16.0,60.0,6.384350873009287,2.68,2.210547894,0.07
22.0,16.0,6.0,43.5,49.5,6.384350873009287,2.68,2.018326338,0.09
22.0,16.0,6.0,43.5,49.5,6.384350873009287,2.68,1.938234023,0.12
17.0,14.0,3.0,31.5,58.5,6.384350873009287,2.68,2.098418653,0.08
17.0,14.0,3.0,31.5,58.5,6.384350873009287,2.68,2.08240019,0.08
36.0,17.0,19.0,57.4,41.6,6.384350873009287,2.68,1.842123245,0.13
36.0,17.0,19.0,57.4,41.6,6.384350873009287,2.68,1.874160171,0.12
38.0,21.0,17.0,63.2,34.8,6.384350873009287,2.68,1.76203093,0.16
38.0,21.0,17.0,63.2,34.8,6.384350873009287,2.68,1.794067856,0.14
26.0,22.0,4.0,98.2,1.7999999999999972,6.384350873009287,2.68,1.826104782,0.14
26.0,22.0,4.0,98.2,1.7999999999999972,6.384350873009287,2.68,1.778049393,0.15
24.0,15.0,9.0,56.2,38.8,6.384350873009287,2.68,2.066381727,0.1
24.0,15.0,9.0,56.2,38.8,6.384350873009287,2.68,2.034344801,0.11
17.0,15.0,2.0,9.5,36.5,6.384350873009287,2.68,2.24258482,0.06
16.0,14.0,2.0,8.8,35.2,6.384350873009287,2.68,2.274621746,0.06
25.0,15.0,10.0,43.2,56.8,6.384350873009287,2.666,1.874160171,0.13
,,0.0,27.8,72.2,6.384350873009287,2.657,1.954252486,0.12
16.0,14.0,2.0,6.4,21.6,6.384350873009287,2.68,2.258603283,0.06
25.0,15.0,10.0,38.0,62.0,6.384350873009287,2.681,1.9126044822,0.11
20.0,17.0,3.0,24.8,75.2,6.384350873009287,2.669,1.9206137137,0.11
20.0,17.0,3.0,24.8,75.2,6.384350873009287,2.669,1.890178634,0.13
20.0,17.0,3.0,24.8,75.2,6.384350873009287,2.669,1.9366321767,0.11
16.0,14.0,2.0,8.8,27.2,6.384350873009287,2.68,2.306658672,0.05
21.0,18.0,3.0,24.3,75.7,6.384350873009287,2.663,1.9366321767,0.11
21.0,18.0,3.0,22.0,74.0,6.384350873009287,2.668,2.0519651103,0.1
,,0.0,12.7,31.3,6.384350873009287,2.688,2.2089460477,0.06
,,0.0,12.7,31.3,6.384350873009287,2.688,2.226566357,0.06
22.0,17.0,5.0,28.8,71.2,6.384350873009287,2.666,1.794067856,0.1
22.0,17.0,5.0,28.8,71.2,6.384350873009287,2.666,1.9286229452,0.11
32.0,14.0,18.0,57.3,42.7,6.384350873009287,2.676,1.7556235448,0.16
32.0,14.0,18.0,57.3,42.7,6.384350873009287,2.676,1.697957078,0.16
,,0.0,35.2,63.8,6.384350873009287,2.66,1.8389195524,0.16
,,0.0,35.2,63.8,6.384350873009287,2.66,1.7876604708,0.17
47.0,16.0,31.0,92.1,7.900000000000006,6.384350873009287,2.68,1.633883226,0.19
47.0,16.0,31.0,92.1,7.900000000000006,6.384350873009287,2.68,1.633883226,0.2
19.0,16.0,3.0,9.7,32.3,6.384350873009287,2.68,2.08240019,0.08
19.0,16.0,3.0,9.7,32.3,6.384350873009287,2.68,2.066381727,0.09
18.0,16.0,2.0,12.7,36.3,6.384350873009287,2.68,2.098418653,0.07
18.0,16.0,2.0,12.7,36.3,6.384350873009287,2.68,2.050363264,0.09
42.0,15.0,27.0,62.5,34.5,6.384350873009287,2.68,1.810086319,0.13
42.0,15.0,27.0,62.5,34.5,6.384350873009287,2.68,1.826104782,0.14
19.0,16.0,3.0,11.0,25.0,6.384350873009287,2.68,2.114437116,0.08
19.0,16.0,3.0,11.0,25.0,6.384350873009287,2.68,2.08240019,0.08
47.0,18.0,29.0,86.9,12.099999999999994,6.384350873009287,2.68,1.633883226,0.19
47.0,18.0,29.0,86.9,12.099999999999994,6.384350873009287,2.68,1.649901689,0.19
40.0,14.0,26.0,78.1,21.90000000000001,6.384350873009287,2.68,1.778049393,0.16
40.0,14.0,26.0,78.1,21.90000000000001,6.384350873009287,2.68,1.76203093,0.16
48.0,15.0,33.0,90.1,9.900000000000006,6.384350873009287,2.69,1.7235866188,0.18
36.0,19.0,17.0,64.0,23.0,6.384350873009287,2.681,1.9318266378,0.13
23.0,16.0,7.0,9.3,35.7,6.384350873009287,2.633,2.1048260382,0.08
35.0,14.0,21.0,77.6,13.400000000000006,6.384350873009287,2.68,1.826104782,0.13
35.0,14.0,21.0,77.6,13.400000000000006,6.384350873009287,2.68,1.778049393,0.15
37.0,16.0,21.0,93.2,6.799999999999997,6.384350873009287,2.68,1.76203093,0.17
37.0,16.0,21.0,93.2,6.799999999999997,6.384350873009287,2.68,1.746012467,0.17
45.0,16.0,29.0,75.7,20.3,6.384350873009287,2.691,1.842123245,0.14
56.0,42.0,14.0,93.5,6.5,6.384350873009287,2.68,1.6018463,0.2
56.0,42.0,14.0,93.5,6.5,6.384350873009287,2.68,1.569809374,0.22
50.0,14.0,36.0,92.1,6.900000000000006,6.384350873009287,2.717,1.6691238446,0.19
38.0,15.0,23.0,72.8,24.200000000000003,6.384350873009287,2.694,1.906197097,0.13
24.0,16.0,8.0,13.9,28.1,6.384350873009287,2.623,2.050363264,0.08
37.0,14.0,23.0,76.9,21.099999999999994,6.384350873009287,2.68,1.778049393,0.15
37.0,14.0,23.0,76.9,21.099999999999994,6.384350873009287,2.68,1.76203093,0.17
46.0,19.0,27.0,84.7,14.299999999999995,6.384350873009287,2.68,1.665920152,0.18
46.0,19.0,27.0,84.7,14.299999999999995,6.384350873009287,2.68,1.649901689,0.19
24.0,20.0,4.0,61.9,30.1,6.384350873009287,2.68,1.906197097,0.13
24.0,20.0,4.0,61.9,30.1,6.384350873009287,2.68,1.842123245,0.15
21.0,18.0,3.0,31.7,68.3,6.384350873009287,2.68,1.92221556,0.12
21.0,18.0,3.0,31.7,68.3,6.384350873009287,2.68,1.906197097,0.12
31.0,18.0,13.0,72.6,27.40000000000001,6.384350873009287,2.68,1.76203093,0.15
31.0,18.0,13.0,72.6,27.40000000000001,6.384350873009287,2.68,1.906197097,0.12
48.0,23.0,25.0,91.4,7.599999999999994,6.384350873009287,2.68,1.6018463,0.22
33.0,22.0,11.0,93.3,6.700000000000003,6.384350873009287,2.68,1.665920152,0.2
33.0,22.0,11.0,93.3,6.700000000000003,6.384350873009287,2.68,1.617864763,0.21
31.0,20.0,11.0,84.3,15.700000000000005,6.384350873009287,2.68,1.76203093,0.15
40.0,20.0,20.0,82.8,14.200000000000005,6.384350873009287,2.68,1.713975541,0.18
23.0,17.0,6.0,21.5,43.5,6.384350873009287,2.68,2.178510968,0.08
23.0,17.0,6.0,21.5,43.5,6.384350873009287,2.68,2.194529431,0.07
21.0,16.0,5.0,45.3,54.7,6.384350873009287,2.68,1.938234023,0.11
28.0,20.0,8.0,55.1,22.9,6.384350873009287,2.68,1.858141708,0.14
39.0,20.0,19.0,87.2,9.799999999999995,6.384350873009287,2.68,1.649901689,0.2
32.0,20.0,12.0,83.9,16.099999999999994,6.384350873009287,2.68,1.778049393,0.16
32.0,20.0,12.0,83.9,16.099999999999994,6.384350873009287,2.68,1.906197097,0.12
45.0,19.0,26.0,69.7,29.3,6.384350873009287,2.68,1.713975541,0.19
45.0,19.0,26.0,69.7,29.3,6.384350873009287,2.68,1.537772448,0.23
28.0,16.0,12.0,58.2,41.8,6.384350873009287,2.68,1.874160171,0.12
28.0,16.0,12.0,58.2,41.8,6.384350873009287,2.68,1.890178634,0.12
44.0,19.0,25.0,88.2,10.799999999999995,6.384350873009287,2.68,1.649901689,0.18
44.0,19.0,25.0,88.2,10.799999999999995,6.384350873009287,2.68,1.6018463,0.2
24.0,14.0,10.0,16.6,72.4,6.384350873009287,2.68,2.162492505,0.06
32.0,19.0,13.0,73.9,25.099999999999994,6.384350873009287,2.68,1.858141708,0.13
32.0,19.0,13.0,73.9,25.099999999999994,6.384350873009287,2.68,1.826104782,0.14
24.0,16.0,8.0,14.6,79.4,6.384350873009287,2.68,2.210547894,0.05
24.0,16.0,8.0,14.6,79.4,6.384350873009287,2.68,2.210547894,0.06
36.0,25.0,11.0,79.4,7.599999999999994,6.384350873009287,2.68,1.938234023,0.12
36.0,25.0,11.0,79.4,7.599999999999994,6.384350873009287,2.68,1.970270949,0.11
45.0,24.0,21.0,83.8,11.200000000000005,6.384350873009287,2.68,1.585827837,0.21
45.0,24.0,21.0,83.8,11.200000000000005,6.384350873009287,2.68,1.649901689,0.17
36.0,22.0,14.0,51.8,17.200000000000003,6.384350873009287,2.68,1.810086319,0.14
45.0,22.0,23.0,77.2,18.8,6.384350873009287,2.68,1.633883226,0.22
45.0,22.0,23.0,77.2,18.8,6.384350873009287,2.68,1.553790911,0.25
53.0,25.0,28.0,86.8,11.200000000000005,6.384350873009287,2.68,1.537772448,0.22
53.0,25.0,28.0,86.8,11.200000000000005,6.384350873009287,2.68,1.617864763,0.21
20.0,17.0,3.0,17.8,51.2,6.384350873009287,2.68,2.08240019,0.09
37.0,18.0,19.0,92.1,6.900000000000006,6.384350873009287,2.68,1.729994004,0.15
25.0,20.0,5.0,84.5,13.5,6.384350873009287,2.681,1.858141708,0.12
,,0.0,21.8,45.2,6.384350873009287,2.68,2.034344801,0.08
30.0,17.0,13.0,95.7,4.299999999999997,6.384350873009287,2.68,1.810086319,0.13
23.0,18.0,5.0,90.7,8.299999999999997,6.384350873009287,2.68,1.858141708,0.12
44.0,18.0,26.0,96.5,3.5,6.384350873009287,2.68,1.746012467,0.15
23.0,19.0,4.0,91.3,7.700000000000003,6.384350873009287,2.68,1.858141708,0.11
25.0,19.0,6.0,87.3,12.700000000000005,6.384350873009287,2.68,1.906197097,0.11
25.0,19.0,6.0,87.3,12.700000000000005,6.384350873009287,2.68,1.826104782,0.11
,,0.0,13.8,36.2,6.384350873009287,2.68,2.098418653,0.08
18.0,15.0,3.0,18.5,39.5,6.384350873009287,2.615,2.050363264,0.08
44.0,22.0,22.0,93.3,5.700000000000003,6.384350873009287,2.68,1.794067856,0.14
47.0,17.0,30.0,99.0,1.0,6.384350873009287,2.68,1.746012467,0.14
59.0,18.0,41.0,98.0,2.0,6.384350873009287,2.68,1.649901689,0.18
59.0,18.0,41.0,98.0,2.0,6.384350873009287,2.68,1.617864763,0.2
59.0,18.0,41.0,98.0,2.0,6.384350873009287,2.68,1.617864763,0.19
52.0,28.0,24.0,92.0,8.0,6.384350873009287,2.68,1.746012467,0.16
22.0,14.0,8.0,58.6,41.4,6.384350873009287,2.676,2.066381727,0.09
22.0,14.0,8.0,58.6,41.4,6.384350873009287,2.676,2.098418653,0.08
,,0.0,6.6,51.4,6.384350873009287,2.716,2.1753072754,0.06
,,0.0,8.0,49.0,6.384350873009287,2.733,2.098418653,0.06
,,0.0,7.9,44.1,6.384350873009287,2.722,2.1865201995,0.06
,,0.0,7.2,44.8,6.384350873009287,2.729,2.1865201995,0.07
,,0.0,7.2,66.8,6.384350873009287,2.735,2.1192426549000003,0.07
42.0,37.0,5.0,71.9,27.099999999999994,6.384350873009287,2.781,1.5666056814,0.2
,,0.0,46.7,49.3,6.384350873009287,2.751,1.5634019888,0.22
16.0,14.0,2.0,9.1,40.9,6.384350873009287,2.734,2.2826309775,0.06
33.0,30.0,3.0,73.7,25.3,6.384350873009287,2.774,1.6434943037999998,0.18
,,0.0,53.3,44.7,6.384350873009287,2.752,1.5810222981000002,0.22
,,0.0,11.4,45.6,6.384350873009287,2.729,2.24258482,0.06
32.0,31.0,1.0,47.8,47.2,6.384350873009287,2.756,1.7380032355,0.15
,,0.0,39.8,55.2,6.384350873009287,2.716,1.6274758408,0.19
16.0,15.0,1.0,11.5,44.5,6.384350873009287,2.731,2.2682143608,0.06
40.0,35.0,5.0,95.9,3.0999999999999943,6.384350873009287,2.647,1.649901689,0.18
40.0,35.0,5.0,95.9,3.0999999999999943,6.384350873009287,2.647,1.473698596,0.24
22.0,13.0,9.0,67.1,29.90000000000001,6.384350873009287,2.68,2.050363264,0.1
22.0,13.0,9.0,57.5,37.5,6.384350873009287,2.68,2.018326338,0.1
17.0,14.0,3.0,8.7,26.3,6.384350873009287,2.668,2.290640209,0.06
28.0,16.0,12.0,67.7,29.3,6.384350873009287,2.68,1.92221556,0.13
29.0,17.0,12.0,66.6,30.40000000000001,6.384350873009287,2.68,1.970270949,0.11
23.0,14.0,9.0,67.7,29.3,6.384350873009287,2.68,2.002307875,0.11
25.0,14.0,11.0,64.9,31.099999999999994,6.384350873009287,2.68,1.986289412,0.1
24.0,14.0,10.0,61.2,33.8,6.384350873009287,2.68,2.002307875,0.11
29.0,14.0,15.0,64.0,29.0,6.384350873009287,2.68,1.858141708,0.13
29.0,14.0,15.0,64.0,29.0,6.384350873009287,2.68,1.890178634,0.13
26.0,15.0,11.0,71.0,25.0,6.384350873009287,2.68,1.938234023,0.12
26.0,15.0,11.0,71.0,25.0,6.384350873009287,2.68,1.954252486,0.12
25.0,15.0,10.0,64.7,33.3,6.384350873009287,2.68,1.954252486,0.11
25.0,15.0,10.0,64.7,33.3,6.384350873009287,2.68,1.954252486,0.12
23.0,14.0,9.0,69.8,22.200000000000003,6.384350873009287,2.68,2.034344801,0.11
23.0,14.0,9.0,69.8,22.200000000000003,6.384350873009287,2.68,2.002307875,0.11
24.0,14.0,10.0,64.9,33.099999999999994,6.384350873009287,2.68,2.002307875,0.11
24.0,14.0,10.0,64.9,33.099999999999994,6.384350873009287,2.68,1.986289412,0.11
26.0,15.0,11.0,69.3,23.700000000000003,6.384350873009287,2.68,1.938234023,0.14
26.0,15.0,11.0,69.3,23.700000000000003,6.384350873009287,2.68,1.970270949,0.12
24.0,13.0,11.0,65.0,31.0,6.384350873009287,2.68,2.002307875,0.11
24.0,13.0,11.0,65.0,31.0,6.384350873009287,2.68,1.986289412,0.11
25.0,13.0,12.0,70.0,20.0,6.384350873009287,2.68,1.842123245,0.11
25.0,13.0,12.0,70.0,20.0,6.384350873009287,2.68,1.970270949,0.12
27.0,14.0,13.0,63.4,35.6,6.384350873009287,2.68,1.938234023,0.13
24.0,12.0,12.0,67.4,24.599999999999994,6.384350873009287,2.68,1.986289412,0.12
24.0,12.0,12.0,67.4,24.599999999999994,6.384350873009287,2.68,1.986289412,0.11
18.0,14.0,4.0,72.7,26.3,6.384350873009287,2.68,1.970270949,0.13
18.0,14.0,4.0,72.7,26.3,6.384350873009287,2.68,1.970270949,0.11
25.0,13.0,12.0,73.1,23.90000000000001,6.384350873009287,2.68,2.002307875,0.11
25.0,13.0,12.0,73.1,23.90000000000001,6.384350873009287,2.68,2.018326338,0.11
38.0,19.0,19.0,63.8,32.2,6.384350873009287,2.735,1.826104782,0.15
20.0,16.0,4.0,15.2,27.8,6.384350873009287,2.8,2.2826309775,0.06
29.0,13.0,16.0,68.9,29.099999999999994,6.384350873009287,2.68,1.890178634,0.13
29.0,13.0,16.0,68.9,29.099999999999994,6.384350873009287,2.68,1.906197097,0.12
23.0,14.0,9.0,68.2,26.8,6.384350873009287,2.68,1.986289412,0.11
23.0,14.0,9.0,68.2,26.8,6.384350873009287,2.68,1.938234023,0.13
27.0,14.0,13.0,63.2,33.8,6.384350873009287,2.738,1.954252486,0.12
22.0,17.0,5.0,15.4,25.6,6.384350873009287,2.801,2.2489922052,0.06
25.0,12.0,13.0,69.3,27.700000000000003,6.384350873009287,2.68,2.002307875,0.12
25.0,12.0,13.0,69.3,27.700000000000003,6.384350873009287,2.68,1.970270949,0.12
22.0,14.0,8.0,56.8,40.2,6.384350873009287,2.68,1.954252486,0.12
18.0,13.0,5.0,51.0,45.0,6.384350873009287,2.68,2.034344801,0.09
18.0,13.0,5.0,51.0,45.0,6.384350873009287,2.68,1.986289412,0.11
26.0,16.0,10.0,58.8,34.2,6.384350873009287,2.68,1.874160171,0.14
26.0,16.0,10.0,58.8,34.2,6.384350873009287,2.68,1.858141708,0.14
19.0,12.0,7.0,48.1,46.9,6.384350873009287,2.68,2.002307875,0.1
19.0,12.0,7.0,48.1,46.9,6.384350873009287,2.68,1.954252486,0.11
23.0,14.0,9.0,34.7,61.3,6.384350873009287,2.68,1.954252486,0.11
17.0,13.0,4.0,29.7,67.3,6.384350873009287,2.691,2.098418653,0.08
,,0.0,11.0,72.0,6.384350873009287,2.713,2.1224463475,0.07
,,0.0,7.9,66.1,6.384350873009287,2.733,2.2329737422,0.06
36.0,11.0,25.0,52.0,46.0,6.384350873009287,2.685,1.8453269376,0.13
,,0.0,10.1,75.9,6.384350873009287,2.69,2.146474042,0.06
,,0.0,8.4,65.6,6.384350873009287,2.706,2.114437116,0.08
30.0,15.0,15.0,40.2,52.8,6.384350873009287,2.68,1.874160171,0.13
31.0,16.0,15.0,49.7,45.3,6.384350873009287,2.68,1.76203093,0.14
15.0,1.0,14.0,7.0,63.0,6.384350873009287,2.68,2.146474042,0.09
36.0,12.0,24.0,53.2,44.8,6.384350873009287,2.68,1.8549380154,0.13
,,0.0,12.0,76.0,6.384350873009287,2.68,2.1608906587,0.07
,,0.0,7.8,61.2,6.384350873009287,2.68,2.2041405088,0.06
22.0,14.0,8.0,29.3,62.7,6.384350873009287,2.68,1.92221556,0.12
28.0,19.0,9.0,48.8,49.2,6.384350873009287,2.68,1.890178634,0.13
23.0,15.0,8.0,65.4,33.599999999999994,6.384350873009287,2.68,1.810086319,0.11
21.0,14.0,7.0,35.3,63.7,6.384350873009287,2.68,1.954252486,0.11
27.0,15.0,12.0,52.6,42.4,6.384350873009287,2.68,2.018326338,0.1
27.0,15.0,12.0,52.6,42.4,6.384350873009287,2.68,1.938234023,0.11
37.0,18.0,19.0,51.7,43.3,6.384350873009287,2.68,1.778049393,0.14
37.0,18.0,19.0,51.7,43.3,6.384350873009287,2.68,1.76203093,0.13
23.0,15.0,8.0,18.1,50.9,6.384350873009287,2.68,2.210547894,0.06
23.0,15.0,8.0,18.1,50.9,6.384350873009287,2.68,2.258603283,0.06
39.0,19.0,20.0,79.4,16.599999999999994,6.384350873009287,2.68,1.826104782,0.16
40.0,20.0,20.0,61.6,36.4,6.384350873009287,2.68,1.617864763,0.19
40.0,20.0,20.0,61.6,36.4,6.384350873009287,2.68,1.954252486,0.11
26.0,17.0,9.0,16.6,60.4,6.384350873009287,2.68,2.162492505,0.07
17.0,14.0,3.0,41.9,48.1,6.384350873009287,2.68,2.050363264,0.09
17.0,14.0,3.0,41.9,48.1,6.384350873009287,2.68,1.954252486,0.1
17.0,16.0,1.0,9.5,64.5,6.384350873009287,2.68,2.178510968,0.07
17.0,16.0,1.0,9.5,64.5,6.384350873009287,2.68,2.194529431,0.07
28.0,16.0,12.0,57.9,35.1,6.384350873009287,2.68,1.874160171,0.13
28.0,16.0,12.0,57.9,35.1,6.384350873009287,2.68,1.874160171,0.14
33.0,19.0,14.0,55.0,43.0,6.384350873009287,2.68,1.729994004,0.17
33.0,19.0,14.0,55.0,43.0,6.384350873009287,2.68,1.729994004,0.16
58.0,31.0,27.0,74.3,23.700000000000003,6.384350873009287,2.68,1.473698596,0.18
58.0,31.0,27.0,74.3,23.700000000000003,6.384350873009287,2.68,1.649901689,0.16
29.0,19.0,10.0,87.4,12.599999999999994,6.384350873009287,2.68,1.842123245,0.15
29.0,19.0,10.0,87.4,12.599999999999994,6.384350873009287,2.68,1.858141708,0.13
30.0,19.0,11.0,82.5,17.5,6.384350873009287,2.68,1.826104782,0.15
31.0,14.0,17.0,75.3,24.700000000000003,6.384350873009287,2.68,1.794067856,0.13
29.0,17.0,12.0,75.2,24.8,6.384350873009287,2.68,1.826104782,0.13
25.0,17.0,8.0,68.7,31.3,6.384350873009287,2.68,1.92221556,0.12
31.0,22.0,9.0,89.6,10.400000000000006,6.384350873009287,2.68,1.794067856,0.15
27.0,21.0,6.0,90.0,10.0,6.384350873009287,2.68,1.778049393,0.14
24.0,16.0,8.0,51.2,48.8,6.384350873009287,2.68,1.906197097,0.12
31.0,21.0,10.0,92.2,5.799999999999997,6.384350873009287,2.682,1.970270949,0.11
31.0,21.0,10.0,92.2,5.799999999999997,6.384350873009287,2.682,1.794067856,0.15
31.0,21.0,10.0,92.2,5.799999999999997,6.384350873009287,2.682,2.034344801,0.09
,,0.0,11.6,59.4,6.384350873009287,2.68,2.1032241919000003,0.07
67.0,17.0,50.0,66.2,17.799999999999997,6.384350873009287,2.686,1.938234023,0.11
67.0,17.0,50.0,66.2,17.799999999999997,6.384350873009287,2.686,1.954252486,0.1
67.0,17.0,50.0,66.2,17.799999999999997,6.384350873009287,2.686,2.034344801,0.08
20.0,18.0,2.0,10.3,68.7,6.384350873009287,2.68,2.08240019,0.07
20.0,18.0,2.0,10.3,68.7,6.384350873009287,2.68,2.0872057289000003,0.07
29.0,17.0,12.0,81.5,18.5,6.384350873009287,2.729,1.858141708,0.15
29.0,17.0,12.0,81.5,18.5,6.384350873009287,2.729,1.746012467,0.16
21.0,19.0,2.0,34.3,64.7,6.384350873009287,2.718,1.906197097,0.13
21.0,19.0,2.0,34.3,64.7,6.384350873009287,2.718,2.018326338,0.1
27.0,19.0,8.0,82.9,16.099999999999994,6.384350873009287,2.721,1.810086319,0.14
27.0,19.0,8.0,82.9,16.099999999999994,6.384350873009287,2.721,1.874160171,0.14
27.0,21.0,6.0,28.0,71.0,6.384350873009287,2.674,1.810086319,0.16
27.0,21.0,6.0,28.0,71.0,6.384350873009287,2.674,1.794067856,0.15
23.0,16.0,7.0,35.3,32.7,6.384350873009287,2.655,1.92221556,0.13
23.0,16.0,7.0,35.3,32.7,6.384350873009287,2.655,1.954252486,0.13
28.0,20.0,8.0,30.4,69.6,6.384350873009287,2.642,1.794067856,0.15
28.0,20.0,8.0,30.4,69.6,6.384350873009287,2.642,1.665920152,0.19
24.0,16.0,8.0,71.2,24.8,6.384350873009287,2.643,1.874160171,0.12
24.0,16.0,8.0,71.2,24.8,6.384350873009287,2.643,1.938234023,0.11
26.0,16.0,10.0,71.1,27.90000000000001,6.384350873009287,2.663,1.874160171,0.14
26.0,16.0,10.0,71.1,27.90000000000001,6.384350873009287,2.663,1.938234023,0.13
25.0,22.0,3.0,84.4,12.599999999999994,6.384350873009287,2.698,1.794067856,0.14
25.0,22.0,3.0,84.4,12.599999999999994,6.384350873009287,2.698,1.778049393,0.14
20.0,17.0,3.0,38.0,34.0,6.384350873009287,2.603,2.130455579,0.06
20.0,17.0,3.0,38.0,34.0,6.384350873009287,2.603,2.178510968,0.06
19.0,18.0,1.0,58.8,41.2,6.384350873009287,2.675,1.906197097,0.11
19.0,18.0,1.0,58.8,41.2,6.384350873009287,2.675,1.938234023,0.1
36.0,24.0,12.0,93.8,6.200000000000003,6.384350873009287,2.792,1.76203093,0.17
36.0,24.0,12.0,93.8,6.200000000000003,6.384350873009287,2.792,1.729994004,0.18
76.0,25.0,51.0,97.3,2.700000000000003,6.384350873009287,2.683,1.44166167,0.23
76.0,25.0,51.0,97.3,2.700000000000003,6.384350873009287,2.683,1.553790911,0.22
35.0,24.0,11.0,72.3,18.700000000000003,6.384350873009287,2.653,1.778049393,0.15
35.0,24.0,11.0,72.3,18.700000000000003,6.384350873009287,2.653,1.633883226,0.18
42.0,23.0,19.0,81.1,18.90000000000001,6.384350873009287,2.641,1.649901689,0.21
42.0,23.0,19.0,81.1,18.90000000000001,6.384350873009287,2.641,1.617864763,0.21
24.0,20.0,4.0,85.4,13.599999999999994,6.384350873009287,2.652,1.794067856,0.15
24.0,20.0,4.0,85.4,13.599999999999994,6.384350873009287,2.652,1.794067856,0.14
31.0,22.0,9.0,99.0,1.0,6.384350873009287,2.714,1.76203093,0.16
31.0,22.0,9.0,99.0,1.0,6.384350873009287,2.714,1.746012467,0.16
66.0,19.0,47.0,67.4,12.599999999999994,6.384350873009287,2.68,1.697957078,0.16
74.0,23.0,51.0,70.1,18.90000000000001,6.384350873009287,2.68,1.569809374,0.22
44.0,15.0,29.0,32.6,14.4,6.384350873009287,2.6,1.810086319,0.15
44.0,15.0,29.0,32.6,14.4,6.384350873009287,2.6,1.697957078,0.18
20.0,13.0,7.0,15.2,35.8,6.384350873009287,2.699,2.290640209,0.05
20.0,13.0,7.0,15.2,35.8,6.384350873009287,2.699,2.306658672,0.05
73.0,23.0,50.0,58.0,25.0,6.384350873009287,2.68,1.665920152,0.19
66.0,17.0,49.0,34.6,16.4,6.384350873009287,2.65,1.794067856,0.15
19.0,14.0,5.0,15.5,35.5,6.384350873009287,2.718,2.322677135,0.05
41.0,16.0,25.0,71.2,26.8,6.384350873009287,2.68,1.842123245,0.15
41.0,16.0,25.0,71.2,26.8,6.384350873009287,2.68,1.842123245,0.14
21.0,15.0,6.0,18.7,39.3,6.384350873009287,2.68,2.274621746,0.06
25.0,15.0,10.0,51.2,47.8,6.384350873009287,2.68,1.970270949,0.12
25.0,15.0,10.0,51.2,47.8,6.384350873009287,2.68,1.954252486,0.11
21.0,14.0,7.0,19.0,40.0,6.384350873009287,2.68,2.274621746,0.06
23.0,12.0,11.0,18.1,32.9,6.384350873009287,2.736,2.210547894,0.06
42.0,17.0,25.0,67.0,31.0,6.384350873009287,2.68,1.826104782,0.15
42.0,17.0,25.0,67.0,31.0,6.384350873009287,2.68,1.794067856,0.15
22.0,16.0,6.0,20.9,37.1,6.384350873009287,2.68,2.258603283,0.06
42.0,17.0,25.0,70.2,28.8,6.384350873009287,2.68,1.810086319,0.15
42.0,17.0,25.0,70.2,28.8,6.384350873009287,2.68,1.842123245,0.15
21.0,16.0,5.0,18.2,43.8,6.384350873009287,2.68,2.274621746,0.06
42.0,17.0,25.0,68.9,29.099999999999994,6.384350873009287,2.68,1.842123245,0.15
42.0,17.0,25.0,68.9,29.099999999999994,6.384350873009287,2.68,1.810086319,0.15
22.0,15.0,7.0,17.7,41.3,6.384350873009287,2.68,2.290640209,0.06
23.0,14.0,9.0,17.1,40.9,6.384350873009287,2.722,2.2169552792,0.06
44.0,17.0,27.0,68.4,27.599999999999994,6.384350873009287,2.68,1.826104782,0.15
22.0,15.0,7.0,21.0,39.0,6.384350873009287,2.68,2.290640209,0.06
41.0,17.0,24.0,67.8,30.200000000000003,6.384350873009287,2.68,1.826104782,0.15
41.0,17.0,24.0,67.8,30.200000000000003,6.384350873009287,2.68,1.794067856,0.16
22.0,15.0,7.0,20.7,43.3,6.384350873009287,2.68,2.274621746,0.06
25.0,14.0,11.0,39.9,58.1,6.384350873009287,2.68,2.018326338,0.11
25.0,14.0,11.0,39.9,58.1,6.384350873009287,2.68,1.954252486,0.11
20.0,14.0,6.0,19.4,39.6,6.384350873009287,2.68,2.274621746,0.06
32.0,19.0,13.0,86.4,10.599999999999994,6.384350873009287,2.68,1.76203093,0.14
62.0,25.0,37.0,31.6,22.4,6.384350873009287,2.68,1.746012467,0.15
48.0,17.0,31.0,55.5,14.5,6.384350873009287,2.657,1.6787349224,0.16
48.0,17.0,31.0,55.5,14.5,6.384350873009287,2.657,1.697957078,0.18
48.0,17.0,31.0,55.5,14.5,6.384350873009287,2.657,1.76203093,0.17
48.0,17.0,31.0,55.5,14.5,6.384350873009287,2.657,1.473698596,0.26
48.0,17.0,31.0,55.5,14.5,6.384350873009287,2.657,1.729994004,0.16
68.0,24.0,44.0,67.1,17.900000000000006,6.384350873009287,2.734,1.473698596,0.28
68.0,24.0,44.0,67.1,17.900000000000006,6.384350873009287,2.734,1.585827837,0.21
68.0,24.0,44.0,67.1,17.900000000000006,6.384350873009287,2.734,1.5265595239,0.24
68.0,24.0,44.0,67.1,17.900000000000006,6.384350873009287,2.734,1.473698596,0.26
68.0,24.0,44.0,67.1,17.900000000000006,6.384350873009287,2.734,1.5746149129,0.21
68.0,24.0,44.0,67.1,17.900000000000006,6.384350873009287,2.734,1.585827837,0.23
68.0,24.0,44.0,67.1,17.900000000000006,6.384350873009287,2.734,1.553790911,0.23
44.0,21.0,23.0,64.0,12.0,6.384350873009287,2.68,2.066381727,0.11
44.0,21.0,23.0,64.0,12.0,6.384350873009287,2.68,1.681938615,0.18
44.0,21.0,23.0,64.0,12.0,6.384350873009287,2.68,1.778049393,0.15
44.0,21.0,23.0,64.0,12.0,6.384350873009287,2.68,1.665920152,0.2
65.0,22.0,43.0,55.9,14.1,6.384350873009287,2.68,1.473698596,0.27
65.0,22.0,43.0,55.9,14.1,6.384350873009287,2.68,1.569809374,0.2
27.0,16.0,11.0,43.0,27.0,6.384350873009287,2.68,1.986289412,0.11
27.0,16.0,11.0,43.0,27.0,6.384350873009287,2.68,2.114437116,0.09
21.0,18.0,3.0,15.6,39.4,6.384350873009287,2.68,2.210547894,0.07
27.0,17.0,10.0,61.9,32.1,6.384350873009287,2.68,1.826104782,0.13
27.0,17.0,10.0,61.9,32.1,6.384350873009287,2.68,1.986289412,0.09
49.0,18.0,31.0,40.4,33.6,6.384350873009287,2.68,1.842123245,0.13
49.0,18.0,31.0,40.4,33.6,6.384350873009287,2.68,2.098418653,0.09
20.0,15.0,5.0,20.7,35.3,6.384350873009287,2.68,2.178510968,0.07
37.0,18.0,19.0,80.4,17.599999999999994,6.384350873009287,2.68,1.713975541,0.17
37.0,18.0,19.0,80.4,17.599999999999994,6.384350873009287,2.68,1.794067856,0.15
18.0,13.0,5.0,23.0,52.0,6.384350873009287,2.68,2.178510968,0.07
,,0.0,30.2,67.8,6.384350873009287,2.68,2.146474042,0.07
54.0,22.0,32.0,94.9,5.099999999999994,6.384350873009287,2.68,1.633883226,0.21
54.0,22.0,32.0,94.9,5.099999999999994,6.384350873009287,2.68,1.569809374,0.23
19.0,14.0,5.0,21.0,62.0,6.384350873009287,2.68,2.178510968,0.07
19.0,14.0,5.0,21.0,62.0,6.384350873009287,2.68,2.274621746,0.06
32.0,23.0,9.0,96.6,2.4000000000000057,6.384350873009287,2.68,1.746012467,0.17
32.0,23.0,9.0,96.6,2.4000000000000057,6.384350873009287,2.68,1.76203093,0.17
16.0,14.0,2.0,16.2,37.8,6.384350873009287,2.68,2.274621746,0.06
16.0,14.0,2.0,16.2,37.8,6.384350873009287,2.68,2.290640209,0.06
41.0,17.0,24.0,88.3,11.700000000000005,6.384350873009287,2.68,1.681938615,0.19
41.0,17.0,24.0,88.3,11.700000000000005,6.384350873009287,2.68,1.569809374,0.21
43.0,19.0,24.0,91.6,8.400000000000006,6.384350873009287,2.68,1.633883226,0.19
43.0,19.0,24.0,91.6,8.400000000000006,6.384350873009287,2.68,1.633883226,0.18
48.0,22.0,26.0,87.8,12.200000000000005,6.384350873009287,2.68,1.617864763,0.21
48.0,22.0,26.0,87.8,12.200000000000005,6.384350873009287,2.68,1.633883226,0.2
49.0,20.0,29.0,94.7,5.299999999999997,6.384350873009287,2.68,1.537772448,0.23
49.0,20.0,29.0,94.7,5.299999999999997,6.384350873009287,2.68,1.76203093,0.16
21.0,16.0,5.0,32.4,24.6,6.384350873009287,2.68,2.194529431,0.07
21.0,16.0,5.0,32.4,24.6,6.384350873009287,2.68,2.194529431,0.06
19.0,15.0,4.0,45.5,54.5,6.384350873009287,2.68,1.92221556,0.12
19.0,15.0,4.0,45.5,54.5,6.384350873009287,2.68,1.938234023,0.12
37.0,18.0,19.0,88.7,8.299999999999997,6.384350873009287,2.68,1.729994004,0.16
37.0,18.0,19.0,88.7,8.299999999999997,6.384350873009287,2.68,1.76203093,0.17
31.0,23.0,8.0,98.0,2.0,6.384350873009287,2.68,1.729994004,0.17
31.0,23.0,8.0,98.0,2.0,6.384350873009287,2.68,1.746012467,0.16
17.0,14.0,3.0,34.7,64.3,6.384350873009287,2.68,2.210547894,0.07
17.0,14.0,3.0,34.7,64.3,6.384350873009287,2.68,2.258603283,0.06
32.0,16.0,16.0,26.0,37.0,6.384350873009287,2.68,1.858141708,0.12
32.0,16.0,16.0,26.0,37.0,6.384350873009287,2.68,1.858141708,0.13
40.0,19.0,21.0,35.2,33.8,6.384350873009287,2.68,1.826104782,0.13
40.0,19.0,21.0,35.2,33.8,6.384350873009287,2.68,1.697957078,0.17
39.0,20.0,19.0,97.0,3.0,6.384350873009287,2.68,1.665920152,0.21
39.0,20.0,19.0,97.0,3.0,6.384350873009287,2.68,1.649901689,0.2
19.0,13.0,6.0,27.2,51.8,6.384350873009287,2.68,2.24258482,0.07
19.0,13.0,6.0,27.2,51.8,6.384350873009287,2.68,2.258603283,0.06
53.0,17.0,36.0,65.4,22.599999999999994,6.384350873009287,2.68,1.681938615,0.2
82.0,27.0,55.0,66.2,10.799999999999995,6.384350873009287,2.699,1.649901689,0.18
17.0,16.0,1.0,16.5,48.5,6.384350873009287,2.823,2.306658672,0.05
38.0,19.0,19.0,67.4,12.599999999999994,6.384350873009287,2.68,1.826104782,0.14
38.0,19.0,19.0,67.4,12.599999999999994,6.384350873009287,2.68,1.890178634,0.14
72.0,25.0,47.0,63.8,16.200000000000003,6.384350873009287,2.68,1.553790911,0.25
85.0,24.0,61.0,63.8,18.200000000000003,6.384350873009287,2.723,1.617864763,0.22
33.0,16.0,17.0,21.9,38.1,6.384350873009287,2.807,1.986289412,0.12
,,0.0,14.6,43.4,6.384350873009287,2.83,2.290640209,0.06
54.0,18.0,36.0,70.1,15.900000000000006,6.384350873009287,2.68,1.778049393,0.16
40.0,15.0,25.0,61.0,18.0,6.384350873009287,2.748,1.810086319,0.16
19.0,18.0,1.0,16.9,70.1,6.384350873009287,2.859,2.290640209,0.07
53.0,18.0,35.0,79.6,9.400000000000006,6.384350873009287,2.718,1.778049393,0.17
50.0,18.0,32.0,88.6,10.400000000000006,6.384350873009287,2.68,1.617864763,0.21
50.0,18.0,32.0,88.6,10.400000000000006,6.384350873009287,2.68,1.505735522,0.29
57.0,17.0,40.0,84.0,9.0,6.384350873009287,2.68,1.633883226,0.22
57.0,17.0,40.0,84.0,9.0,6.384350873009287,2.68,1.6018463,0.2
38.0,18.0,20.0,78.1,11.900000000000006,6.384350873009287,2.68,1.746012467,0.18
38.0,18.0,20.0,78.1,11.900000000000006,6.384350873009287,2.68,1.505735522,0.24
57.0,17.0,40.0,92.0,4.0,6.384350873009287,2.68,1.665920152,0.17
57.0,17.0,40.0,92.0,4.0,6.384350873009287,2.68,1.6018463,0.2
23.0,14.0,9.0,30.6,33.4,6.384350873009287,2.68,1.9302247915,0.1
19.0,15.0,4.0,9.9,25.1,6.384350873009287,2.68,2.1448721957,0.08
28.0,14.0,14.0,41.6,33.4,6.384350873009287,2.68,1.906197097,0.13
30.0,12.0,18.0,49.9,40.1,6.384350873009287,2.765,1.986289412,0.12
,,0.0,13.1,33.9,6.384350873009287,2.776,2.2682143608,0.06
28.0,16.0,12.0,32.6,33.4,6.384350873009287,2.68,1.92221556,0.12
34.0,12.0,22.0,38.6,48.4,6.384350873009287,2.769,1.954252486,0.11
,,0.0,12.5,34.5,6.384350873009287,2.779,2.2441866663,0.06
27.0,11.0,16.0,38.9,6.100000000000001,6.384350873009287,2.68,1.954252486,0.12
28.0,13.0,15.0,41.9,46.1,6.384350873009287,2.755,2.002307875,0.11
21.0,19.0,2.0,15.9,38.1,6.384350873009287,2.772,2.2762235923,0.06
,,0.0,12.6,39.4,6.384350873009287,2.726,2.162492505,0.07
,,0.0,12.6,39.4,6.384350873009287,2.726,2.050363264,0.08
21.0,20.0,1.0,9.0,43.0,6.384350873009287,2.745,2.050363264,0.08
33.0,14.0,19.0,47.2,38.8,6.384350873009287,2.68,1.890178634,0.11
33.0,14.0,19.0,47.2,38.8,6.384350873009287,2.68,1.713975541,0.17
22.0,13.0,9.0,15.9,30.1,6.384350873009287,2.68,2.274621746,0.05
22.0,12.0,10.0,9.9,20.1,6.384350873009287,2.68,2.290640209,0.05
22.0,12.0,10.0,9.9,20.1,6.384350873009287,2.68,2.258603283,0.06
29.0,14.0,15.0,64.1,28.90000000000001,6.384350873009287,2.68,1.794067856,0.16
29.0,14.0,15.0,64.1,28.90000000000001,6.384350873009287,2.68,1.778049393,0.16
32.0,13.0,19.0,56.3,34.7,6.384350873009287,2.68,1.890178634,0.11
26.0,12.0,14.0,27.7,13.3,6.384350873009287,2.68,1.826104782,0.15
17.0,14.0,3.0,5.7,28.3,6.384350873009287,2.68,2.258603283,0.06
17.0,14.0,3.0,5.7,28.3,6.384350873009287,2.68,2.274621746,0.04
24.0,12.0,12.0,21.3,24.7,6.384350873009287,2.68,1.890178634,0.14
24.0,12.0,12.0,21.3,24.7,6.384350873009287,2.68,1.92221556,0.13
31.0,14.0,17.0,55.2,29.8,6.384350873009287,2.68,1.92221556,0.1
31.0,14.0,17.0,55.2,29.8,6.384350873009287,2.68,1.874160171,0.11
25.0,17.0,8.0,91.5,8.5,6.384350873009287,2.68,1.633883226,0.18
50.0,14.0,36.0,95.9,4.099999999999994,6.384350873009287,2.68,1.681938615,0.18
48.0,18.0,30.0,94.5,5.5,6.384350873009287,2.68,1.633883226,0.2
41.0,17.0,24.0,96.7,3.299999999999997,6.384350873009287,2.68,1.649901689,0.19
51.0,18.0,33.0,97.8,2.200000000000003,6.384350873009287,2.68,1.617864763,0.18
40.0,18.0,22.0,97.5,2.5,6.384350873009287,2.68,1.633883226,0.2
49.0,12.0,37.0,97.5,2.5,6.384350873009287,2.68,1.633883226,0.16
45.0,18.0,27.0,96.5,3.5,6.384350873009287,2.68,1.649901689,0.19
53.0,16.0,37.0,98.4,1.5999999999999943,6.384350873009287,2.68,1.649901689,0.19
31.0,20.0,11.0,88.1,11.900000000000006,6.384350873009287,2.68,1.6018463,0.21
46.0,17.0,29.0,95.9,4.099999999999994,6.384350873009287,2.68,1.681938615,0.17
31.0,23.0,8.0,97.4,2.5999999999999943,6.384350873009287,2.68,1.665920152,0.19
31.0,23.0,8.0,97.4,2.5999999999999943,6.384350873009287,2.68,1.617864763,0.19
38.0,24.0,14.0,89.1,8.900000000000006,6.384350873009287,2.68,1.681938615,0.18
38.0,24.0,14.0,89.1,8.900000000000006,6.384350873009287,2.68,1.874160171,0.13
27.0,20.0,7.0,35.5,48.5,6.384350873009287,2.68,2.050363264,0.09
50.0,21.0,29.0,98.4,1.5999999999999943,6.384350873009287,2.68,1.617864763,0.21
50.0,21.0,29.0,98.4,1.5999999999999943,6.384350873009287,2.68,1.633883226,0.21
39.0,20.0,19.0,95.6,4.400000000000006,6.384350873009287,2.68,1.665920152,0.19
39.0,20.0,19.0,95.6,4.400000000000006,6.384350873009287,2.68,1.729994004,0.18
40.0,22.0,18.0,97.0,3.0,6.384350873009287,2.68,1.697957078,0.19
40.0,22.0,18.0,97.0,3.0,6.384350873009287,2.68,1.697957078,0.18
30.0,23.0,7.0,96.9,3.0999999999999943,6.384350873009287,2.68,1.665920152,0.19
30.0,23.0,7.0,96.9,3.0999999999999943,6.384350873009287,2.68,1.569809374,0.21
21.0,19.0,2.0,57.9,42.1,6.384350873009287,2.68,1.794067856,0.13
21.0,19.0,2.0,57.9,42.1,6.384350873009287,2.68,1.938234023,0.11
44.0,22.0,22.0,88.9,11.099999999999994,6.384350873009287,2.68,1.617864763,0.19
44.0,22.0,22.0,88.9,11.099999999999994,6.384350873009287,2.68,1.6018463,0.21
51.0,17.0,34.0,72.5,27.5,6.384350873009287,2.68,1.505735522,0.19
51.0,17.0,34.0,72.5,27.5,6.384350873009287,2.68,1.505735522,0.24
40.0,21.0,19.0,91.6,7.400000000000006,6.384350873009287,2.68,1.681938615,0.19
40.0,21.0,19.0,91.6,7.400000000000006,6.384350873009287,2.68,1.649901689,0.2
25.0,14.0,11.0,11.2,29.8,6.384350873009287,2.68,2.226566357,0.06
26.0,14.0,12.0,24.6,46.4,6.384350873009287,2.68,2.2441866663,0.06
23.0,13.0,10.0,50.3,48.7,6.384350873009287,2.747,1.890178634,0.13
30.0,15.0,15.0,48.2,51.8,6.384350873009287,2.68,1.874160171,0.14
24.0,12.0,12.0,15.6,36.4,6.384350873009287,2.708,2.1913257384,0.06
28.0,15.0,13.0,26.9,47.1,6.384350873009287,2.68,2.1817146606,0.07
22.0,14.0,8.0,41.9,57.1,6.384350873009287,2.68,1.890178634,0.13
42.0,23.0,19.0,45.9,40.1,6.384350873009287,2.68,1.697957078,0.21
23.0,17.0,6.0,17.4,72.6,6.384350873009287,2.68,1.697957078,0.19
23.0,17.0,6.0,17.4,72.6,6.384350873009287,2.68,1.76203093,0.17
26.0,14.0,12.0,23.8,36.2,6.384350873009287,2.68,2.098418653,0.07
26.0,14.0,12.0,23.8,36.2,6.384350873009287,2.68,2.018326338,0.09
27.0,16.0,11.0,34.4,33.6,6.384350873009287,2.68,2.002307875,0.09
27.0,16.0,11.0,34.4,33.6,6.384350873009287,2.68,1.954252486,0.1
32.0,16.0,16.0,26.3,57.7,6.384350873009287,2.68,1.954252486,0.1
28.0,25.0,3.0,22.8,74.2,6.384350873009287,2.707,1.810086319,0.15
,,0.0,15.3,72.7,6.384350873009287,2.68,2.1656961976,0.07
19.0,17.0,2.0,11.1,52.9,6.384350873009287,2.68,2.2537977441,0.06
,,0.0,9.7,80.3,6.384350873009287,2.706,2.1224463475,0.08
,,0.0,9.7,80.3,6.384350873009287,2.706,2.0888075752,0.08
,,0.0,9.7,80.3,6.384350873009287,2.706,2.0583724955,0.08
,,0.0,12.5,72.5,6.384350873009287,2.725,2.0647798807,0.08
,,0.0,7.0,52.0,6.384350873009287,2.776,2.0904094215,0.06
21.0,17.0,4.0,24.1,66.9,6.384350873009287,2.685,2.1336592716,0.07
20.0,17.0,3.0,22.8,67.2,6.384350873009287,2.695,2.1432703494000003,0.07
,,0.0,6.8,47.2,6.384350873009287,2.782,2.08240019,0.08
27.0,23.0,4.0,23.5,30.5,6.384350873009287,2.758,2.130455579,0.09
27.0,23.0,4.0,23.5,30.5,6.384350873009287,2.758,2.002307875,0.1
20.0,17.0,3.0,2.8,19.2,6.384350873009287,2.68,2.178510968,0.04
26.0,22.0,4.0,10.0,49.0,6.384350873009287,2.68,1.938234023,0.11
40.0,18.0,22.0,68.6,23.40000000000001,6.384350873009287,2.68,1.7123736947,0.17
40.0,19.0,21.0,46.6,46.4,6.384350873009287,2.841,1.6018463,0.24
,,0.0,6.4,48.6,6.384350873009287,2.668,2.1608906587,0.07
70.0,28.0,42.0,89.6,9.400000000000006,6.384350873009287,2.68,1.5618001425,0.22
51.0,26.0,25.0,68.1,21.90000000000001,6.384350873009287,2.884,1.553790911,0.26
58.0,27.0,31.0,86.4,11.599999999999994,6.384350873009287,2.68,1.5746149129,0.22
67.0,28.0,39.0,78.6,17.400000000000006,6.384350873009287,2.68,1.5762167592,0.2
52.0,24.0,28.0,57.5,27.5,6.384350873009287,2.693,1.633883226,0.23
34.0,15.0,19.0,21.7,42.3,6.384350873009287,2.695,2.146474042,0.07
61.0,24.0,37.0,66.7,27.3,6.384350873009287,2.68,1.6867441539,0.19
17.0,15.0,2.0,7.0,46.0,6.384350873009287,2.659,2.178510968,0.07
34.0,20.0,14.0,33.0,52.0,6.384350873009287,2.745,1.76203093,0.17
24.0,17.0,7.0,21.3,60.7,6.384350873009287,2.68,2.0263355695,0.09
62.0,23.0,39.0,86.6,10.400000000000006,6.384350873009287,2.801,1.665920152,0.2
62.0,23.0,39.0,86.6,10.400000000000006,6.384350873009287,2.801,1.713975541,0.18
23.0,15.0,8.0,37.5,58.5,6.384350873009287,2.68,1.970270949,0.11
38.0,19.0,19.0,40.0,40.0,6.384350873009287,2.68,2.114437116,0.08
41.0,19.0,22.0,48.5,41.5,6.384350873009287,2.68,1.778049393,0.14
25.0,19.0,6.0,23.8,33.2,6.384350873009287,2.68,2.146474042,0.07
43.0,21.0,22.0,32.7,40.3,6.384350873009287,2.68,1.810086319,0.15
28.0,18.0,10.0,10.0,32.0,6.384350873009287,2.68,2.178510968,0.07
34.0,14.0,20.0,44.7,52.3,6.384350873009287,2.676,1.842123245,0.13
29.0,13.0,16.0,21.7,49.3,6.384350873009287,2.633,2.194529431,0.06
35.0,13.0,22.0,35.7,45.3,6.384350873009287,2.682,1.938234023,0.12
35.0,13.0,22.0,35.7,45.3,6.384350873009287,2.682,1.569809374,0.23
25.0,15.0,10.0,18.6,46.4,6.384350873009287,2.614,2.1929275847,0.05
25.0,15.0,10.0,18.6,46.4,6.384350873009287,2.614,2.1849183532,0.05
23.0,21.0,2.0,19.1,32.9,6.384350873009287,2.669,1.92221556,0.12
23.0,21.0,2.0,19.1,32.9,6.384350873009287,2.669,1.938234023,0.11
24.0,23.0,1.0,12.6,26.4,6.384350873009287,2.622,2.114437116,0.08
24.0,23.0,1.0,12.6,26.4,6.384350873009287,2.622,2.08240019,0.09
31.0,17.0,14.0,12.9,21.1,6.384350873009287,2.635,2.24258482,0.06
31.0,17.0,14.0,12.9,21.1,6.384350873009287,2.635,2.226566357,0.06
23.0,19.0,4.0,2.9,90.1,6.384350873009287,2.7,1.92221556,0.11
23.0,19.0,4.0,2.9,90.1,6.384350873009287,2.7,1.890178634,0.13
19.0,17.0,2.0,6.1,90.9,6.384350873009287,2.698,1.954252486,0.12
19.0,17.0,2.0,6.1,90.9,6.384350873009287,2.698,1.954252486,0.11
25.0,18.0,7.0,14.7,52.3,6.384350873009287,2.59,1.906197097,0.12
25.0,18.0,7.0,14.7,52.3,6.384350873009287,2.59,1.970270949,0.08
22.0,19.0,3.0,30.6,68.4,6.384350873009287,2.657,1.970270949,0.1
22.0,19.0,3.0,30.6,68.4,6.384350873009287,2.657,1.938234023,0.1
22.0,19.0,3.0,36.5,37.5,6.384350873009287,2.694,2.034344801,0.09
22.0,19.0,3.0,36.5,37.5,6.384350873009287,2.694,2.002307875,0.1
22.0,20.0,2.0,40.8,51.2,6.384350873009287,2.673,1.938234023,0.12
22.0,20.0,2.0,40.8,51.2,6.384350873009287,2.673,1.938234023,0.11
21.0,17.0,4.0,41.6,57.4,6.384350873009287,2.675,1.890178634,0.13
21.0,17.0,4.0,41.6,57.4,6.384350873009287,2.675,1.954252486,0.1
28.0,18.0,10.0,12.6,35.4,6.384350873009287,2.638,2.290640209,0.05
28.0,18.0,10.0,12.6,35.4,6.384350873009287,2.638,2.258603283,0.05
24.0,13.0,11.0,31.8,49.2,6.384350873009287,2.68,1.9750764879,0.11
30.0,19.0,11.0,19.8,36.2,6.384350873009287,2.68,1.8933823266,0.13
18.0,14.0,4.0,11.2,19.8,6.384350873009287,2.833,2.386750987,0.06
18.0,14.0,4.0,11.2,19.8,6.384350873009287,2.833,2.418787913,0.05
21.0,15.0,6.0,21.0,38.0,6.384350873009287,2.683,2.194529431,0.06
21.0,15.0,6.0,21.0,38.0,6.384350873009287,2.683,2.178510968,0.06
20.0,14.0,6.0,48.6,34.4,6.384350873009287,2.75,2.018326338,0.1
20.0,14.0,6.0,48.6,34.4,6.384350873009287,2.75,2.018326338,0.11
18.0,14.0,4.0,8.3,28.7,6.384350873009287,2.689,2.290640209,0.05
18.0,14.0,4.0,8.3,28.7,6.384350873009287,2.689,2.258603283,0.06
61.0,30.0,31.0,70.3,29.700000000000003,6.384350873009287,2.782,1.617864763,0.22
61.0,30.0,31.0,70.3,29.700000000000003,6.384350873009287,2.782,1.44166167,0.29
45.0,30.0,15.0,57.2,40.8,6.384350873009287,2.697,1.665920152,0.18
50.0,48.0,2.0,7.4,36.6,6.384350873009287,2.689,1.649901689,0.2
43.0,36.0,7.0,80.7,18.3,6.384350873009287,2.732,1.794067856,0.15
43.0,36.0,7.0,80.7,18.3,6.384350873009287,2.732,1.746012467,0.16
21.0,19.0,2.0,9.0,45.0,6.384350873009287,2.782,2.274621746,0.06
46.0,30.0,16.0,60.7,37.3,6.384350873009287,2.679,1.617864763,0.19
50.0,46.0,4.0,53.3,44.7,6.384350873009287,2.662,1.681938615,0.19
,,0.0,29.2,46.8,6.384350873009287,2.877,1.810086319,0.13
64.0,41.0,23.0,70.7,29.3,6.384350873009287,2.68,1.409624744,0.3
63.0,40.0,23.0,84.3,15.700000000000005,6.384350873009287,2.758,1.489717059,0.25
63.0,40.0,23.0,84.3,15.700000000000005,6.384350873009287,2.758,1.681938615,0.18
44.0,35.0,9.0,58.6,39.4,6.384350873009287,2.68,1.633883226,0.2
50.0,32.0,18.0,64.7,33.3,6.384350873009287,2.701,1.649901689,0.17
48.0,26.0,22.0,66.4,33.599999999999994,6.384350873009287,2.68,1.665920152,0.2
48.0,26.0,22.0,66.4,33.599999999999994,6.384350873009287,2.68,1.681938615,0.18
,,0.0,12.7,87.3,6.384350873009287,2.669,1.794067856,0.12
,,0.0,12.7,87.3,6.384350873009287,2.669,1.76203093,0.13
,,0.0,12.7,87.3,6.384350873009287,2.669,1.729994004,0.12
38.0,26.0,12.0,44.4,50.6,6.384350873009287,2.815,1.649901689,0.21
38.0,26.0,12.0,44.4,50.6,6.384350873009287,2.815,1.76203093,0.18
51.0,31.0,20.0,75.7,14.299999999999995,6.384350873009287,2.729,1.697957078,0.2
51.0,31.0,20.0,75.7,14.299999999999995,6.384350873009287,2.729,1.649901689,0.2
18.0,17.0,1.0,10.6,38.4,6.384350873009287,2.731,2.338695598,0.06
38.0,24.0,14.0,49.8,36.2,6.384350873009287,2.688,1.76203093,0.16
38.0,24.0,14.0,49.8,36.2,6.384350873009287,2.688,1.537772448,0.21
32.0,28.0,4.0,40.6,44.4,6.384350873009287,2.753,2.002307875,0.11
32.0,28.0,4.0,40.6,44.4,6.384350873009287,2.753,1.938234023,0.12
34.0,30.0,4.0,39.6,46.4,6.384350873009287,2.812,1.729994004,0.18
25.0,21.0,4.0,6.3,53.7,6.384350873009287,2.787,2.210547894,0.07
42.0,31.0,11.0,57.3,41.7,6.384350873009287,2.746,1.665920152,0.21
42.0,31.0,11.0,57.3,41.7,6.384350873009287,2.746,1.778049393,0.16
40.0,28.0,12.0,43.8,31.200000000000003,6.384350873009287,2.577,2.130455579,0.08
41.0,33.0,8.0,53.5,25.5,6.384350873009287,2.861,1.778049393,0.16
41.0,33.0,8.0,53.5,25.5,6.384350873009287,2.861,1.377587818,0.29
27.0,23.0,4.0,37.1,58.9,6.384350873009287,2.744,1.826104782,0.17
27.0,23.0,4.0,37.1,58.9,6.384350873009287,2.744,1.874160171,0.14
34.0,19.0,15.0,40.1,58.9,6.384350873009287,2.633,1.92221556,0.13
34.0,19.0,15.0,40.1,58.9,6.384350873009287,2.633,1.954252486,0.12
26.0,19.0,7.0,85.9,4.099999999999994,6.384350873009287,2.695,1.938234023,0.09
26.0,19.0,7.0,85.9,4.099999999999994,6.384350873009287,2.695,1.92221556,0.11
34.0,32.0,2.0,32.2,39.8,6.384350873009287,2.781,1.92221556,0.13
34.0,32.0,2.0,32.2,39.8,6.384350873009287,2.781,1.810086319,0.16
50.0,18.0,32.0,96.8,3.200000000000003,6.384350873009287,2.68,1.6018463,0.2
45.0,18.0,27.0,94.1,4.900000000000006,6.384350873009287,2.68,1.633883226,0.21
51.0,17.0,34.0,97.8,2.200000000000003,6.384350873009287,2.68,1.633883226,0.2
48.0,20.0,28.0,96.8,3.200000000000003,6.384350873009287,2.68,1.617864763,0.21
47.0,17.0,30.0,89.5,9.5,6.384350873009287,2.701,1.681938615,0.18
51.0,17.0,34.0,97.2,2.799999999999997,6.384350873009287,2.68,1.633883226,0.2
46.0,17.0,29.0,93.2,5.799999999999997,6.384350873009287,2.68,1.633883226,0.2
54.0,19.0,35.0,97.6,2.4000000000000057,6.384350873009287,2.68,1.537772448,0.25
61.0,19.0,42.0,95.6,3.4000000000000057,6.384350873009287,2.68,1.585827837,0.22
53.0,17.0,36.0,97.4,2.5999999999999943,6.384350873009287,2.68,1.569809374,0.22
54.0,20.0,34.0,93.0,6.0,6.384350873009287,2.68,1.617864763,0.21
56.0,19.0,37.0,87.5,8.5,6.384350873009287,2.689,1.617864763,0.22
50.0,17.0,33.0,90.0,8.0,6.384350873009287,2.667,1.633883226,0.2
46.0,22.0,24.0,96.6,3.4000000000000057,6.384350873009287,2.68,1.553790911,0.23
46.0,21.0,25.0,91.4,7.599999999999994,6.384350873009287,2.68,1.569809374,0.2
55.0,18.0,37.0,97.5,2.5,6.384350873009287,2.68,1.569809374,0.22
52.0,19.0,33.0,87.8,10.200000000000005,6.384350873009287,2.68,1.617864763,0.19
52.0,21.0,31.0,97.4,2.5999999999999943,6.384350873009287,2.68,1.505735522,0.25
52.0,21.0,31.0,93.6,5.400000000000006,6.384350873009287,2.68,1.585827837,0.21
31.0,17.0,14.0,45.1,47.9,6.384350873009287,2.68,1.842123245,0.12
31.0,17.0,14.0,45.1,47.9,6.384350873009287,2.68,1.842123245,0.15
19.0,17.0,2.0,13.4,67.6,6.384350873009287,2.68,2.178510968,0.08
19.0,17.0,2.0,13.4,67.6,6.384350873009287,2.68,2.146474042,0.08
32.0,20.0,12.0,58.9,39.1,6.384350873009287,2.68,1.842123245,0.14
32.0,20.0,12.0,58.9,39.1,6.384350873009287,2.68,1.794067856,0.16
30.0,19.0,11.0,33.6,51.4,6.384350873009287,2.68,2.034344801,0.1
30.0,19.0,11.0,33.6,51.4,6.384350873009287,2.68,2.146474042,0.08
23.0,20.0,3.0,61.3,37.7,6.384350873009287,2.68,1.890178634,0.13
23.0,20.0,3.0,61.3,37.7,6.384350873009287,2.68,1.906197097,0.13
20.0,16.0,4.0,18.7,55.3,6.384350873009287,2.68,2.290640209,0.05
20.0,16.0,4.0,18.7,55.3,6.384350873009287,2.68,2.274621746,0.06
75.0,28.0,47.0,97.2,2.799999999999997,6.384350873009287,2.68,1.393606281,0.25
75.0,28.0,47.0,97.2,2.799999999999997,6.384350873009287,2.68,1.345550892,0.28
28.0,16.0,12.0,70.6,25.40000000000001,6.384350873009287,2.759,1.874160171,0.13
34.0,17.0,17.0,71.8,23.200000000000003,6.384350873009287,2.68,1.810086319,0.15
35.0,18.0,17.0,75.2,18.8,6.384350873009287,2.68,1.794067856,0.15
35.0,17.0,18.0,70.0,22.0,6.384350873009287,2.68,1.826104782,0.15
28.0,17.0,11.0,70.5,25.5,6.384350873009287,2.749,1.874160171,0.14
36.0,20.0,16.0,62.0,29.0,6.384350873009287,2.68,1.826104782,0.16
30.0,17.0,13.0,67.5,23.5,6.384350873009287,2.68,1.92221556,0.14
30.0,17.0,13.0,71.1,22.90000000000001,6.384350873009287,2.68,1.842123245,0.14
40.0,18.0,22.0,76.6,21.40000000000001,6.384350873009287,2.741,1.890178634,0.14
38.0,15.0,23.0,67.3,25.700000000000003,6.384350873009287,2.749,1.890178634,0.14
38.0,15.0,23.0,67.3,25.700000000000003,6.384350873009287,2.749,1.954252486,0.12
38.0,15.0,23.0,67.3,25.700000000000003,6.384350873009287,2.749,1.858141708,0.15
37.0,20.0,17.0,79.4,17.599999999999994,6.384350873009287,2.68,1.746012467,0.16
30.0,17.0,13.0,71.8,23.200000000000003,6.384350873009287,2.68,1.842123245,0.15
32.0,16.0,16.0,70.0,22.0,6.384350873009287,2.68,1.858141708,0.14
31.0,16.0,15.0,74.7,21.3,6.384350873009287,2.68,1.826104782,0.15
33.0,18.0,15.0,71.5,23.5,6.384350873009287,2.742,1.890178634,0.12
33.0,18.0,15.0,71.5,23.5,6.384350873009287,2.742,1.906197097,0.13
41.0,18.0,23.0,79.3,18.700000000000003,6.384350873009287,2.769,1.794067856,0.16
47.0,20.0,27.0,72.2,21.8,6.384350873009287,2.68,1.810086319,0.15
41.0,23.0,18.0,77.0,19.0,6.384350873009287,2.68,1.633883226,0.22
47.0,23.0,24.0,79.8,17.200000000000003,6.384350873009287,2.68,1.697957078,0.18
43.0,19.0,24.0,73.7,22.3,6.384350873009287,2.761,1.7347995429,0.18
44.0,18.0,26.0,85.4,14.599999999999994,6.384350873009287,2.759,1.842123245,0.15
44.0,18.0,26.0,85.4,14.599999999999994,6.384350873009287,2.759,1.681938615,0.19
44.0,18.0,26.0,85.4,14.599999999999994,6.384350873009287,2.759,1.858141708,0.15
44.0,18.0,26.0,85.4,14.599999999999994,6.384350873009287,2.759,1.746012467,0.18
38.0,18.0,20.0,71.8,23.200000000000003,6.384350873009287,2.755,1.842123245,0.15
38.0,18.0,20.0,71.8,23.200000000000003,6.384350873009287,2.755,1.8645490932,0.15
38.0,18.0,20.0,71.8,23.200000000000003,6.384350873009287,2.755,1.858141708,0.15
38.0,18.0,20.0,71.8,23.200000000000003,6.384350873009287,2.755,1.8277066283,0.16
35.0,15.0,20.0,72.6,24.40000000000001,6.384350873009287,2.738,1.890178634,0.14
35.0,15.0,20.0,72.6,24.40000000000001,6.384350873009287,2.738,1.9286229452,0.12
32.0,18.0,14.0,79.8,19.200000000000003,6.384350873009287,2.68,1.826104782,0.14
32.0,18.0,14.0,79.8,19.200000000000003,6.384350873009287,2.68,1.729994004,0.16
27.0,19.0,8.0,46.1,22.9,6.384350873009287,2.68,1.954252486,0.11
27.0,19.0,8.0,46.1,22.9,6.384350873009287,2.68,1.906197097,0.11
21.0,16.0,5.0,5.6,50.4,6.384350873009287,2.68,2.130455579,0.08
22.0,15.0,7.0,64.8,27.200000000000003,6.384350873009287,2.68,1.986289412,0.11
22.0,15.0,7.0,64.8,27.200000000000003,6.384350873009287,2.68,1.986289412,0.1
18.0,16.0,2.0,10.8,48.2,6.384350873009287,2.68,2.194529431,0.07
23.0,17.0,6.0,74.7,20.3,6.384350873009287,2.68,1.906197097,0.12
24.0,17.0,7.0,45.5,39.5,6.384350873009287,2.68,1.92221556,0.12
24.0,17.0,7.0,45.5,39.5,6.384350873009287,2.68,2.002307875,0.11
34.0,20.0,14.0,82.7,13.299999999999995,6.384350873009287,2.68,1.874160171,0.13
27.0,16.0,11.0,74.0,23.0,6.384350873009287,2.68,1.842123245,0.16
27.0,16.0,11.0,74.0,23.0,6.384350873009287,2.68,1.842123245,0.15
29.0,18.0,11.0,71.5,24.5,6.384350873009287,2.68,1.874160171,0.14
29.0,18.0,11.0,71.5,24.5,6.384350873009287,2.68,1.778049393,0.15
45.0,21.0,24.0,86.1,12.900000000000006,6.384350873009287,2.68,1.697957078,0.18
45.0,21.0,24.0,86.1,12.900000000000006,6.384350873009287,2.68,1.681938615,0.18
41.0,30.0,11.0,52.8,31.200000000000003,6.384350873009287,2.722,1.7428087744,0.2
41.0,30.0,11.0,52.8,31.200000000000003,6.384350873009287,2.722,1.7812530856,0.18
40.0,27.0,13.0,59.1,33.9,6.384350873009287,2.758,1.7508180059,0.18
24.0,17.0,7.0,18.3,45.7,6.384350873009287,2.68,2.130455579,0.08
20.0,18.0,2.0,24.7,63.3,6.384350873009287,2.68,2.114437116,0.09
28.0,15.0,13.0,30.8,46.2,6.384350873009287,2.68,2.018326338,0.1
26.0,21.0,5.0,13.6,52.4,6.384350873009287,2.749,2.114437116,0.08
27.0,13.0,14.0,24.4,53.6,6.384350873009287,2.731,2.066381727,0.08
21.0,18.0,3.0,15.6,49.4,6.384350873009287,2.68,2.130455579,0.08
26.0,16.0,10.0,15.8,54.2,6.384350873009287,2.748,2.114437116,0.08
24.0,22.0,2.0,17.9,58.1,6.384350873009287,2.717,2.08240019,0.1
22.0,19.0,3.0,25.6,57.4,6.384350873009287,2.692,2.08240019,0.09
28.0,22.0,6.0,20.9,62.1,6.384350873009287,2.681,1.970270949,0.12
31.0,20.0,11.0,21.7,59.3,6.384350873009287,2.691,2.034344801,0.11
24.0,19.0,5.0,35.8,56.2,6.384350873009287,2.68,1.986289412,0.11
25.0,21.0,4.0,29.9,53.1,6.384350873009287,2.68,1.986289412,0.1
28.0,20.0,8.0,33.0,56.0,6.384350873009287,2.68,1.954252486,0.11
28.0,19.0,9.0,30.9,59.1,6.384350873009287,2.68,1.986289412,0.1
28.0,20.0,8.0,28.5,58.5,6.384350873009287,2.68,2.050363264,0.08
22.0,16.0,6.0,25.5,47.5,6.384350873009287,2.68,2.146474042,0.07
27.0,19.0,8.0,38.7,48.3,6.384350873009287,2.68,2.018326338,0.09
23.0,16.0,7.0,19.1,64.9,6.384350873009287,2.665,2.162492505,0.07
26.0,18.0,8.0,34.4,54.6,6.384350873009287,2.635,2.066381727,0.09
21.0,16.0,5.0,26.4,45.6,6.384350873009287,2.68,2.130455579,0.07
,,0.0,9.0,66.0,6.384350873009287,2.656,2.1160389623,0.07
,,0.0,9.0,66.0,6.384350873009287,2.656,2.1560851198,0.06
23.0,18.0,5.0,24.4,58.6,6.384350873009287,2.68,2.08240019,0.08
22.0,17.0,5.0,36.0,54.0,6.384350873009287,2.642,2.08240019,0.09
24.0,18.0,6.0,32.9,55.1,6.384350873009287,2.68,1.986289412,0.1
22.0,14.0,8.0,27.9,33.1,6.384350873009287,2.68,2.146474042,0.08
20.0,16.0,4.0,25.4,33.6,6.384350873009287,2.68,2.194529431,0.06
20.0,13.0,7.0,40.5,38.5,6.384350873009287,2.68,2.08240019,0.08
20.0,15.0,5.0,25.5,34.5,6.384350873009287,2.68,2.24258482,0.06
24.0,14.0,10.0,61.2,21.8,6.384350873009287,2.68,1.986289412,0.1
21.0,16.0,5.0,45.3,33.7,6.384350873009287,2.68,2.130455579,0.08
20.0,16.0,4.0,29.6,33.4,6.384350873009287,2.68,2.194529431,0.06
21.0,15.0,6.0,47.7,30.3,6.384350873009287,2.68,2.162492505,0.07
19.0,17.0,2.0,26.3,35.7,6.384350873009287,2.68,2.210547894,0.06
27.0,21.0,6.0,22.5,55.5,6.384350873009287,2.68,1.970270949,0.11
30.0,15.0,15.0,30.9,56.1,6.384350873009287,2.68,1.970270949,0.11
30.0,15.0,15.0,30.9,56.1,6.384350873009287,2.68,2.098418653,0.08
31.0,18.0,13.0,34.4,52.6,6.384350873009287,2.68,1.906197097,0.12
25.0,17.0,8.0,16.9,59.1,6.384350873009287,2.68,2.130455579,0.07
25.0,17.0,8.0,16.9,59.1,6.384350873009287,2.68,2.098418653,0.08
26.0,17.0,9.0,24.9,65.1,6.384350873009287,2.68,2.018326338,0.1
26.0,17.0,9.0,24.9,65.1,6.384350873009287,2.68,2.034344801,0.1
34.0,20.0,14.0,23.5,59.5,6.384350873009287,2.68,1.986289412,0.1
34.0,20.0,14.0,23.5,59.5,6.384350873009287,2.68,2.018326338,0.1
43.0,16.0,27.0,29.5,42.5,6.384350873009287,2.68,1.794067856,0.15
43.0,16.0,27.0,29.5,42.5,6.384350873009287,2.68,1.76203093,0.15
26.0,17.0,9.0,16.2,51.8,6.384350873009287,2.68,2.066381727,0.09
26.0,17.0,9.0,16.2,51.8,6.384350873009287,2.68,2.034344801,0.09
27.0,17.0,10.0,13.8,33.2,6.384350873009287,2.68,1.986289412,0.1
27.0,17.0,10.0,13.8,33.2,6.384350873009287,2.68,1.938234023,0.12
31.0,18.0,13.0,17.5,44.5,6.384350873009287,2.68,2.098418653,0.08
31.0,18.0,13.0,17.5,44.5,6.384350873009287,2.68,2.146474042,0.08
32.0,16.0,16.0,22.7,45.3,6.384350873009287,2.68,2.050363264,0.1
23.0,14.0,9.0,17.3,51.7,6.384350873009287,2.68,2.066381727,0.1
23.0,14.0,9.0,17.3,51.7,6.384350873009287,2.68,1.76203093,0.17
26.0,16.0,10.0,20.9,44.1,6.384350873009287,2.68,2.178510968,0.07
26.0,16.0,10.0,20.9,44.1,6.384350873009287,2.68,2.178510968,0.06
38.0,14.0,24.0,28.5,35.5,6.384350873009287,2.68,1.92221556,0.12
38.0,14.0,24.0,28.5,35.5,6.384350873009287,2.68,1.906197097,0.11
28.0,12.0,16.0,12.3,24.7,6.384350873009287,2.68,2.24258482,0.07
28.0,19.0,9.0,12.4,63.6,6.384350873009287,2.68,2.018326338,0.09
28.0,19.0,9.0,12.4,63.6,6.384350873009287,2.68,1.986289412,0.11
37.0,24.0,13.0,17.8,47.2,6.384350873009287,2.68,1.76203093,0.17
37.0,24.0,13.0,17.8,47.2,6.384350873009287,2.68,1.489717059,0.16
37.0,23.0,14.0,19.5,50.5,6.384350873009287,2.68,1.713975541,0.2
24.0,11.0,13.0,33.4,60.6,6.384350873009287,2.68,1.970270949,0.1
24.0,11.0,13.0,33.4,60.6,6.384350873009287,2.68,2.08240019,0.07
20.0,14.0,6.0,19.8,62.2,6.384350873009287,2.68,2.210547894,0.06
20.0,14.0,6.0,19.8,62.2,6.384350873009287,2.68,2.130455579,0.07
17.0,15.0,2.0,30.1,63.9,6.384350873009287,2.68,2.066381727,0.09
17.0,15.0,2.0,30.1,63.9,6.384350873009287,2.68,2.034344801,0.09
28.0,18.0,10.0,25.4,43.6,6.384350873009287,2.68,2.002307875,0.09
28.0,18.0,10.0,25.4,43.6,6.384350873009287,2.68,2.050363264,0.09
26.0,14.0,12.0,17.4,50.6,6.384350873009287,2.68,2.002307875,0.1
26.0,14.0,12.0,17.4,50.6,6.384350873009287,2.68,1.986289412,0.1
36.0,16.0,20.0,50.9,43.1,6.384350873009287,2.68,1.826104782,0.14
36.0,16.0,20.0,50.9,43.1,6.384350873009287,2.68,1.826104782,0.13
48.0,20.0,28.0,13.1,19.9,6.384350873009287,2.68,1.986289412,0.1
48.0,20.0,28.0,13.1,19.9,6.384350873009287,2.68,1.794067856,0.16
25.0,20.0,5.0,20.3,55.7,6.384350873009287,2.68,2.034344801,0.1
20.0,17.0,3.0,12.2,43.8,6.384350873009287,2.68,2.066381727,0.09
23.0,18.0,5.0,13.9,47.1,6.384350873009287,2.68,2.0263355695,0.09
27.0,19.0,8.0,31.0,58.0,6.384350873009287,2.68,1.954252486,0.11
44.0,19.0,25.0,45.2,49.8,6.384350873009287,2.68,1.76203093,0.15
41.0,17.0,24.0,43.5,53.5,6.384350873009287,2.68,1.794067856,0.14
31.0,16.0,15.0,38.8,56.2,6.384350873009287,2.68,1.874160171,0.11
36.0,16.0,20.0,45.9,53.1,6.384350873009287,2.68,1.8821694025,0.12
35.0,17.0,18.0,45.0,54.0,6.384350873009287,2.68,1.826104782,0.14
35.0,17.0,18.0,45.0,54.0,6.384350873009287,2.68,1.826104782,0.13
36.0,16.0,20.0,29.4,63.6,6.384350873009287,2.68,1.810086319,0.14
55.0,19.0,36.0,90.2,9.799999999999995,6.384350873009287,2.68,1.649901689,0.19
21.0,17.0,4.0,29.0,70.0,6.384350873009287,2.68,1.7748457004,0.1
33.0,14.0,19.0,84.7,15.299999999999995,6.384350873009287,2.68,1.746012467,0.13
,,0.0,71.4,28.599999999999994,6.384350873009287,2.68,1.778049393,0.12
34.0,13.0,21.0,74.9,25.099999999999994,6.384350873009287,2.68,1.76203093,0.16
,,0.0,16.3,83.7,6.384350873009287,2.68,1.729994004,0.12
57.0,18.0,39.0,94.0,6.0,6.384350873009287,2.68,1.585827837,0.21
21.0,16.0,5.0,25.6,74.4,6.384350873009287,2.68,1.7203829262,0.12
40.0,14.0,26.0,74.6,25.40000000000001,6.384350873009287,2.68,1.826104782,0.14
,,0.0,27.0,73.0,6.384350873009287,2.68,1.76203093,0.12
32.0,17.0,15.0,85.9,14.099999999999994,6.384350873009287,2.68,1.794067856,0.14
20.0,16.0,4.0,16.8,83.2,6.384350873009287,2.68,1.7091700021,0.12
30.0,20.0,10.0,95.2,4.799999999999997,6.384350873009287,2.593,1.746012467,0.16
30.0,20.0,10.0,95.2,4.799999999999997,6.384350873009287,2.593,1.76203093,0.14
44.0,19.0,25.0,89.0,8.0,6.384350873009287,2.72,1.729994004,0.19
44.0,19.0,25.0,89.0,8.0,6.384350873009287,2.72,1.633883226,0.21
44.0,23.0,21.0,88.6,11.400000000000006,6.384350873009287,2.686,1.649901689,0.19
44.0,23.0,21.0,88.6,11.400000000000006,6.384350873009287,2.686,1.810086319,0.15
24.0,15.0,9.0,49.0,51.0,6.384350873009287,2.609,1.874160171,0.12
24.0,15.0,9.0,49.0,51.0,6.384350873009287,2.609,1.6018463,0.21
24.0,21.0,3.0,56.3,39.7,6.384350873009287,2.586,1.842123245,0.14
24.0,21.0,3.0,56.3,39.7,6.384350873009287,2.586,1.890178634,0.12
55.0,22.0,33.0,85.9,13.099999999999994,6.384350873009287,2.647,1.681938615,0.19
55.0,22.0,33.0,85.9,13.099999999999994,6.384350873009287,2.647,1.713975541,0.17
24.0,16.0,8.0,50.3,32.7,6.384350873009287,2.67,2.114437116,0.09
24.0,16.0,8.0,50.3,32.7,6.384350873009287,2.67,2.194529431,0.07
19.0,15.0,4.0,43.0,51.0,6.384350873009287,2.659,1.986289412,0.1
19.0,15.0,4.0,43.0,51.0,6.384350873009287,2.659,1.986289412,0.11
31.0,22.0,9.0,87.2,12.799999999999995,6.384350873009287,2.68,1.778049393,0.16
31.0,22.0,9.0,87.2,12.799999999999995,6.384350873009287,2.68,1.826104782,0.14
35.0,22.0,13.0,52.0,28.0,6.384350873009287,2.693,1.858141708,0.14
35.0,22.0,13.0,52.0,28.0,6.384350873009287,2.693,1.906197097,0.14
34.0,24.0,10.0,39.1,35.9,6.384350873009287,2.545,1.842123245,0.14
34.0,24.0,10.0,39.1,35.9,6.384350873009287,2.545,1.874160171,0.13
57.0,19.0,38.0,92.6,7.400000000000006,6.384350873009287,2.68,1.5826241444,0.23
54.0,20.0,34.0,90.2,8.799999999999997,6.384350873009287,2.68,1.7524198522,0.16
38.0,17.0,21.0,86.7,13.299999999999995,6.384350873009287,2.68,1.6755312298,0.18
23.0,14.0,9.0,72.6,27.40000000000001,6.384350873009287,2.68,1.9766783342,0.1
29.0,16.0,13.0,85.9,13.099999999999994,6.384350873009287,2.68,1.7604290837,0.16
26.0,18.0,8.0,86.3,12.700000000000005,6.384350873009287,2.68,1.9670672564,0.11
33.0,25.0,8.0,91.2,8.799999999999997,6.384350873009287,2.68,1.633883226,0.22
33.0,25.0,8.0,91.2,8.799999999999997,6.384350873009287,2.68,1.633883226,0.2
37.0,26.0,11.0,85.2,14.799999999999995,6.384350873009287,2.68,1.649901689,0.21
35.0,30.0,5.0,68.4,28.599999999999994,6.384350873009287,2.68,1.489717059,0.14
35.0,30.0,5.0,68.4,28.599999999999994,6.384350873009287,2.68,1.393606281,0.33
34.0,20.0,14.0,50.4,10.6,6.384350873009287,2.68,1.76203093,0.17
34.0,20.0,14.0,50.4,10.6,6.384350873009287,2.68,1.713975541,0.16
33.0,19.0,14.0,12.0,20.0,6.384350873009287,2.68,2.098418653,0.08
33.0,19.0,14.0,12.0,20.0,6.384350873009287,2.68,2.146474042,0.09
42.0,27.0,15.0,51.4,21.6,6.384350873009287,2.68,1.633883226,0.2
42.0,27.0,15.0,51.4,21.6,6.384350873009287,2.68,1.553790911,0.22
40.0,25.0,15.0,16.6,19.4,6.384350873009287,2.68,1.938234023,0.14
40.0,25.0,15.0,16.6,19.4,6.384350873009287,2.68,1.92221556,0.14
28.0,20.0,8.0,8.3,33.7,6.384350873009287,2.68,2.130455579,0.09
35.0,22.0,13.0,9.5,22.5,6.384350873009287,2.68,1.970270949,0.12
35.0,22.0,13.0,9.5,22.5,6.384350873009287,2.68,2.066381727,0.11
30.0,21.0,9.0,4.8,21.2,6.384350873009287,2.68,2.194529431,0.08
30.0,21.0,9.0,4.8,21.2,6.384350873009287,2.68,2.130455579,0.08
35.0,19.0,16.0,50.7,37.3,6.384350873009287,2.68,1.778049393,0.16
25.0,16.0,9.0,19.0,41.0,6.384350873009287,2.68,2.210547894,0.06
25.0,16.0,9.0,19.0,41.0,6.384350873009287,2.68,2.162492505,0.07
25.0,16.0,9.0,19.0,41.0,6.384350873009287,2.68,2.178510968,0.08
58.0,23.0,35.0,62.6,25.4,6.384350873009287,2.68,1.6018463,0.19
58.0,23.0,35.0,62.6,25.4,6.384350873009287,2.68,1.521753985,0.17
50.0,24.0,26.0,62.4,34.6,6.384350873009287,2.68,1.6018463,0.25
50.0,24.0,26.0,62.4,34.6,6.384350873009287,2.68,1.553790911,0.2
41.0,20.0,21.0,34.3,30.700000000000003,6.384350873009287,2.68,1.858141708,0.14
41.0,20.0,21.0,34.3,30.700000000000003,6.384350873009287,2.68,1.810086319,0.15
24.0,19.0,5.0,6.1,31.9,6.384350873009287,2.68,2.146474042,0.08
24.0,19.0,5.0,6.1,31.9,6.384350873009287,2.68,2.178510968,0.07
38.0,21.0,17.0,36.6,33.4,6.384350873009287,2.68,1.826104782,0.16
38.0,21.0,17.0,36.6,33.4,6.384350873009287,2.68,1.778049393,0.17
30.0,23.0,7.0,76.8,21.200000000000003,6.384350873009287,2.68,1.7027626169,0.17
21.0,18.0,3.0,14.8,30.2,6.384350873009287,2.68,2.2009368162,0.08
26.0,21.0,5.0,42.4,26.6,6.384350873009287,2.68,1.9206137137,0.12
23.0,16.0,7.0,33.4,29.6,6.384350873009287,2.68,2.162492505,0.08
26.0,15.0,11.0,40.3,44.7,6.384350873009287,2.674,1.92221556,0.12
26.0,15.0,11.0,40.3,44.7,6.384350873009287,2.674,2.178510968,0.08
20.0,15.0,5.0,13.1,35.9,6.384350873009287,2.723,2.258603283,0.06
20.0,15.0,5.0,13.1,35.9,6.384350873009287,2.723,2.24258482,0.07
18.0,15.0,3.0,12.4,38.6,6.384350873009287,2.68,2.306658672,0.06
26.0,20.0,6.0,34.8,27.200000000000003,6.384350873009287,2.705,2.098418653,0.09
26.0,20.0,6.0,34.8,27.200000000000003,6.384350873009287,2.705,1.938234023,0.11
22.0,18.0,4.0,19.3,27.7,6.384350873009287,2.68,2.210547894,0.06
28.0,21.0,7.0,67.7,19.3,6.384350873009287,2.606,2.050363264,0.1
28.0,21.0,7.0,67.7,19.3,6.384350873009287,2.606,2.08240019,0.08
23.0,16.0,7.0,27.2,38.8,6.384350873009287,2.564,1.890178634,0.11
23.0,16.0,7.0,27.2,38.8,6.384350873009287,2.564,1.681938615,0.13
21.0,15.0,6.0,17.0,39.0,6.384350873009287,2.658,2.322677135,0.04
29.0,19.0,10.0,43.7,36.3,6.384350873009287,2.847,1.92221556,0.12
29.0,19.0,10.0,43.7,36.3,6.384350873009287,2.847,1.874160171,0.11
19.0,14.0,5.0,5.3,10.7,6.384350873009287,2.686,2.290640209,0.05
33.0,19.0,14.0,47.6,36.4,6.384350873009287,2.897,1.890178634,0.13
31.0,24.0,7.0,11.7,32.3,6.384350873009287,2.741,2.098418653,0.09
20.0,18.0,2.0,7.6,31.4,6.384350873009287,2.705,2.290640209,0.06
23.0,17.0,6.0,42.3,35.7,6.384350873009287,2.737,1.986289412,0.1
23.0,17.0,6.0,42.3,35.7,6.384350873009287,2.737,1.986289412,0.11
26.0,24.0,2.0,24.4,34.6,6.384350873009287,2.866,2.146474042,0.07
26.0,24.0,2.0,24.4,34.6,6.384350873009287,2.866,1.906197097,0.12
28.0,19.0,9.0,58.0,32.0,6.384350873009287,2.737,1.890178634,0.13
28.0,19.0,9.0,58.0,32.0,6.384350873009287,2.737,2.114437116,0.08
21.0,15.0,6.0,24.8,38.2,6.384350873009287,2.592,2.226566357,0.06
20.0,16.0,4.0,33.5,44.5,6.384350873009287,2.743,2.034344801,0.09
20.0,16.0,4.0,33.5,44.5,6.384350873009287,2.743,2.050363264,0.09
19.0,15.0,4.0,19.2,35.8,6.384350873009287,2.651,2.210547894,0.05
19.0,15.0,4.0,19.2,35.8,6.384350873009287,2.651,2.226566357,0.05
25.0,22.0,3.0,32.9,48.1,6.384350873009287,2.716,2.050363264,0.08
25.0,22.0,3.0,32.9,48.1,6.384350873009287,2.716,2.034344801,0.09
18.0,15.0,3.0,16.7,31.3,6.384350873009287,2.615,2.226566357,0.06
18.0,15.0,3.0,16.7,31.3,6.384350873009287,2.615,2.24258482,0.05
27.0,17.0,10.0,21.2,65.8,6.384350873009287,2.727,2.034344801,0.11
27.0,17.0,10.0,21.2,65.8,6.384350873009287,2.727,2.08240019,0.09
30.0,24.0,6.0,51.2,36.8,6.384350873009287,2.715,1.954252486,0.13
30.0,24.0,6.0,51.2,36.8,6.384350873009287,2.715,1.938234023,0.12
24.0,18.0,6.0,39.4,47.6,6.384350873009287,2.66,1.906197097,0.12
24.0,18.0,6.0,39.4,47.6,6.384350873009287,2.66,2.034344801,0.1
26.0,20.0,6.0,31.1,45.9,6.384350873009287,2.763,2.034344801,0.1
26.0,20.0,6.0,31.1,45.9,6.384350873009287,2.763,1.986289412,0.1
21.0,16.0,5.0,22.9,46.1,6.384350873009287,2.678,2.146474042,0.08
21.0,16.0,5.0,22.9,46.1,6.384350873009287,2.678,2.114437116,0.08
23.0,16.0,7.0,26.7,40.3,6.384350873009287,2.686,2.018326338,0.1
23.0,16.0,7.0,26.7,40.3,6.384350873009287,2.686,1.986289412,0.11
21.0,17.0,4.0,14.3,20.7,6.384350873009287,2.701,2.258603283,0.07
21.0,17.0,4.0,14.3,20.7,6.384350873009287,2.701,2.194529431,0.06
31.0,25.0,6.0,47.4,44.6,6.384350873009287,2.673,1.746012467,0.16
31.0,25.0,6.0,47.4,44.6,6.384350873009287,2.673,1.713975541,0.16
36.0,20.0,16.0,30.1,59.9,6.384350873009287,2.663,1.92221556,0.13
36.0,20.0,16.0,30.1,59.9,6.384350873009287,2.663,1.938234023,0.12
41.0,33.0,8.0,55.4,42.6,6.384350873009287,2.839,1.713975541,0.19
41.0,33.0,8.0,55.4,42.6,6.384350873009287,2.839,1.746012467,0.17
25.0,18.0,7.0,24.0,76.0,6.384350873009287,2.62,2.002307875,0.1
25.0,18.0,7.0,24.0,76.0,6.384350873009287,2.62,2.034344801,0.09
20.0,14.0,6.0,26.1,73.9,6.384350873009287,2.664,2.034344801,0.09
20.0,14.0,6.0,26.1,73.9,6.384350873009287,2.664,2.018326338,0.1
30.0,24.0,6.0,50.4,45.6,6.384350873009287,2.755,1.794067856,0.16
30.0,24.0,6.0,50.4,45.6,6.384350873009287,2.755,1.826104782,0.14
46.0,24.0,22.0,98.6,1.4000000000000057,6.384350873009287,2.68,1.633883226,0.19
46.0,24.0,22.0,98.6,1.4000000000000057,6.384350873009287,2.68,1.794067856,0.17
46.0,24.0,22.0,98.6,1.4000000000000057,6.384350873009287,2.68,1.778049393,0.17
51.0,25.0,26.0,95.5,4.5,6.384350873009287,2.68,1.76203093,0.18
51.0,25.0,26.0,95.5,4.5,6.384350873009287,2.68,1.585827837,0.22
51.0,25.0,26.0,95.5,4.5,6.384350873009287,2.68,1.729994004,0.19
48.0,20.0,28.0,97.2,1.7999999999999972,6.384350873009287,2.707,1.6018463,0.22
51.0,21.0,30.0,96.5,2.5,6.384350873009287,2.713,1.585827837,0.2
41.0,23.0,18.0,94.1,4.900000000000006,6.384350873009287,2.709,1.681938615,0.18
36.0,22.0,14.0,98.2,1.7999999999999972,6.384350873009287,2.68,1.858141708,0.15
36.0,22.0,14.0,98.2,1.7999999999999972,6.384350873009287,2.68,1.729994004,0.16
36.0,22.0,14.0,98.2,1.7999999999999972,6.384350873009287,2.68,1.826104782,0.15
36.0,22.0,14.0,98.2,1.7999999999999972,6.384350873009287,2.68,1.842123245,0.15
37.0,18.0,19.0,59.7,37.3,6.384350873009287,2.674,1.697957078,0.18
37.0,18.0,19.0,59.7,37.3,6.384350873009287,2.674,1.778049393,0.15
28.0,21.0,7.0,53.9,39.1,6.384350873009287,2.68,1.794067856,0.15
28.0,21.0,7.0,53.9,39.1,6.384350873009287,2.68,1.697957078,0.18
19.0,15.0,4.0,6.4,53.6,6.384350873009287,2.68,2.210547894,0.06
19.0,15.0,4.0,6.4,53.6,6.384350873009287,2.68,2.24258482,0.06
32.0,15.0,17.0,62.3,32.7,6.384350873009287,2.68,1.890178634,0.14
32.0,15.0,17.0,62.3,32.7,6.384350873009287,2.68,1.890178634,0.13
27.0,23.0,4.0,8.2,56.8,6.384350873009287,2.68,2.098418653,0.1
27.0,23.0,4.0,8.2,56.8,6.384350873009287,2.68,2.066381727,0.1
26.0,18.0,8.0,58.5,37.5,6.384350873009287,2.68,1.92221556,0.12
26.0,18.0,8.0,58.5,37.5,6.384350873009287,2.68,1.890178634,0.13
26.0,23.0,3.0,10.3,67.7,6.384350873009287,2.68,2.114437116,0.08
26.0,23.0,3.0,10.3,67.7,6.384350873009287,2.68,2.162492505,0.08
29.0,16.0,13.0,42.8,31.200000000000003,6.384350873009287,2.68,2.018326338,0.11
29.0,16.0,13.0,42.8,31.200000000000003,6.384350873009287,2.68,1.874160171,0.14
21.0,17.0,4.0,22.7,34.3,6.384350873009287,2.68,2.274621746,0.05
29.0,17.0,12.0,68.6,21.40000000000001,6.384350873009287,2.68,1.906197097,0.13
29.0,17.0,12.0,68.6,21.40000000000001,6.384350873009287,2.68,1.890178634,0.14
27.0,23.0,4.0,18.4,38.6,6.384350873009287,2.68,2.08240019,0.09
27.0,23.0,4.0,18.4,38.6,6.384350873009287,2.68,2.08240019,0.08
51.0,22.0,29.0,69.9,26.099999999999994,6.384350873009287,2.68,1.633883226,0.21
51.0,22.0,29.0,69.9,26.099999999999994,6.384350873009287,2.68,1.649901689,0.21
26.0,21.0,5.0,7.1,54.9,6.384350873009287,2.68,2.018326338,0.07
26.0,21.0,5.0,7.1,54.9,6.384350873009287,2.68,2.08240019,0.06
24.0,22.0,2.0,67.8,19.200000000000003,6.384350873009287,2.68,1.92221556,0.12
24.0,22.0,2.0,67.8,19.200000000000003,6.384350873009287,2.68,1.954252486,0.11
25.0,19.0,6.0,25.9,27.1,6.384350873009287,2.68,2.018326338,0.09
25.0,19.0,6.0,25.9,27.1,6.384350873009287,2.68,2.034344801,0.11
47.0,21.0,26.0,64.7,34.3,6.384350873009287,2.68,1.713975541,0.18
47.0,21.0,26.0,64.7,34.3,6.384350873009287,2.68,1.6018463,0.21
26.0,24.0,2.0,14.0,48.0,6.384350873009287,2.68,2.098418653,0.08
26.0,24.0,2.0,14.0,48.0,6.384350873009287,2.68,2.162492505,0.07
31.0,21.0,10.0,92.3,5.700000000000003,6.384350873009287,2.68,1.76203093,0.16
31.0,21.0,10.0,92.3,5.700000000000003,6.384350873009287,2.68,1.746012467,0.18
19.0,16.0,3.0,13.2,39.8,6.384350873009287,2.68,2.226566357,0.07
19.0,16.0,3.0,13.2,39.8,6.384350873009287,2.68,2.194529431,0.07
65.0,18.0,47.0,96.3,3.700000000000003,6.384350873009287,2.68,1.6018463,0.21
65.0,18.0,47.0,96.3,3.700000000000003,6.384350873009287,2.68,1.649901689,0.22
32.0,18.0,14.0,64.8,33.2,6.384350873009287,2.68,1.746012467,0.17
32.0,18.0,14.0,64.8,33.2,6.384350873009287,2.68,1.794067856,0.15
26.0,18.0,8.0,14.4,56.6,6.384350873009287,2.68,2.178510968,0.07
26.0,18.0,8.0,14.4,56.6,6.384350873009287,2.68,2.114437116,0.08
35.0,20.0,15.0,55.9,40.1,6.384350873009287,2.68,1.778049393,0.17
35.0,20.0,15.0,55.9,40.1,6.384350873009287,2.68,1.665920152,0.19
30.0,19.0,11.0,33.6,49.4,6.384350873009287,2.68,2.114437116,0.08
51.0,19.0,32.0,85.7,14.299999999999995,6.384350873009287,2.68,1.633883226,0.17
51.0,19.0,32.0,85.7,14.299999999999995,6.384350873009287,2.68,1.729994004,0.17
20.0,18.0,2.0,7.4,42.6,6.384350873009287,2.68,2.194529431,0.06
20.0,18.0,2.0,7.4,42.6,6.384350873009287,2.68,2.210547894,0.06
35.0,18.0,17.0,68.6,30.40000000000001,6.384350873009287,2.68,1.681938615,0.17
35.0,18.0,17.0,68.6,30.40000000000001,6.384350873009287,2.68,1.697957078,0.17
21.0,17.0,4.0,10.3,63.7,6.384350873009287,2.68,2.162492505,0.07
21.0,17.0,4.0,10.3,63.7,6.384350873009287,2.68,2.08240019,0.1
43.0,22.0,21.0,92.8,6.200000000000003,6.384350873009287,2.68,1.7444106207,0.15
30.0,17.0,13.0,63.9,33.1,6.384350873009287,2.68,1.8613454006,0.12
39.0,19.0,20.0,54.4,29.6,6.384350873009287,2.568,1.826104782,0.15
39.0,19.0,20.0,54.4,29.6,6.384350873009287,2.568,1.681938615,0.19
13.0,12.0,1.0,11.9,42.1,6.384350873009287,2.689,2.354714061,0.05
13.0,12.0,1.0,11.9,42.1,6.384350873009287,2.689,2.306658672,0.06
51.0,25.0,26.0,67.6,19.40000000000001,6.384350873009287,2.787,1.665920152,0.21
51.0,25.0,26.0,67.6,19.40000000000001,6.384350873009287,2.787,1.617864763,0.19
32.0,20.0,12.0,44.9,37.1,6.384350873009287,2.692,1.842123245,0.14
32.0,20.0,12.0,44.9,37.1,6.384350873009287,2.692,1.826104782,0.14
19.0,14.0,5.0,15.7,47.3,6.384350873009287,2.658,2.258603283,0.06
31.0,18.0,13.0,80.6,15.400000000000006,6.384350873009287,2.725,1.794067856,0.13
31.0,18.0,13.0,80.6,15.400000000000006,6.384350873009287,2.725,1.794067856,0.14
28.0,21.0,7.0,91.1,8.900000000000006,6.384350873009287,2.668,1.794067856,0.15
28.0,21.0,7.0,91.1,8.900000000000006,6.384350873009287,2.668,1.746012467,0.15
26.0,20.0,6.0,35.9,38.1,6.384350873009287,2.687,1.890178634,0.13
26.0,20.0,6.0,35.9,38.1,6.384350873009287,2.687,1.457680133,0.24
15.0,14.0,1.0,12.1,33.9,6.384350873009287,2.645,2.306658672,0.05
53.0,24.0,29.0,74.5,18.5,6.384350873009287,2.72,1.713975541,0.19
53.0,24.0,29.0,74.5,18.5,6.384350873009287,2.72,1.569809374,0.24
19.0,13.0,6.0,16.2,32.8,6.384350873009287,2.713,2.306658672,0.06
19.0,13.0,6.0,16.2,32.8,6.384350873009287,2.713,2.354714061,0.05
30.0,19.0,11.0,60.0,30.0,6.384350873009287,2.83,1.858141708,0.12
30.0,19.0,11.0,60.0,30.0,6.384350873009287,2.83,1.810086319,0.14
45.0,19.0,26.0,65.7,29.3,6.384350873009287,2.743,1.681938615,0.19
15.0,11.0,4.0,9.4,41.6,6.384350873009287,2.732,2.322677135,0.06
15.0,11.0,4.0,9.4,41.6,6.384350873009287,2.732,2.306658672,0.06
26.0,17.0,9.0,55.4,29.6,6.384350873009287,2.636,1.954252486,0.12
20.0,15.0,5.0,14.7,33.3,6.384350873009287,2.678,2.290640209,0.06
46.0,23.0,23.0,63.8,21.200000000000003,6.384350873009287,2.686,1.778049393,0.17
46.0,23.0,23.0,63.8,21.200000000000003,6.384350873009287,2.686,2.146474042,0.09
20.0,15.0,5.0,19.3,34.7,6.384350873009287,2.812,2.40276945,0.05
39.0,31.0,8.0,58.3,35.7,6.384350873009287,2.746,1.713975541,0.18
39.0,31.0,8.0,58.3,35.7,6.384350873009287,2.746,1.409624744,0.28
19.0,15.0,4.0,11.5,46.5,6.384350873009287,2.67,2.258603283,0.06
40.0,19.0,21.0,48.3,44.7,6.384350873009287,2.717,1.858141708,0.14
40.0,19.0,21.0,48.3,44.7,6.384350873009287,2.717,1.681938615,0.19
24.0,14.0,10.0,13.7,26.3,6.384350873009287,2.681,2.290640209,0.06
24.0,14.0,10.0,13.7,26.3,6.384350873009287,2.681,2.338695598,0.05
24.0,16.0,8.0,19.1,33.9,6.384350873009287,2.739,2.322677135,0.06
24.0,16.0,8.0,19.1,33.9,6.384350873009287,2.739,2.354714061,0.05
35.0,17.0,18.0,61.3,27.700000000000003,6.384350873009287,2.684,1.858141708,0.14
35.0,17.0,18.0,61.3,27.700000000000003,6.384350873009287,2.684,1.92221556,0.12
17.0,16.0,1.0,30.2,46.8,6.384350873009287,2.675,2.114437116,0.08
17.0,16.0,1.0,30.2,46.8,6.384350873009287,2.675,2.08240019,0.08
,,0.0,21.8,62.2,6.384350873009287,2.68,1.9526506397,0.11
,,0.0,8.6,27.4,6.384350873009287,2.68,2.24258482,0.06
,,0.0,18.1,59.9,6.384350873009287,2.666,1.874160171,0.14
20.0,17.0,3.0,8.4,19.6,6.384350873009287,2.645,2.2233626644,0.06
,,0.0,18.9,60.1,6.384350873009287,2.668,1.970270949,0.12
18.0,17.0,1.0,10.4,41.6,6.384350873009287,2.639,2.2169552792,0.06
21.0,17.0,4.0,16.6,35.4,6.384350873009287,2.68,2.0775946511,0.09
38.0,20.0,18.0,14.4,27.6,6.384350873009287,2.68,1.9942986435,0.1
35.0,27.0,8.0,10.4,34.6,6.384350873009287,2.68,1.7796512393,0.15
31.0,18.0,13.0,51.9,45.1,6.384350873009287,2.704,1.8501324765,0.12
31.0,18.0,13.0,51.9,45.1,6.384350873009287,2.704,1.8853730951,0.13
29.0,23.0,6.0,50.5,44.5,6.384350873009287,2.7,1.8517343228,0.12
56.0,24.0,32.0,93.7,6.299999999999997,6.384350873009287,2.657,1.569809374,0.23
56.0,24.0,32.0,93.7,6.299999999999997,6.384350873009287,2.657,1.553790911,0.23
36.0,21.0,15.0,82.0,18.0,6.384350873009287,2.645,1.649901689,0.19
36.0,21.0,15.0,82.0,18.0,6.384350873009287,2.645,1.6018463,0.2
43.0,17.0,26.0,76.9,17.099999999999994,6.384350873009287,2.632,1.729994004,0.18
43.0,17.0,26.0,76.9,17.099999999999994,6.384350873009287,2.632,1.729994004,0.14
32.0,23.0,9.0,50.1,49.9,6.384350873009287,2.775,1.681938615,0.2
32.0,23.0,9.0,50.1,49.9,6.384350873009287,2.775,1.361569355,0.33
32.0,17.0,15.0,40.4,57.6,6.384350873009287,2.667,1.746012467,0.14
32.0,17.0,15.0,40.4,57.6,6.384350873009287,2.667,1.537772448,0.24
32.0,14.0,18.0,80.9,19.099999999999994,6.384350873009287,2.74,1.746012467,0.16
32.0,14.0,18.0,80.9,19.099999999999994,6.384350873009287,2.74,1.697957078,0.18
19.0,18.0,1.0,30.7,69.3,6.384350873009287,2.694,1.874160171,0.13
19.0,18.0,1.0,30.7,69.3,6.384350873009287,2.694,1.76203093,0.13
36.0,16.0,20.0,80.7,19.3,6.384350873009287,2.68,1.697957078,0.19
36.0,16.0,20.0,80.7,19.3,6.384350873009287,2.68,1.617864763,0.22
28.0,20.0,8.0,25.2,42.8,6.384350873009287,2.642,2.066381727,0.08
28.0,20.0,8.0,25.2,42.8,6.384350873009287,2.642,2.018326338,0.09
34.0,17.0,17.0,92.5,7.5,6.384350873009287,2.701,1.585827837,0.21
34.0,17.0,17.0,92.5,7.5,6.384350873009287,2.701,1.681938615,0.16
43.0,18.0,25.0,94.0,6.0,6.384350873009287,2.665,1.681938615,0.19
43.0,18.0,25.0,94.0,6.0,6.384350873009287,2.665,1.649901689,0.2
76.0,34.0,42.0,90.6,9.400000000000006,6.384350873009287,2.68,1.44166167,0.29
76.0,34.0,42.0,90.6,9.400000000000006,6.384350873009287,2.68,1.425643207,0.29
66.0,26.0,40.0,86.9,11.099999999999994,6.384350873009287,2.621,1.345550892,0.3
66.0,26.0,40.0,86.9,11.099999999999994,6.384350873009287,2.621,1.377587818,0.3
26.0,21.0,5.0,12.7,30.3,6.384350873009287,2.68,1.986289412,0.09
19.0,17.0,2.0,23.2,54.8,6.384350873009287,2.923,2.24258482,0.09
19.0,17.0,2.0,23.2,54.8,6.384350873009287,2.923,2.210547894,0.09
38.0,25.0,13.0,60.0,31.0,6.384350873009287,2.733,1.649901689,0.2
38.0,25.0,13.0,60.0,31.0,6.384350873009287,2.733,1.505735522,0.24
17.0,13.0,4.0,13.1,29.9,6.384350873009287,2.65,2.210547894,0.06
17.0,13.0,4.0,13.1,29.9,6.384350873009287,2.65,2.24258482,0.06
17.0,16.0,1.0,20.3,33.7,6.384350873009287,2.639,2.050363264,0.1
17.0,16.0,1.0,20.3,33.7,6.384350873009287,2.639,2.066381727,0.09
28.0,16.0,12.0,39.6,40.4,6.384350873009287,2.656,1.826104782,0.14
28.0,16.0,12.0,39.6,40.4,6.384350873009287,2.656,1.858141708,0.15
17.0,15.0,2.0,17.8,33.2,6.384350873009287,2.559,2.194529431,0.06
51.0,28.0,23.0,77.5,22.5,6.384350873009287,2.76,1.409624744,0.27
51.0,28.0,23.0,77.5,22.5,6.384350873009287,2.76,1.473698596,0.27
19.0,14.0,5.0,16.8,25.2,6.384350873009287,2.68,2.226566357,0.06
19.0,14.0,5.0,16.8,25.2,6.384350873009287,2.68,2.210547894,0.06
67.0,26.0,41.0,67.0,31.0,6.384350873009287,2.719,1.569809374,0.23
67.0,26.0,41.0,67.0,31.0,6.384350873009287,2.719,1.409624744,0.28
28.0,15.0,13.0,50.1,47.9,6.384350873009287,2.667,1.842123245,0.13
28.0,15.0,13.0,50.1,47.9,6.384350873009287,2.667,1.858141708,0.13
27.0,20.0,7.0,35.4,40.6,6.384350873009287,2.668,2.002307875,0.1
27.0,20.0,7.0,35.4,40.6,6.384350873009287,2.668,2.034344801,0.08
45.0,25.0,20.0,63.0,34.0,6.384350873009287,2.794,1.697957078,0.19
45.0,25.0,20.0,63.0,34.0,6.384350873009287,2.794,1.890178634,0.14
34.0,15.0,19.0,68.4,31.599999999999994,6.384350873009287,2.662,1.778049393,0.17
34.0,15.0,19.0,68.4,31.599999999999994,6.384350873009287,2.662,1.954252486,0.1
28.0,19.0,9.0,54.0,43.0,6.384350873009287,2.668,1.729994004,0.17
28.0,19.0,9.0,54.0,43.0,6.384350873009287,2.668,1.794067856,0.15
20.0,16.0,4.0,29.0,51.0,6.384350873009287,2.878,2.178510968,0.09
20.0,16.0,4.0,29.0,51.0,6.384350873009287,2.878,2.194529431,0.09
16.0,14.0,2.0,21.7,35.3,6.384350873009287,2.626,2.194529431,0.06
16.0,14.0,2.0,21.7,35.3,6.384350873009287,2.626,2.210547894,0.07
19.0,18.0,1.0,26.7,30.3,6.384350873009287,2.678,2.130455579,0.09
51.0,24.0,27.0,81.7,18.3,6.384350873009287,2.647,1.521753985,0.25
51.0,24.0,27.0,81.7,18.3,6.384350873009287,2.647,1.585827837,0.22
58.0,19.0,39.0,68.6,31.40000000000001,6.384350873009287,2.621,1.489717059,0.24
58.0,19.0,39.0,68.6,31.40000000000001,6.384350873009287,2.621,1.537772448,0.25
46.0,21.0,25.0,71.2,28.8,6.384350873009287,2.682,1.6018463,0.22
46.0,21.0,25.0,71.2,28.8,6.384350873009287,2.682,1.6018463,0.21
37.0,22.0,15.0,59.5,37.5,6.384350873009287,2.594,1.521753985,0.22
37.0,22.0,15.0,59.5,37.5,6.384350873009287,2.594,1.44166167,0.27
34.0,31.0,3.0,19.4,47.6,6.384350873009287,2.34,1.697957078,0.16
29.0,14.0,15.0,68.3,28.700000000000003,6.384350873009287,2.663,1.713975541,0.16
29.0,14.0,15.0,68.3,28.700000000000003,6.384350873009287,2.663,1.76203093,0.14
26.0,16.0,10.0,40.2,48.8,6.384350873009287,2.639,2.018326338,0.09
41.0,17.0,24.0,75.3,24.700000000000003,6.384350873009287,2.68,1.697957078,0.19
41.0,17.0,24.0,75.3,24.700000000000003,6.384350873009287,2.68,1.746012467,0.18
65.0,20.0,45.0,90.6,9.400000000000006,6.384350873009287,2.732,1.746012467,0.18
26.0,16.0,10.0,32.4,31.6,6.384350873009287,2.78,2.066381727,0.09
26.0,16.0,10.0,32.4,31.6,6.384350873009287,2.78,2.002307875,0.11
19.0,15.0,4.0,32.9,30.1,6.384350873009287,2.676,2.162492505,0.06
19.0,15.0,4.0,32.9,30.1,6.384350873009287,2.676,2.114437116,0.08
21.0,16.0,5.0,36.9,63.1,6.384350873009287,2.693,1.954252486,0.12
21.0,16.0,5.0,36.9,63.1,6.384350873009287,2.693,1.92221556,0.13
21.0,19.0,2.0,42.1,45.9,6.384350873009287,2.935,2.258603283,0.08
21.0,19.0,2.0,42.1,45.9,6.384350873009287,2.935,2.002307875,0.11
34.0,14.0,20.0,69.4,30.599999999999994,6.384350873009287,2.625,1.746012467,0.16
34.0,14.0,20.0,69.4,30.599999999999994,6.384350873009287,2.625,1.713975541,0.18
62.0,22.0,40.0,82.1,10.900000000000006,6.384350873009287,2.726,1.633883226,0.21
62.0,22.0,40.0,82.1,10.900000000000006,6.384350873009287,2.726,1.489717059,0.25
46.0,16.0,30.0,76.8,23.200000000000003,6.384350873009287,2.649,1.6018463,0.14
46.0,16.0,30.0,76.8,23.200000000000003,6.384350873009287,2.649,1.697957078,0.14
48.0,16.0,32.0,84.0,16.0,6.384350873009287,2.648,1.633883226,0.22
48.0,16.0,32.0,84.0,16.0,6.384350873009287,2.648,1.842123245,0.14
35.0,15.0,20.0,59.9,40.1,6.384350873009287,2.707,1.729994004,0.16
35.0,15.0,20.0,59.9,40.1,6.384350873009287,2.707,1.617864763,0.2
43.0,20.0,23.0,91.6,6.400000000000006,6.384350873009287,2.635,1.665920152,0.16
23.0,22.0,1.0,17.4,35.6,6.384350873009287,2.575,2.162492505,0.06
23.0,22.0,1.0,17.4,35.6,6.384350873009287,2.575,2.162492505,0.07
33.0,17.0,16.0,42.1,57.9,6.384350873009287,2.624,1.505735522,0.25
31.0,16.0,15.0,63.4,36.6,6.384350873009287,2.664,1.778049393,0.16
31.0,16.0,15.0,63.4,36.6,6.384350873009287,2.664,1.842123245,0.15
19.0,13.0,6.0,45.3,44.7,6.384350873009287,2.705,1.890178634,0.12
19.0,13.0,6.0,45.3,44.7,6.384350873009287,2.705,1.842123245,0.14
38.0,16.0,22.0,93.4,6.599999999999994,6.384350873009287,2.686,1.713975541,0.16
38.0,16.0,22.0,93.4,6.599999999999994,6.384350873009287,2.686,1.746012467,0.16
44.0,19.0,25.0,88.7,11.299999999999995,6.384350873009287,2.609,1.681938615,0.18
44.0,19.0,25.0,88.7,11.299999999999995,6.384350873009287,2.609,1.6018463,0.2
52.0,22.0,30.0,95.4,3.5999999999999943,6.384350873009287,2.715,1.553790911,0.24
52.0,22.0,30.0,95.4,3.5999999999999943,6.384350873009287,2.715,1.633883226,0.19
35.0,27.0,8.0,24.4,47.6,6.384350873009287,2.52,1.874160171,0.13
35.0,18.0,17.0,48.6,50.4,6.384350873009287,2.622,1.713975541,0.15
35.0,18.0,17.0,48.6,50.4,6.384350873009287,2.622,1.697957078,0.18
81.0,20.0,61.0,79.4,13.599999999999994,6.384350873009287,2.753,1.473698596,0.22
81.0,20.0,61.0,79.4,13.599999999999994,6.384350873009287,2.753,1.92221556,0.11
27.0,21.0,6.0,6.8,17.2,6.384350873009287,2.738,2.24258482,0.06
27.0,21.0,6.0,6.8,17.2,6.384350873009287,2.738,2.210547894,0.06
65.0,20.0,45.0,91.7,8.299999999999997,6.384350873009287,2.675,1.617864763,0.2
65.0,20.0,45.0,91.7,8.299999999999997,6.384350873009287,2.675,1.633883226,0.17
18.0,17.0,1.0,18.5,36.5,6.384350873009287,2.555,2.130455579,0.07
18.0,17.0,1.0,18.5,36.5,6.384350873009287,2.555,1.890178634,0.12
17.0,16.0,1.0,18.1,50.9,6.384350873009287,2.544,2.114437116,0.07
17.0,16.0,1.0,18.1,50.9,6.384350873009287,2.544,2.066381727,0.08
22.0,15.0,7.0,46.5,30.5,6.384350873009287,2.673,1.986289412,0.1
22.0,15.0,7.0,46.5,30.5,6.384350873009287,2.673,1.970270949,0.11
18.0,17.0,1.0,23.1,34.9,6.384350873009287,2.658,2.08240019,0.09
19.0,15.0,4.0,28.9,40.1,6.384350873009287,2.683,2.178510968,0.07
36.0,16.0,20.0,80.7,19.3,6.384350873009287,2.69,1.697957078,0.19
36.0,16.0,20.0,80.7,19.3,6.384350873009287,2.69,1.617864763,0.22
28.0,20.0,8.0,25.2,42.8,6.384350873009287,2.68,2.066381727,0.08
28.0,20.0,8.0,25.2,42.8,6.384350873009287,2.68,2.018326338,0.09
21.0,14.0,7.0,5.5,94.5,6.384350873009287,2.63,1.92221556,0.13
21.0,14.0,7.0,5.5,94.5,6.384350873009287,2.63,1.713975541,0.18
43.0,19.0,24.0,91.2,8.799999999999997,6.384350873009287,2.682,1.729994004,0.15
43.0,19.0,24.0,91.2,8.799999999999997,6.384350873009287,2.682,1.746012467,0.15
65.0,21.0,44.0,90.2,9.799999999999995,6.384350873009287,2.665,1.489717059,0.22
65.0,21.0,44.0,90.2,9.799999999999995,6.384350873009287,2.665,1.473698596,0.21
25.0,24.0,1.0,55.6,44.4,6.384350873009287,2.688,1.746012467,0.15
25.0,24.0,1.0,55.6,44.4,6.384350873009287,2.688,1.729994004,0.13
60.0,29.0,31.0,97.6,2.4000000000000057,6.384350873009287,2.573,1.489717059,0.25
60.0,29.0,31.0,97.6,2.4000000000000057,6.384350873009287,2.573,1.505735522,0.2
44.0,27.0,17.0,40.8,38.2,6.384350873009287,2.705,1.681938615,0.18
44.0,27.0,17.0,40.8,38.2,6.384350873009287,2.705,1.393606281,0.25
40.0,17.0,23.0,41.6,58.4,6.384350873009287,2.676,1.633883226,0.22
40.0,17.0,23.0,41.6,58.4,6.384350873009287,2.676,1.585827837,0.23
60.0,24.0,36.0,82.4,11.599999999999994,6.384350873009287,2.759,1.617864763,0.24
60.0,24.0,36.0,82.4,11.599999999999994,6.384350873009287,2.759,1.489717059,0.27
23.0,14.0,9.0,25.4,42.6,6.384350873009287,2.619,2.034344801,0.1
23.0,14.0,9.0,25.4,42.6,6.384350873009287,2.619,1.986289412,0.1
33.0,18.0,15.0,48.9,47.1,6.384350873009287,2.748,1.826104782,0.16
33.0,18.0,15.0,48.9,47.1,6.384350873009287,2.748,1.810086319,0.15
25.0,16.0,9.0,43.1,51.9,6.384350873009287,2.742,1.858141708,0.14
25.0,16.0,9.0,43.1,51.9,6.384350873009287,2.742,1.890178634,0.13
45.0,26.0,19.0,53.4,23.6,6.384350873009287,2.68,1.649901689,0.18
45.0,26.0,19.0,53.4,23.6,6.384350873009287,2.68,1.617864763,0.21
25.0,14.0,11.0,62.9,23.1,6.384350873009287,2.728,1.92221556,0.13
25.0,14.0,11.0,62.9,23.1,6.384350873009287,2.728,1.970270949,0.12
31.0,26.0,5.0,50.2,48.8,6.384350873009287,2.669,1.746012467,0.18
31.0,26.0,5.0,50.2,48.8,6.384350873009287,2.669,1.826104782,0.14
36.0,18.0,18.0,56.3,43.7,6.384350873009287,2.612,1.681938615,0.19
36.0,18.0,18.0,56.3,43.7,6.384350873009287,2.612,1.665920152,0.2
33.0,19.0,14.0,77.1,22.90000000000001,6.384350873009287,2.624,1.681938615,0.18
33.0,19.0,14.0,77.1,22.90000000000001,6.384350873009287,2.624,1.713975541,0.15
30.0,14.0,16.0,67.7,30.3,6.384350873009287,2.673,1.890178634,0.13
30.0,14.0,16.0,67.7,30.3,6.384350873009287,2.673,1.890178634,0.12
21.0,14.0,7.0,23.8,26.2,6.384350873009287,2.726,2.146474042,0.08
21.0,14.0,7.0,23.8,26.2,6.384350873009287,2.726,2.162492505,0.07
27.0,18.0,9.0,59.4,34.6,6.384350873009287,2.675,1.826104782,0.14
27.0,18.0,9.0,59.4,34.6,6.384350873009287,2.675,1.794067856,0.15
36.0,16.0,20.0,78.8,17.200000000000003,6.384350873009287,2.75,1.665920152,0.17
36.0,16.0,20.0,78.8,17.200000000000003,6.384350873009287,2.75,1.713975541,0.16
41.0,21.0,20.0,75.3,24.700000000000003,6.384350873009287,2.657,1.649901689,0.19
25.0,16.0,9.0,24.3,67.7,6.384350873009287,2.674,1.810086319,0.14
25.0,16.0,9.0,24.3,67.7,6.384350873009287,2.674,1.697957078,0.14
21.0,14.0,7.0,38.4,59.6,6.384350873009287,2.698,1.874160171,0.12
21.0,14.0,7.0,38.4,59.6,6.384350873009287,2.698,1.890178634,0.12
29.0,20.0,9.0,30.3,51.7,6.384350873009287,2.701,1.970270949,0.1
29.0,20.0,9.0,30.3,51.7,6.384350873009287,2.701,1.92221556,0.11
24.0,17.0,7.0,42.2,55.8,6.384350873009287,2.614,1.890178634,0.12
24.0,17.0,7.0,42.2,55.8,6.384350873009287,2.614,1.874160171,0.13
26.0,17.0,9.0,25.3,65.7,6.384350873009287,2.624,1.938234023,0.11
29.0,20.0,9.0,19.5,47.5,6.384350873009287,2.502,1.986289412,0.09
29.0,20.0,9.0,19.5,47.5,6.384350873009287,2.502,1.970270949,0.1
42.0,18.0,24.0,79.2,20.8,6.384350873009287,2.623,1.681938615,0.19
42.0,18.0,24.0,79.2,20.8,6.384350873009287,2.623,1.553790911,0.25
65.0,32.0,33.0,77.1,10.900000000000006,6.384350873009287,2.666,1.473698596,0.25
65.0,32.0,33.0,77.1,10.900000000000006,6.384350873009287,2.666,1.729994004,0.18
24.0,15.0,9.0,37.1,36.9,6.384350873009287,2.602,2.098418653,0.07
24.0,15.0,9.0,37.1,36.9,6.384350873009287,2.602,2.050363264,0.09
60.0,26.0,34.0,90.2,8.799999999999997,6.384350873009287,2.772,1.553790911,0.24
60.0,26.0,34.0,90.2,8.799999999999997,6.384350873009287,2.772,1.681938615,0.19
26.0,25.0,1.0,14.1,49.9,6.384350873009287,2.562,1.938234023,0.12
26.0,25.0,1.0,14.1,49.9,6.384350873009287,2.562,2.018326338,0.1
34.0,19.0,15.0,80.6,19.40000000000001,6.384350873009287,2.635,1.746012467,0.17
34.0,19.0,15.0,80.6,19.40000000000001,6.384350873009287,2.635,1.746012467,0.18
24.0,18.0,6.0,35.6,45.4,6.384350873009287,2.653,2.098418653,0.09
24.0,18.0,6.0,35.6,45.4,6.384350873009287,2.653,2.098418653,0.08
77.0,26.0,51.0,95.0,5.0,6.384350873009287,2.68,1.361569355,0.25
90.0,19.0,71.0,91.8,4.200000000000003,6.384350873009287,2.68,1.409624744,0.29
52.0,25.0,27.0,56.2,37.8,6.384350873009287,2.68,1.681938615,0.18
29.0,26.0,3.0,28.6,49.4,6.384350873009287,2.68,1.906197097,0.13
77.0,16.0,61.0,92.6,7.400000000000006,6.384350873009287,2.68,1.377587818,0.3
49.0,25.0,24.0,50.5,40.5,6.384350873009287,2.68,1.6899478465,0.19
26.0,18.0,8.0,27.9,40.1,6.384350873009287,2.68,2.034344801,0.09
97.0,28.0,69.0,96.0,4.0,6.384350873009287,2.68,1.361569355,0.33
84.0,23.0,61.0,89.6,6.400000000000006,6.384350873009287,2.68,1.489717059,0.26
62.0,25.0,37.0,60.9,32.1,6.384350873009287,2.68,1.665920152,0.2
30.0,20.0,10.0,31.9,43.1,6.384350873009287,2.68,2.0455577251,0.09
83.0,24.0,59.0,91.0,9.0,6.384350873009287,2.68,1.393606281,0.28
36.0,20.0,16.0,39.3,30.700000000000003,6.384350873009287,2.673,1.826104782,0.15
36.0,20.0,16.0,39.3,30.700000000000003,6.384350873009287,2.673,1.697957078,0.18
36.0,20.0,16.0,39.3,30.700000000000003,6.384350873009287,2.673,1.826104782,0.13
36.0,20.0,16.0,39.3,30.700000000000003,6.384350873009287,2.673,1.746012467,0.15
,,0.0,18.2,43.8,6.384350873009287,2.666,2.034344801,0.09
,,0.0,18.2,43.8,6.384350873009287,2.666,2.050363264,0.1
,,0.0,18.2,43.8,6.384350873009287,2.666,2.0055115676,0.09
20.0,16.0,4.0,23.0,28.0,6.384350873009287,2.678,2.08240019,0.08
20.0,16.0,4.0,23.0,28.0,6.384350873009287,2.678,2.0295392621,0.1
28.0,16.0,12.0,63.3,29.700000000000003,6.384350873009287,2.68,1.7716420078,0.12
19.0,13.0,6.0,15.4,27.6,6.384350873009287,2.68,2.2810291312,0.05
28.0,16.0,12.0,70.3,20.700000000000003,6.384350873009287,2.68,1.7748457004,0.14
19.0,13.0,6.0,23.4,30.6,6.384350873009287,2.68,2.2217608181,0.06
29.0,15.0,14.0,37.8,30.200000000000003,6.384350873009287,2.68,1.890178634,0.12
34.0,22.0,12.0,32.6,23.4,6.384350873009287,2.68,1.92221556,0.12
29.0,18.0,11.0,49.1,27.9,6.384350873009287,2.672,2.034344801,0.1
39.0,16.0,23.0,35.1,28.9,6.384350873009287,2.68,1.794067856,0.14
39.0,16.0,23.0,35.1,28.9,6.384350873009287,2.68,1.810086319,0.14
29.0,21.0,8.0,28.2,19.8,6.384350873009287,2.68,1.970270949,0.11
29.0,21.0,8.0,28.2,19.8,6.384350873009287,2.68,1.970270949,0.12
26.0,18.0,8.0,25.1,26.9,6.384350873009287,2.738,2.034344801,0.11
26.0,18.0,8.0,25.1,26.9,6.384350873009287,2.738,2.050363264,0.09
23.0,21.0,2.0,59.9,24.1,6.384350873009287,2.68,1.986289412,0.11
21.0,14.0,7.0,29.3,31.7,6.384350873009287,2.68,2.050363264,0.11
21.0,14.0,7.0,29.3,31.7,6.384350873009287,2.68,2.002307875,0.1
20.0,12.0,8.0,18.0,30.0,6.384350873009287,2.68,2.226566357,0.07
20.0,12.0,8.0,18.0,30.0,6.384350873009287,2.68,2.274621746,0.06
24.0,14.0,10.0,62.0,31.0,6.384350873009287,2.68,1.92221556,0.12
24.0,14.0,10.0,62.0,31.0,6.384350873009287,2.68,1.858141708,0.15
25.0,19.0,6.0,12.2,40.8,6.384350873009287,2.68,2.018326338,0.11
25.0,19.0,6.0,12.2,40.8,6.384350873009287,2.68,1.938234023,0.11
32.0,25.0,7.0,23.7,58.3,6.384350873009287,2.68,1.826104782,0.16
22.0,17.0,5.0,9.9,41.1,6.384350873009287,2.68,2.146474042,0.08
22.0,17.0,5.0,9.9,41.1,6.384350873009287,2.68,2.130455579,0.09
34.0,17.0,17.0,28.9,36.1,6.384350873009287,2.68,1.906197097,0.13
34.0,17.0,17.0,28.9,36.1,6.384350873009287,2.68,1.890178634,0.11
29.0,15.0,14.0,23.8,34.2,6.384350873009287,2.68,2.098418653,0.08
29.0,15.0,14.0,23.8,34.2,6.384350873009287,2.68,2.08240019,0.09
21.0,17.0,4.0,15.3,43.7,6.384350873009287,2.68,2.146474042,0.08
21.0,17.0,4.0,15.3,43.7,6.384350873009287,2.68,2.130455579,0.09
21.0,14.0,7.0,36.4,35.6,6.384350873009287,2.68,2.002307875,0.11
21.0,14.0,7.0,36.4,35.6,6.384350873009287,2.68,2.002307875,0.1
26.0,20.0,6.0,17.9,37.1,6.384350873009287,2.68,2.018326338,0.11
26.0,20.0,6.0,17.9,37.1,6.384350873009287,2.68,2.018326338,0.1
20.0,12.0,8.0,33.8,26.200000000000003,6.384350873009287,2.68,2.018326338,0.11
20.0,12.0,8.0,33.8,26.200000000000003,6.384350873009287,2.68,2.034344801,0.1
22.0,18.0,4.0,37.0,49.0,6.384350873009287,2.68,2.08240019,0.1
22.0,18.0,4.0,37.0,49.0,6.384350873009287,2.68,2.098418653,0.09
20.0,18.0,2.0,11.4,26.6,6.384350873009287,2.68,2.146474042,0.06
29.0,18.0,11.0,38.4,20.6,6.384350873009287,2.68,1.906197097,0.12
50.0,23.0,27.0,55.7,31.3,6.384350873009287,2.68,1.778049393,0.16
56.0,35.0,21.0,61.3,28.700000000000003,6.384350873009287,2.68,1.473698596,0.26
48.0,17.0,31.0,22.4,47.6,6.384350873009287,2.647,1.713975541,0.19
62.0,21.0,41.0,65.3,22.700000000000003,6.384350873009287,2.68,1.569809374,0.19
29.0,18.0,11.0,77.1,21.90000000000001,6.384350873009287,2.677,1.858141708,0.13
34.0,15.0,19.0,80.1,15.900000000000006,6.384350873009287,2.666,1.810086319,0.15
34.0,15.0,19.0,80.1,15.900000000000006,6.384350873009287,2.666,1.842123245,0.11
30.0,19.0,11.0,95.0,5.0,6.384350873009287,2.68,1.826104782,0.15
30.0,19.0,11.0,95.0,5.0,6.384350873009287,2.68,1.874160171,0.13
31.0,17.0,14.0,73.7,17.299999999999997,6.384350873009287,2.681,1.8485306302,0.14
31.0,17.0,14.0,73.7,17.299999999999997,6.384350873009287,2.681,1.8533361691,0.13
20.0,18.0,2.0,15.1,28.9,6.384350873009287,2.649,2.2169552792,0.05
20.0,19.0,1.0,78.5,19.5,6.384350873009287,2.68,1.874160171,0.12
20.0,19.0,1.0,78.5,19.5,6.384350873009287,2.68,1.890178634,0.11
27.0,17.0,10.0,85.8,14.200000000000005,6.384350873009287,2.585,1.810086319,0.15
27.0,17.0,10.0,85.8,14.200000000000005,6.384350873009287,2.585,1.842123245,0.13
37.0,24.0,13.0,94.9,5.099999999999994,6.384350873009287,2.626,1.697957078,0.17
37.0,24.0,13.0,94.9,5.099999999999994,6.384350873009287,2.626,1.76203093,0.15
34.0,18.0,16.0,91.5,8.5,6.384350873009287,2.68,1.76203093,0.16
34.0,18.0,16.0,91.5,8.5,6.384350873009287,2.68,1.713975541,0.17
26.0,21.0,5.0,28.9,31.1,6.384350873009287,2.774,2.162492505,0.07
26.0,21.0,5.0,28.9,31.1,6.384350873009287,2.774,2.210547894,0.07
25.0,22.0,3.0,16.5,33.5,6.384350873009287,2.69,2.274621746,0.06
20.0,16.0,4.0,15.0,44.0,6.384350873009287,2.68,2.258603283,0.05
20.0,16.0,4.0,15.0,44.0,6.384350873009287,2.68,2.210547894,0.06
36.0,22.0,14.0,93.8,6.200000000000003,6.384350873009287,2.634,1.665920152,0.16
36.0,22.0,14.0,93.8,6.200000000000003,6.384350873009287,2.634,1.906197097,0.12
24.0,19.0,5.0,23.2,21.8,6.384350873009287,2.614,2.018326338,0.1
24.0,19.0,5.0,23.2,21.8,6.384350873009287,2.614,2.018326338,0.11
20.0,14.0,6.0,14.1,66.9,6.384350873009287,2.695,2.146474042,0.07
20.0,14.0,6.0,14.1,66.9,6.384350873009287,2.695,2.08240019,0.09
32.0,17.0,15.0,96.0,4.0,6.384350873009287,2.672,1.746012467,0.16
32.0,17.0,15.0,96.0,4.0,6.384350873009287,2.672,1.842123245,0.13
42.0,23.0,19.0,91.5,7.5,6.384350873009287,2.733,1.633883226,0.2
42.0,23.0,19.0,91.5,7.5,6.384350873009287,2.733,1.76203093,0.17
29.0,23.0,6.0,41.5,32.5,6.384350873009287,2.64,1.986289412,0.1
29.0,23.0,6.0,41.5,32.5,6.384350873009287,2.64,1.890178634,0.11
30.0,20.0,10.0,43.1,31.9,6.384350873009287,2.647,2.050363264,0.09
29.0,22.0,7.0,45.6,29.4,6.384350873009287,2.68,1.970270949,0.11
29.0,22.0,7.0,45.6,29.4,6.384350873009287,2.68,1.986289412,0.1
47.0,20.0,27.0,87.3,12.700000000000005,6.384350873009287,2.68,1.665920152,0.18
24.0,18.0,6.0,64.0,36.0,6.384350873009287,2.68,1.890178634,0.1
33.0,19.0,14.0,38.0,62.0,6.384350873009287,2.68,1.826104782,0.14
24.0,16.0,8.0,61.8,37.2,6.384350873009287,2.666,1.9174100211,0.11
24.0,16.0,8.0,61.8,37.2,6.384350873009287,2.666,1.794067856,0.15
49.0,17.0,32.0,64.9,34.099999999999994,6.384350873009287,2.68,1.649901689,0.18
49.0,31.0,18.0,73.3,16.700000000000003,6.384350873009287,2.68,1.617864763,0.2
26.0,19.0,7.0,32.3,52.7,6.384350873009287,2.723,1.986289412,0.11
26.0,19.0,7.0,32.3,52.7,6.384350873009287,2.723,1.986289412,0.09
18.0,15.0,3.0,43.7,41.3,6.384350873009287,2.66,2.018326338,0.11
18.0,15.0,3.0,43.7,41.3,6.384350873009287,2.66,2.066381727,0.1
26.0,22.0,4.0,28.8,50.2,6.384350873009287,2.754,1.890178634,0.14
31.0,26.0,5.0,37.9,57.1,6.384350873009287,2.68,1.890178634,0.13
30.0,21.0,9.0,46.3,51.7,6.384350873009287,2.703,1.9013915581,0.12
33.0,19.0,14.0,52.9,43.1,6.384350873009287,2.825,1.906197097,0.13
,,0.0,11.8,34.2,6.384350873009287,2.644,2.2089460477,0.07
38.0,29.0,9.0,45.7,50.3,6.384350873009287,2.68,1.874160171,0.14
35.0,23.0,12.0,52.5,43.5,6.384350873009287,2.815,1.9606598712,0.11
,,0.0,11.7,38.3,6.384350873009287,2.632,2.1352611179000003,0.06
23.0,15.0,8.0,45.0,53.0,6.384350873009287,2.66,1.9126044822,0.12
23.0,15.0,8.0,45.0,53.0,6.384350873009287,2.66,1.7972715486000002,0.14
24.0,19.0,5.0,42.1,55.9,6.384350873009287,2.68,1.938234023,0.11
,,0.0,11.1,31.9,6.384350873009287,2.637,2.1881220458,0.07
26.0,19.0,7.0,43.5,55.5,6.384350873009287,2.65,1.9334284841,0.12
,,0.0,27.7,60.3,6.384350873009287,2.647,1.8132900116,0.15
,,0.0,27.7,60.3,6.384350873009287,2.647,1.8020770875,0.15
,,0.0,27.7,60.3,6.384350873009287,2.647,1.8196973968,0.14
31.0,21.0,10.0,97.6,1.4000000000000057,6.384350873009287,2.657,1.842123245,0.13
31.0,21.0,10.0,97.6,1.4000000000000057,6.384350873009287,2.657,1.970270949,0.1
44.0,29.0,15.0,44.2,19.8,6.384350873009287,2.709,1.649901689,0.18
44.0,29.0,15.0,44.2,19.8,6.384350873009287,2.709,1.633883226,0.23
37.0,24.0,13.0,53.4,20.6,6.384350873009287,2.68,1.681938615,0.19
37.0,24.0,13.0,53.4,20.6,6.384350873009287,2.68,1.76203093,0.17
20.0,15.0,5.0,31.5,47.5,6.384350873009287,2.747,1.986289412,0.1
20.0,15.0,5.0,31.5,47.5,6.384350873009287,2.747,1.906197097,0.12
30.0,22.0,8.0,38.1,59.9,6.384350873009287,2.68,1.778049393,0.14
30.0,22.0,8.0,38.1,59.9,6.384350873009287,2.68,1.810086319,0.13
45.0,22.0,23.0,96.5,1.5,6.384350873009287,2.722,1.697957078,0.18
45.0,22.0,23.0,96.5,1.5,6.384350873009287,2.722,1.76203093,0.17
26.0,25.0,1.0,82.5,13.5,6.384350873009287,2.734,1.697957078,0.16
26.0,25.0,1.0,82.5,13.5,6.384350873009287,2.734,1.633883226,0.18
28.0,21.0,7.0,62.4,17.6,6.384350873009287,2.68,1.874160171,0.14
28.0,21.0,7.0,62.4,17.6,6.384350873009287,2.68,1.713975541,0.18
22.0,20.0,2.0,13.2,31.8,6.384350873009287,2.887,2.338695598,0.08
22.0,20.0,2.0,13.2,31.8,6.384350873009287,2.887,2.2970475942,0.08
22.0,20.0,2.0,10.7,30.3,6.384350873009287,2.878,2.2858346701,0.08
24.0,18.0,6.0,63.1,17.9,6.384350873009287,2.68,1.906197097,0.14
27.0,18.0,9.0,20.4,32.6,6.384350873009287,2.68,1.92221556,0.12
26.0,20.0,6.0,57.9,38.1,6.384350873009287,2.68,1.890178634,0.14
25.0,18.0,7.0,38.8,46.2,6.384350873009287,2.68,1.970270949,0.11
25.0,18.0,7.0,38.8,46.2,6.384350873009287,2.68,1.986289412,0.11
24.0,18.0,6.0,64.0,31.0,6.384350873009287,2.68,1.842123245,0.15
24.0,18.0,6.0,64.0,31.0,6.384350873009287,2.68,1.746012467,0.18
18.0,16.0,2.0,12.2,56.8,6.384350873009287,2.68,2.24258482,0.07
18.0,16.0,2.0,12.2,56.8,6.384350873009287,2.68,2.226566357,0.06
26.0,16.0,10.0,27.7,50.3,6.384350873009287,2.68,1.826104782,0.17
26.0,16.0,10.0,27.7,50.3,6.384350873009287,2.68,1.794067856,0.15
32.0,20.0,12.0,49.5,8.5,6.384350873009287,2.68,1.729994004,0.19
32.0,20.0,12.0,49.5,8.5,6.384350873009287,2.68,1.505735522,0.26
34.0,18.0,16.0,82.4,4.599999999999994,6.384350873009287,2.68,1.697957078,0.17
34.0,18.0,16.0,82.4,4.599999999999994,6.384350873009287,2.68,1.697957078,0.18
29.0,20.0,9.0,18.3,24.7,6.384350873009287,2.68,2.0423540325,0.11
29.0,21.0,8.0,19.9,31.1,6.384350873009287,2.68,2.1096315771,0.09
19.0,17.0,2.0,10.9,31.1,6.384350873009287,2.68,2.2009368162,0.06
17.0,15.0,2.0,5.4,40.6,6.384350873009287,2.68,2.162492505,0.07
24.0,16.0,8.0,39.5,31.5,6.384350873009287,2.659,2.002307875,0.1
24.0,16.0,8.0,39.5,31.5,6.384350873009287,2.659,1.986289412,0.1
21.0,17.0,4.0,10.6,64.4,6.384350873009287,2.592,2.098418653,0.09
22.0,19.0,3.0,22.0,33.0,6.384350873009287,2.644,2.050363264,0.09
22.0,19.0,3.0,22.0,33.0,6.384350873009287,2.644,2.050363264,0.1
24.0,16.0,8.0,16.8,25.2,6.384350873009287,2.598,2.098418653,0.09
24.0,16.0,8.0,16.8,25.2,6.384350873009287,2.598,2.050363264,0.09
32.0,24.0,8.0,61.2,29.8,6.384350873009287,2.696,1.842123245,0.14
32.0,24.0,8.0,61.2,29.8,6.384350873009287,2.696,1.954252486,0.12
28.0,21.0,7.0,50.3,35.7,6.384350873009287,2.655,2.018326338,0.11
28.0,21.0,7.0,50.3,35.7,6.384350873009287,2.655,1.92221556,0.13
,,0.0,14.0,65.0,6.384350873009287,2.699,2.098418653,0.08
,,0.0,14.0,65.0,6.384350873009287,2.699,2.1208445012,0.07
,,0.0,14.0,65.0,6.384350873009287,2.699,2.130455579,0.06
,,0.0,14.0,65.0,6.384350873009287,2.699,2.194529431,0.06
,,0.0,11.2,54.8,6.384350873009287,2.713,2.24258482,0.05
,,0.0,11.2,54.8,6.384350873009287,2.713,2.274621746,0.05
,,0.0,11.2,54.8,6.384350873009287,2.713,2.258603283,0.06
20.0,14.0,6.0,39.7,60.3,6.384350873009287,2.681,2.0247337232,0.1
20.0,14.0,6.0,39.7,60.3,6.384350873009287,2.681,2.0391503399,0.07
20.0,14.0,6.0,39.7,60.3,6.384350873009287,2.681,2.0519651103,0.08
,,0.0,15.8,52.2,6.384350873009287,2.702,2.2249645107,0.05
,,0.0,15.8,52.2,6.384350873009287,2.702,2.24258482,0.05
,,0.0,12.8,74.2,6.384350873009287,2.695,2.130455579,0.07
,,0.0,11.5,57.5,6.384350873009287,2.701,2.1913257384,0.06
,,0.0,7.6,59.4,6.384350873009287,2.713,2.226566357,0.06
,,0.0,8.1,43.9,6.384350873009287,2.72,2.274621746,0.05
,,0.0,9.2,57.8,6.384350873009287,2.714,2.2249645107,0.06
,,0.0,11.1,68.9,6.384350873009287,2.701,2.066381727,0.07
,,0.0,11.1,68.9,6.384350873009287,2.701,1.906197097,0.09
,,0.0,5.4,90.6,6.384350873009287,2.675,1.826104782,0.11
,,0.0,5.4,90.6,6.384350873009287,2.675,1.7876604708,0.11
,,0.0,5.4,90.6,6.384350873009287,2.675,1.7107718484,0.12
,,0.0,10.4,63.6,6.384350873009287,2.698,2.1336592716,0.06
,,0.0,10.4,63.6,6.384350873009287,2.698,1.954252486,0.09
,,0.0,4.4,45.6,6.384350873009287,2.72,2.178510968,0.05
24.0,14.0,10.0,64.2,24.8,6.384350873009287,2.68,1.938234023,0.13
24.0,14.0,10.0,64.2,24.8,6.384350873009287,2.68,1.986289412,0.11
30.0,15.0,15.0,74.5,21.5,6.384350873009287,2.68,1.858141708,0.16
30.0,15.0,15.0,74.5,21.5,6.384350873009287,2.68,1.874160171,0.14
15.0,12.0,3.0,62.7,21.3,6.384350873009287,2.68,2.210547894,0.07
16.0,12.0,4.0,23.2,36.8,6.384350873009287,2.68,2.178510968,0.06
16.0,12.0,4.0,23.2,36.8,6.384350873009287,2.68,2.290640209,0.06
44.0,19.0,25.0,83.4,14.599999999999994,6.384350873009287,2.68,1.729994004,0.18
44.0,19.0,25.0,83.4,14.599999999999994,6.384350873009287,2.68,1.617864763,0.24
15.0,13.0,2.0,23.1,42.9,6.384350873009287,2.68,2.306658672,0.06
,,0.0,36.9,48.1,6.384350873009287,2.68,1.906197097,0.12
31.0,17.0,14.0,22.4,9.6,6.384350873009287,2.68,1.858141708,0.16
31.0,17.0,14.0,22.4,9.6,6.384350873009287,2.68,1.553790911,0.21
37.0,16.0,21.0,55.7,39.3,6.384350873009287,2.68,1.76203093,0.15
37.0,16.0,21.0,55.7,39.3,6.384350873009287,2.68,1.729994004,0.15
34.0,16.0,18.0,14.5,74.5,6.384350873009287,2.68,1.76203093,0.14
34.0,16.0,18.0,14.5,74.5,6.384350873009287,2.68,1.826104782,0.14
34.0,12.0,22.0,13.5,16.5,6.384350873009287,2.68,1.986289412,0.12
22.0,16.0,6.0,42.8,53.2,6.384350873009287,2.68,1.874160171,0.12
22.0,16.0,6.0,42.8,53.2,6.384350873009287,2.68,1.890178634,0.12
16.0,12.0,4.0,12.4,29.6,6.384350873009287,2.68,2.178510968,0.07
16.0,12.0,4.0,12.4,29.6,6.384350873009287,2.68,2.146474042,0.07
22.0,12.0,10.0,13.7,32.3,6.384350873009287,2.68,2.226566357,0.06
22.0,12.0,10.0,13.7,32.3,6.384350873009287,2.68,2.146474042,0.06
26.0,13.0,13.0,31.3,37.7,6.384350873009287,2.68,1.858141708,0.1
26.0,13.0,13.0,31.3,37.7,6.384350873009287,2.68,1.810086319,0.13
22.0,16.0,6.0,16.1,22.9,6.384350873009287,2.68,2.178510968,0.07
35.0,16.0,19.0,28.3,26.7,6.384350873009287,2.68,1.633883226,0.19
35.0,16.0,19.0,28.3,26.7,6.384350873009287,2.68,1.713975541,0.17
,,0.0,11.0,78.0,6.384350873009287,2.674,1.8517343228,0.1
,,0.0,16.6,82.4,6.384350873009287,2.69,1.8180955505,0.11
23.0,19.0,4.0,21.8,77.2,6.384350873009287,2.68,1.954252486,0.11
24.0,18.0,6.0,19.7,70.3,6.384350873009287,2.68,1.954252486,0.1
24.0,18.0,6.0,19.7,70.3,6.384350873009287,2.68,1.954252486,0.11
,,0.0,15.4,50.6,6.384350873009287,2.569,1.8004752412,0.12
,,0.0,10.9,48.1,6.384350873009287,2.68,1.794067856,0.12
,,0.0,10.5,58.5,6.384350873009287,2.68,1.633883226,0.16
,,0.0,5.9,28.1,6.384350873009287,2.68,1.8357158598,0.12
,,0.0,5.9,28.1,6.384350873009287,2.68,1.8853730951,0.12
,,0.0,6.5,35.5,6.384350873009287,2.68,1.794067856,0.13
,,0.0,10.9,88.1,6.384350873009287,2.694,1.7315958503,0.13
28.0,17.0,11.0,28.4,40.6,6.384350873009287,2.68,1.938234023,0.12
28.0,17.0,11.0,28.4,40.6,6.384350873009287,2.68,1.970270949,0.13
20.0,16.0,4.0,11.6,38.4,6.384350873009287,2.68,2.24258482,0.06
20.0,16.0,4.0,11.6,38.4,6.384350873009287,2.68,2.258603283,0.05
26.0,17.0,9.0,27.6,34.4,6.384350873009287,2.68,1.794067856,0.14
26.0,17.0,9.0,27.6,34.4,6.384350873009287,2.68,1.729994004,0.15
27.0,24.0,3.0,60.6,39.4,6.384350873009287,2.68,1.794067856,0.14
27.0,24.0,3.0,60.6,39.4,6.384350873009287,2.68,1.986289412,0.11
21.0,15.0,6.0,27.8,65.2,6.384350873009287,2.68,1.890178634,0.15
21.0,15.0,6.0,27.8,65.2,6.384350873009287,2.68,1.874160171,0.15
36.0,17.0,19.0,43.7,30.3,6.384350873009287,2.68,1.794067856,0.17
36.0,17.0,19.0,43.7,30.3,6.384350873009287,2.68,1.537772448,0.24
19.0,16.0,3.0,6.9,34.1,6.384350873009287,2.68,2.274621746,0.05
19.0,16.0,3.0,6.9,34.1,6.384350873009287,2.68,2.24258482,0.06
22.0,15.0,7.0,16.3,33.7,6.384350873009287,2.68,2.114437116,0.08
22.0,15.0,7.0,16.3,33.7,6.384350873009287,2.68,2.034344801,0.09
19.0,17.0,2.0,7.2,36.8,6.384350873009287,2.68,2.258603283,0.06
19.0,17.0,2.0,7.2,36.8,6.384350873009287,2.68,2.226566357,0.05
34.0,19.0,15.0,13.5,28.5,6.384350873009287,2.68,2.002307875,0.12
48.0,17.0,31.0,56.2,23.8,6.384350873009287,2.68,1.6018463,0.25
48.0,17.0,31.0,56.2,23.8,6.384350873009287,2.68,1.681938615,0.21
33.0,16.0,17.0,23.2,38.8,6.384350873009287,2.68,2.066381727,0.1
33.0,16.0,17.0,23.2,38.8,6.384350873009287,2.68,1.954252486,0.12
44.0,15.0,29.0,36.4,44.6,6.384350873009287,2.68,1.778049393,0.15
44.0,15.0,29.0,36.4,44.6,6.384350873009287,2.68,2.050363264,0.1
27.0,16.0,11.0,39.5,58.5,6.384350873009287,2.68,1.874160171,0.13
26.0,18.0,8.0,24.3,71.7,6.384350873009287,2.68,2.018326338,0.11
26.0,18.0,8.0,24.3,71.7,6.384350873009287,2.68,2.114437116,0.08
48.0,28.0,20.0,48.6,31.4,6.384350873009287,2.68,1.665920152,0.2
48.0,28.0,20.0,48.6,31.4,6.384350873009287,2.68,1.6018463,0.23
26.0,19.0,7.0,30.2,53.8,6.384350873009287,2.68,1.794067856,0.18
31.0,20.0,11.0,70.7,27.3,6.384350873009287,2.68,1.729994004,0.2
31.0,20.0,11.0,70.7,27.3,6.384350873009287,2.68,1.778049393,0.17
29.0,27.0,2.0,45.2,48.8,6.384350873009287,2.68,1.681938615,0.2
29.0,27.0,2.0,45.2,48.8,6.384350873009287,2.68,1.794067856,0.17
43.0,28.0,15.0,58.3,39.7,6.384350873009287,2.68,1.746012467,0.16
43.0,28.0,15.0,58.3,39.7,6.384350873009287,2.68,1.633883226,0.2
22.0,17.0,5.0,12.6,32.4,6.384350873009287,2.68,2.274621746,0.04
22.0,18.0,4.0,7.1,26.9,6.384350873009287,2.68,2.290640209,0.06
40.0,19.0,21.0,55.5,32.5,6.384350873009287,2.68,1.697957078,0.19
40.0,19.0,21.0,55.5,32.5,6.384350873009287,2.68,1.633883226,0.21
20.0,14.0,6.0,14.8,37.2,6.384350873009287,2.68,2.24258482,0.06
20.0,14.0,6.0,14.8,37.2,6.384350873009287,2.68,2.194529431,0.07
40.0,16.0,24.0,56.1,24.9,6.384350873009287,2.68,1.794067856,0.15
40.0,16.0,24.0,56.1,24.9,6.384350873009287,2.68,1.778049393,0.15
21.0,13.0,8.0,19.2,41.8,6.384350873009287,2.68,2.274621746,0.05
21.0,13.0,8.0,19.2,41.8,6.384350873009287,2.68,2.24258482,0.04
24.0,13.0,11.0,49.3,42.7,6.384350873009287,2.68,1.954252486,0.12
24.0,13.0,11.0,49.3,42.7,6.384350873009287,2.68,1.986289412,0.12
26.0,15.0,11.0,12.3,32.7,6.384350873009287,2.68,2.274621746,0.05
26.0,15.0,11.0,12.3,32.7,6.384350873009287,2.68,2.194529431,0.06
25.0,18.0,7.0,18.0,64.0,6.384350873009287,2.68,2.034344801,0.1
65.0,20.0,45.0,60.3,27.700000000000003,6.384350873009287,2.68,1.665920152,0.2
65.0,20.0,45.0,60.3,27.700000000000003,6.384350873009287,2.68,1.617864763,0.21
60.0,23.0,37.0,33.9,29.1,6.384350873009287,2.68,1.794067856,0.17
27.0,23.0,4.0,31.3,59.7,6.384350873009287,2.68,1.842123245,0.14
27.0,23.0,4.0,31.3,59.7,6.384350873009287,2.68,1.906197097,0.11
26.0,18.0,8.0,19.5,75.5,6.384350873009287,2.68,2.034344801,0.08
26.0,18.0,8.0,19.5,75.5,6.384350873009287,2.68,2.114437116,0.08
32.0,12.0,20.0,43.0,54.0,6.384350873009287,2.68,1.874160171,0.13
32.0,12.0,20.0,43.0,54.0,6.384350873009287,2.68,1.778049393,0.15
24.0,16.0,8.0,56.3,36.7,6.384350873009287,2.68,1.842123245,0.15
24.0,16.0,8.0,56.3,36.7,6.384350873009287,2.68,1.778049393,0.16
36.0,15.0,21.0,59.4,21.6,6.384350873009287,2.68,1.746012467,0.17
36.0,15.0,21.0,59.4,21.6,6.384350873009287,2.68,1.810086319,0.15
19.0,14.0,5.0,31.1,57.9,6.384350873009287,2.692,1.938234023,0.11
19.0,14.0,5.0,31.1,57.9,6.384350873009287,2.692,2.08240019,0.09
23.0,16.0,7.0,17.3,31.7,6.384350873009287,2.574,2.130455579,0.07
23.0,16.0,7.0,17.3,31.7,6.384350873009287,2.574,2.114437116,0.07
24.0,17.0,7.0,9.9,24.1,6.384350873009287,2.724,2.306658672,0.06
24.0,17.0,7.0,9.9,24.1,6.384350873009287,2.724,2.226566357,0.07
25.0,16.0,9.0,35.8,30.200000000000003,6.384350873009287,2.654,1.986289412,0.1
25.0,16.0,9.0,35.8,30.200000000000003,6.384350873009287,2.654,2.034344801,0.09
23.0,15.0,8.0,23.7,26.3,6.384350873009287,2.647,2.098418653,0.07
23.0,15.0,8.0,23.7,26.3,6.384350873009287,2.647,2.162492505,0.07
29.0,18.0,11.0,33.2,27.8,6.384350873009287,2.645,1.92221556,0.1
29.0,18.0,11.0,33.2,27.8,6.384350873009287,2.645,1.842123245,0.13
28.0,19.0,9.0,30.9,28.1,6.384350873009287,2.643,2.08240019,0.08
28.0,19.0,9.0,30.9,28.1,6.384350873009287,2.643,2.050363264,0.09
,,0.0,10.9,83.1,6.384350873009287,2.67,1.8629472469,0.1
,,0.0,14.1,83.9,6.384350873009287,2.676,1.9734746416,0.1
,,0.0,14.1,83.9,6.384350873009287,2.676,1.986289412,0.1
20.0,17.0,3.0,27.8,64.2,6.384350873009287,2.672,1.9478451008,0.1
34.0,11.0,23.0,51.1,47.9,6.384350873009287,2.68,1.810086319,0.15
24.0,14.0,10.0,30.5,55.5,6.384350873009287,2.68,1.986289412,0.1
35.0,13.0,22.0,50.0,46.0,6.384350873009287,2.712,1.8325121672,0.14
35.0,13.0,22.0,50.0,46.0,6.384350873009287,2.712,1.858141708,0.14
,,0.0,6.9,32.1,6.384350873009287,2.68,2.1865201995,0.06
,,0.0,6.9,32.1,6.384350873009287,2.68,2.130455579,0.06
31.0,14.0,17.0,61.3,35.7,6.384350873009287,2.7,1.826104782,0.14
20.0,18.0,2.0,11.8,50.2,6.384350873009287,2.68,2.1993349699,0.05
,,0.0,16.5,82.5,6.384350873009287,2.677,1.8789657099,0.11
,,0.0,16.5,82.5,6.384350873009287,2.677,1.890178634,0.1
,,0.0,10.8,57.2,6.384350873009287,2.68,2.2057423551,0.05
25.0,10.0,15.0,39.9,59.1,6.384350873009287,2.68,1.890178634,0.13
32.0,18.0,14.0,54.6,15.4,6.384350873009287,2.68,1.76203093,0.14
33.0,19.0,14.0,81.1,18.90000000000001,6.384350873009287,2.68,1.76203093,0.14
37.0,16.0,21.0,48.3,47.7,6.384350873009287,2.68,1.858141708,0.13
31.0,15.0,16.0,54.2,43.8,6.384350873009287,2.702,1.713975541,0.16
31.0,15.0,16.0,54.2,43.8,6.384350873009287,2.702,1.713975541,0.17
31.0,15.0,16.0,54.2,43.8,6.384350873009287,2.702,1.746012467,0.16
31.0,15.0,16.0,54.2,43.8,6.384350873009287,2.702,1.986289412,0.09
37.0,14.0,23.0,38.1,58.9,6.384350873009287,2.692,1.713975541,0.15
37.0,14.0,23.0,38.1,58.9,6.384350873009287,2.692,1.858141708,0.12
37.0,14.0,23.0,38.1,58.9,6.384350873009287,2.692,1.954252486,0.1
37.0,14.0,23.0,38.1,58.9,6.384350873009287,2.692,2.018326338,0.09
37.0,14.0,23.0,38.1,58.9,6.384350873009287,2.692,1.970270949,0.11
24.0,17.0,7.0,42.2,56.8,6.384350873009287,2.68,1.76203093,0.15
24.0,17.0,7.0,42.2,56.8,6.384350873009287,2.68,1.746012467,0.17
34.0,13.0,21.0,87.2,7.799999999999997,6.384350873009287,2.68,1.826104782,0.14
34.0,13.0,21.0,87.2,7.799999999999997,6.384350873009287,2.68,1.826104782,0.13
28.0,15.0,13.0,51.8,18.200000000000003,6.384350873009287,2.68,1.938234023,0.12
40.0,18.0,22.0,91.8,5.200000000000003,6.384350873009287,2.68,1.6018463,0.2
32.0,17.0,15.0,95.8,2.200000000000003,6.384350873009287,2.68,1.729994004,0.16
42.0,19.0,23.0,67.4,27.599999999999994,6.384350873009287,2.68,1.729994004,0.18
42.0,19.0,23.0,67.4,27.599999999999994,6.384350873009287,2.68,1.665920152,0.19
18.0,11.0,7.0,32.6,43.4,6.384350873009287,2.68,2.162492505,0.06
34.0,12.0,22.0,79.1,18.90000000000001,6.384350873009287,2.68,1.729994004,0.16
34.0,12.0,22.0,79.1,18.90000000000001,6.384350873009287,2.68,1.746012467,0.17
18.0,14.0,4.0,22.2,72.8,6.384350873009287,2.68,2.018326338,0.1
18.0,14.0,4.0,22.2,72.8,6.384350873009287,2.68,2.002307875,0.09
38.0,14.0,24.0,72.3,27.700000000000003,6.384350873009287,2.68,1.729994004,0.18
38.0,14.0,24.0,72.3,27.700000000000003,6.384350873009287,2.68,1.681938615,0.18
30.0,17.0,13.0,59.4,40.6,6.384350873009287,2.68,1.906197097,0.11
30.0,17.0,13.0,59.4,40.6,6.384350873009287,2.68,1.826104782,0.13
25.0,15.0,10.0,74.3,25.700000000000003,6.384350873009287,2.68,1.858141708,0.13
25.0,15.0,10.0,74.3,25.700000000000003,6.384350873009287,2.68,1.810086319,0.15
23.0,13.0,10.0,34.1,58.9,6.384350873009287,2.68,2.098418653,0.09
23.0,13.0,10.0,34.1,58.9,6.384350873009287,2.68,2.002307875,0.08
22.0,8.0,14.0,37.5,62.5,6.384350873009287,2.68,1.938234023,0.11
22.0,8.0,14.0,37.5,62.5,6.384350873009287,2.68,1.986289412,0.13
26.0,15.0,11.0,60.4,38.6,6.384350873009287,2.68,1.938234023,0.13
29.0,17.0,12.0,72.5,24.5,6.384350873009287,2.68,1.890178634,0.13
24.0,18.0,6.0,28.8,45.2,6.384350873009287,2.68,1.874160171,0.12
24.0,18.0,6.0,28.8,45.2,6.384350873009287,2.68,1.986289412,0.12
25.0,17.0,8.0,53.7,38.3,6.384350873009287,2.68,1.938234023,0.1
30.0,16.0,14.0,38.9,29.1,6.384350873009287,2.68,1.842123245,0.15
20.0,15.0,5.0,14.0,27.0,6.384350873009287,2.68,2.24258482,0.07
26.0,19.0,7.0,43.2,45.8,6.384350873009287,2.68,1.810086319,0.15
22.0,15.0,7.0,16.7,30.3,6.384350873009287,2.68,2.226566357,0.05
30.0,18.0,12.0,36.9,29.1,6.384350873009287,2.68,1.826104782,0.15
34.0,16.0,18.0,58.7,23.3,6.384350873009287,2.739,1.8549380154,0.14
19.0,18.0,1.0,13.7,34.3,6.384350873009287,2.701,2.2233626644,0.06
26.0,14.0,12.0,16.7,32.3,6.384350873009287,2.695,2.226566357,0.06
24.0,14.0,10.0,12.6,29.4,6.384350873009287,2.685,2.1961312773,0.06
36.0,15.0,21.0,83.3,9.700000000000005,6.384350873009287,2.68,1.778049393,0.16
36.0,15.0,21.0,83.3,9.700000000000005,6.384350873009287,2.68,1.746012467,0.19
23.0,16.0,7.0,55.5,32.5,6.384350873009287,2.68,1.858141708,0.13
23.0,16.0,7.0,55.5,32.5,6.384350873009287,2.68,1.826104782,0.14
34.0,15.0,19.0,21.0,20.0,6.384350873009287,2.68,1.810086319,0.12
34.0,15.0,19.0,21.0,20.0,6.384350873009287,2.68,1.826104782,0.14
,,0.0,28.6,59.4,6.384350873009287,2.712,2.098418653,0.08
,,0.0,28.6,59.4,6.384350873009287,2.712,2.050363264,0.07
,,0.0,28.6,59.4,6.384350873009287,2.712,1.986289412,0.09
15.0,12.0,3.0,43.0,48.0,6.384350873009287,2.716,2.114437116,0.08
17.0,12.0,5.0,40.0,54.0,6.384350873009287,2.735,2.114437116,0.07
17.0,12.0,5.0,40.0,54.0,6.384350873009287,2.735,2.066381727,0.07
18.0,13.0,5.0,58.0,33.0,6.384350873009287,2.68,1.890178634,0.1
17.0,11.0,6.0,46.4,39.6,6.384350873009287,2.738,2.098418653,0.08
18.0,13.0,5.0,53.3,38.7,6.384350873009287,2.739,2.098418653,0.08
18.0,13.0,5.0,53.3,38.7,6.384350873009287,2.739,2.098418653,0.09
16.0,11.0,5.0,29.8,50.2,6.384350873009287,2.736,2.274621746,0.05
16.0,13.0,3.0,56.9,35.1,6.384350873009287,2.68,2.08240019,0.09
18.0,13.0,5.0,41.7,40.3,6.384350873009287,2.733,2.114437116,0.08
,,0.0,10.8,48.2,6.384350873009287,2.737,2.24258482,0.06
16.0,12.0,4.0,47.2,37.8,6.384350873009287,2.735,2.130455579,0.07
16.0,12.0,4.0,47.2,37.8,6.384350873009287,2.735,2.114437116,0.07
29.0,18.0,11.0,10.5,46.5,6.384350873009287,2.68,2.178510968,0.08
29.0,18.0,11.0,10.5,46.5,6.384350873009287,2.68,2.162492505,0.08
22.0,17.0,5.0,10.9,51.1,6.384350873009287,2.68,2.194529431,0.08
22.0,17.0,5.0,10.9,51.1,6.384350873009287,2.68,2.210547894,0.07
69.0,33.0,36.0,90.6,7.400000000000006,6.384350873009287,2.68,1.473698596,0.18
69.0,33.0,36.0,90.6,7.400000000000006,6.384350873009287,2.68,1.393606281,0.22
71.0,27.0,44.0,87.0,8.0,6.384350873009287,2.68,1.617864763,0.2
71.0,27.0,44.0,87.0,8.0,6.384350873009287,2.68,1.585827837,0.2
24.0,19.0,5.0,45.8,54.2,6.384350873009287,2.68,1.826104782,0.12
24.0,19.0,5.0,45.8,54.2,6.384350873009287,2.68,1.842123245,0.11
25.0,19.0,6.0,14.9,43.1,6.384350873009287,2.815,2.24258482,0.08
23.0,14.0,9.0,38.9,38.1,6.384350873009287,2.735,2.08240019,0.09
23.0,14.0,9.0,38.9,38.1,6.384350873009287,2.735,2.146474042,0.06
,,0.0,70.4,25.599999999999994,6.384350873009287,2.697,1.954252486,0.12
,,0.0,70.4,25.599999999999994,6.384350873009287,2.697,1.794067856,0.17
28.0,19.0,9.0,83.2,13.799999999999995,6.384350873009287,2.721,1.874160171,0.14
28.0,19.0,9.0,83.2,13.799999999999995,6.384350873009287,2.721,1.906197097,0.13
25.0,11.0,14.0,75.6,21.40000000000001,6.384350873009287,2.658,1.874160171,0.15
25.0,11.0,14.0,75.6,21.40000000000001,6.384350873009287,2.658,1.778049393,0.16
14.0,10.0,4.0,48.2,47.8,6.384350873009287,2.68,2.0920112678,0.08
23.0,19.0,4.0,47.7,40.3,6.384350873009287,2.74,1.858141708,0.12
23.0,19.0,4.0,47.7,40.3,6.384350873009287,2.74,1.858141708,0.14
17.0,14.0,3.0,15.7,39.3,6.384350873009287,2.673,2.274621746,0.05
17.0,14.0,3.0,15.7,39.3,6.384350873009287,2.673,2.24258482,0.07
24.0,20.0,4.0,58.7,34.3,6.384350873009287,2.68,1.778049393,0.16
19.0,14.0,5.0,40.0,56.0,6.384350873009287,2.68,1.938234023,0.14
19.0,14.0,5.0,40.0,56.0,6.384350873009287,2.68,1.76203093,0.11
27.0,15.0,12.0,53.8,40.2,6.384350873009287,2.68,1.906197097,0.11
27.0,15.0,12.0,53.8,40.2,6.384350873009287,2.68,1.92221556,0.12
30.59,20.05,10.54,84.39999999999999,14.9,6.384350873009287,2.75,1.852,0.152
67.72,24.4,43.32,98.8,1.2,6.384350873009287,2.753,1.623,0.206
39.92,21.0,18.91,90.7,8.5,6.384350873009287,2.746,1.736,0.181
43.7,22.6,21.1,88.1,11.9,6.384350873009287,2.75,1.692,0.1969999999999999
62.5,25.1,37.4,89.5,10.5,6.384350873009287,2.75,1.618,0.221
60.1,21.9,38.2,90.6,9.4,6.384350873009287,2.75,1.7,0.186
48.9,20.9,28.1,89.2,10.8,6.384350873009287,2.75,1.709,0.179
44.3,22.6,21.6,87.1,12.9,6.384350873009287,2.75,1.67,0.195
59.2,22.6,36.5,85.19999999999999,14.9,6.384350873009287,2.75,1.712,0.19
42.5,24.6,18.0,89.2,10.8,6.384350873009287,2.75,1.634,0.213
40.6,21.9,18.7,84.7,15.3,6.384350873009287,2.75,1.726,0.184
42.0,22.2,19.8,88.89999999999999,11.1,6.384350873009287,2.75,1.698,0.193
34.9,22.1,12.8,88.8,11.0,6.384350873009287,2.75,1.643,0.208
46.027,20.04,25.987,94.21,4.592615,6.384350873009287,2.75,1.783152,0.1799283
44.968,20.945,24.022,88.19988000000001,8.271152,6.384350873009287,2.75,1.80367,0.1799283
41.948,19.706,22.242,96.04884,3.905684,6.384350873009287,2.75,1.748173,0.1890913
41.551,21.524,20.027,30.7813,31.07735,6.384350873009287,2.69022,2.061423,0.1042253
52.18892,23.7556,28.43332,92.13,7.86,6.384350873009287,2.75,1.663706,0.2017219
52.18892,23.7556,28.43332,88.72,9.59,6.384350873009287,2.75,1.703005,0.1900903
36.401,25.349,11.052,75.50999999999999,24.15,6.384350873009287,2.7,1.70404,0.1907479
43.799,27.002,16.797,88.09,11.46,6.384350873009287,2.7,1.700861,0.1925009
37.88,25.924,11.955,73.45,25.33,6.384350873009287,2.7,1.759192,0.1766564
42.459,25.735,16.724,84.06,15.43,6.384350873009287,2.7,1.719891,0.1871284
44.314,26.097,18.217,79.21000000000001,19.21,6.384350873009287,2.75,1.667894,0.2148676
40.56,27.078,13.482,78.97,20.63,6.384350873009287,2.75,1.68595,0.1930788
40.53,25.247,15.282,78.3,21.03,6.384350873009287,2.75,1.739563,0.1836273
39.832,23.747,16.085,75.53,23.89,6.384350873009287,2.75,1.731006,0.1860467999999999
25.231,21.191,4.04,66.8,28.8,6.384350873009287,2.739,1.898,0.131
32.7,19.8,12.9,82.5,17.5,6.384350873009287,2.7,1.797,0.159
47.1204,23.94079,23.1796,96.1,3.78,6.384350873009287,2.732,1.629138,0.2225712
73.075,49.247,23.828,23.05,49.19,6.384350873009287,2.794,1.678788,0.1996521
41.5,20.1,21.4,79.69999999999999,20.0,6.384350873009287,2.721,1.7834,0.185
61.027,27.393,33.634,88.17041,11.24988,6.384350873009287,2.75,1.733779,0.1913043
31.4,20.9,10.6,65.8,20.7,6.384350873009287,2.745,1.938,0.124
28.1,21.3,6.8,74.39999999999999,13.2,6.384350873009287,2.745,1.943,0.124
37.9,19.2,18.7,67.2,18.4,6.384350873009287,2.743,1.849,0.155
42.0,21.0,21.0,74.5,23.3,6.384350873009287,2.75,1.754,0.173
57.302,20.889,36.413,72.5,25.6,6.384350873009287,2.75,1.715,0.174
45.0,16.0,29.0,45.0,15.0,6.384350873009287,2.68,1.6106014271151885,0.125
64.0,30.0,34.0,78.0,12.0,6.384350873009287,2.68,1.5800203873598369,0.11
40.0,19.0,21.0,62.0,15.0,6.384350873009287,2.68,1.7329255861365953,0.147
42.0,22.0,20.0,95.0,5.0,6.384350873009287,2.68,1.6411824668705404,0.2
33.0,19.0,14.0,96.0,4.0,6.384350873009287,2.68,1.6309887869520896,0.195
36.0,19.0,17.0,69.0,31.0,6.384350873009287,2.68,1.6309887869520896,0.1939999999999999
43.0,25.0,18.0,30.0,24.0,6.384350873009287,2.68,1.885830784913353,0.142
52.0,27.0,25.0,36.0,16.0,6.384350873009287,2.68,1.6309887869520896,0.172
25.0,15.0,10.0,19.0,24.0,6.384350873009287,2.68,2.0489296636085625,0.094
25.0,12.0,13.0,34.0,38.0,6.384350873009287,2.68,1.926605504587156,0.12
27.0,12.0,15.0,43.0,32.0,6.384350873009287,2.68,1.9164118246687047,0.135
27.0,18.0,9.0,78.0,22.0,6.384350873009287,2.68,1.7737003058103973,0.16
31.0,19.0,12.0,39.0,17.0,6.384350873009287,2.68,1.7023445463812434,0.184
77.0,41.0,36.0,94.0,6.0,6.384350873009287,2.68,1.294597349643221,0.37
78.0,41.0,37.0,95.0,5.0,6.384350873009287,2.68,1.3047910295616718,0.38
41.0,18.0,23.0,89.0,11.0,6.384350873009287,2.68,1.5800203873598369,0.24
40.0,18.0,22.0,88.0,12.0,6.384350873009287,2.68,1.5800203873598369,0.241
40.0,15.0,25.0,85.0,15.0,6.384350873009287,2.68,1.529051987767584,0.235
41.0,15.0,26.0,86.0,14.0,6.384350873009287,2.68,1.5800203873598369,0.238
40.0,15.0,25.0,88.0,12.0,6.384350873009287,2.68,1.5800203873598369,0.242
43.0,21.0,22.0,88.0,12.0,6.384350873009287,2.68,1.5902140672782874,0.241
36.0,17.0,19.0,70.0,17.0,6.384350873009287,2.68,1.7227319062181443,0.19
36.0,24.0,12.0,92.0,8.0,6.384350873009287,2.68,1.5800203873598369,0.201
57.0,29.0,28.0,94.0,6.0,6.384350873009287,2.68,1.600407747196738,0.235
54.0,24.0,30.0,94.0,6.0,6.384350873009287,2.68,1.6106014271151885,0.212
68.0,28.0,40.0,96.0,4.0,6.384350873009287,2.68,1.5188583078491336,0.244
63.0,37.0,26.0,95.0,5.0,6.384350873009287,2.68,1.508664627930683,0.245
61.0,34.0,27.0,96.0,4.0,6.384350873009287,2.68,1.437308868501529,0.266
60.0,34.0,26.0,95.0,5.0,6.384350873009287,2.68,1.437308868501529,0.27
60.0,34.0,26.0,95.0,5.0,6.384350873009287,2.68,1.437308868501529,0.26
25.0,17.0,8.0,21.0,18.0,6.384350873009287,2.68,1.8960244648318043,0.13
60.0,25.0,35.0,90.0,10.0,6.384350873009287,2.68,1.4678899082568806,0.244
42.0,22.0,20.0,89.0,11.0,6.384350873009287,2.68,1.5800203873598369,0.22
42.0,21.0,21.0,81.0,19.0,6.384350873009287,2.68,1.5800203873598369,0.228
24.0,19.0,5.0,50.0,29.0,6.384350873009287,2.68,1.8654434250764529,0.128
34.0,28.0,6.0,20.0,17.0,6.384350873009287,2.68,1.957186544342508,0.1119999999999999
32.0,19.0,13.0,38.0,26.0,6.384350873009287,2.68,1.8144750254842,0.145
37.0,26.0,11.0,93.0,7.0,6.384350873009287,2.68,1.620795107033639,0.204
56.0,25.0,31.0,96.0,4.0,6.384350873009287,2.68,1.620795107033639,0.23
55.0,23.0,32.0,95.0,5.0,6.384350873009287,2.68,1.5800203873598369,0.216
67.0,29.0,38.0,97.0,3.0,6.384350873009287,2.68,1.4984709480122322,0.242
61.0,37.0,24.0,97.0,3.0,6.384350873009287,2.68,1.5188583078491336,0.242
42.0,26.0,16.0,75.0,25.0,6.384350873009287,2.68,1.4475025484199795,0.285
51.0,29.0,22.0,80.0,20.0,6.384350873009287,2.68,1.4271151885830784,0.315
47.0,23.0,24.0,79.0,21.0,6.384350873009287,2.68,1.437308868501529,0.305
43.0,23.0,20.0,85.0,15.0,6.384350873009287,2.68,1.4475025484199795,0.28
36.0,19.0,17.0,70.0,30.0,6.384350873009287,2.68,1.4169215086646278,0.308
35.0,17.0,18.0,84.0,16.0,6.384350873009287,2.68,1.549439347604485,0.2189999999999999
36.0,13.0,23.0,79.0,21.0,6.384350873009287,2.68,1.6921508664627931,0.18
38.0,17.0,21.0,81.0,19.0,6.384350873009287,2.68,1.6615698267074417,0.186
37.0,16.0,21.0,66.0,8.0,6.384350873009287,2.68,1.600407747196738,0.218
40.0,18.0,22.0,78.0,22.0,6.384350873009287,2.68,1.6411824668705404,0.214
38.0,17.0,21.0,60.0,23.0,6.384350873009287,2.68,1.7023445463812434,0.2
32.0,14.0,18.0,74.0,26.0,6.384350873009287,2.68,1.7227319062181443,0.175
50.0,19.0,31.0,96.0,4.0,6.384350873009287,2.68,1.529051987767584,0.213
43.0,13.0,30.0,95.0,5.0,6.384350873009287,2.68,1.6921508664627931,0.205
40.0,16.0,24.0,97.0,3.0,6.384350873009287,2.68,1.6615698267074417,0.192
45.0,36.0,9.0,91.0,9.0,6.384350873009287,2.68,1.3455657492354738,0.2769999999999999
39.0,24.0,15.0,68.0,26.6,6.384350873009287,2.68,1.7023445463812434,0.211
39.0,29.0,10.0,61.0,39.0,6.384350873009287,2.68,1.6513761467889907,0.1939999999999999
34.0,25.0,9.0,65.0,35.0,6.384350873009287,2.68,1.6921508664627931,0.203
50.0,32.0,18.0,66.0,34.0,6.384350873009287,2.68,1.6615698267074417,0.193
40.0,23.0,17.0,65.0,28.6,6.384350873009287,2.68,1.7125382262996942,0.174
51.0,31.0,20.0,79.0,21.0,6.384350873009287,2.68,1.4984709480122322,0.233
27.0,17.0,10.0,18.0,37.0,6.384350873009287,2.68,2.1202854230377164,0.089
31.0,18.0,13.0,21.0,34.0,6.384350873009287,2.68,2.099898063200816,0.083
43.0,22.0,21.0,45.0,33.0,6.384350873009287,2.68,1.7737003058103973,0.168
26.0,21.0,5.0,17.0,23.0,6.384350873009287,2.68,2.018348623853211,0.114
33.0,16.0,17.0,26.0,32.0,6.384350873009287,2.68,2.059123343527013,0.089
32.0,17.0,15.0,26.0,8.0,6.384350873009287,2.68,1.845056065239552,0.1169999999999999
31.0,17.0,14.0,21.0,15.0,6.384350873009287,2.68,1.763506625891947,0.156
35.3,28.4,6.9,66.0,26.0,6.384350873009287,2.68,1.7737003058103973,0.168
37.0,21.0,16.0,89.0,11.0,6.384350873009287,2.68,1.6106014271151885,0.228
36.0,20.0,16.0,67.0,31.0,6.384350873009287,2.68,1.6513761467889907,0.221
37.0,19.0,18.0,74.0,24.0,6.384350873009287,2.68,1.620795107033639,0.24
36.0,22.0,14.0,69.0,31.0,6.384350873009287,2.68,1.6513761467889907,0.179
51.2,19.200000000000003,32.0,77.0,23.0,6.384350873009287,2.68,1.6615698267074417,0.168
53.3,20.4,32.9,77.0,23.0,6.384350873009287,2.68,1.6513761467889907,0.179
36.0,20.0,16.0,48.0,30.6,6.384350873009287,2.68,1.7737003058103973,0.1689999999999999
42.4,26.6,15.8,87.0,13.0,6.384350873009287,2.68,1.6717635066258918,0.16
41.0,31.0,10.0,59.0,39.0,6.384350873009287,2.68,1.5800203873598369,0.214
39.0,23.0,16.0,30.0,28.7,6.384350873009287,2.68,1.783893985728848,0.134
71.0,27.0,44.0,98.0,2.0,6.384350873009287,2.68,1.294597349643221,0.301
43.0,17.0,26.0,90.0,10.0,6.384350873009287,2.68,1.6106014271151885,0.186
34.0,19.0,15.0,69.0,31.0,6.384350873009287,2.68,1.7125382262996942,0.154
42.0,15.0,27.0,88.0,10.0,6.384350873009287,2.68,1.6819571865443423,0.183
39.0,14.0,25.0,79.0,14.0,6.384350873009287,2.68,1.6819571865443423,0.181
44.0,16.0,28.0,80.0,16.0,6.384350873009287,2.68,1.6615698267074417,0.175
48.0,20.0,28.0,96.0,4.0,6.384350873009287,2.68,1.6921508664627931,0.196
45.0,17.0,28.0,84.0,16.0,6.384350873009287,2.68,1.620795107033639,0.172
38.0,21.0,17.0,74.0,26.0,6.384350873009287,2.68,1.7227319062181443,0.181
41.0,17.0,24.0,78.0,19.0,6.384350873009287,2.68,1.7023445463812434,0.185
43.0,18.0,25.0,79.0,21.0,6.384350873009287,2.68,1.6921508664627931,0.184
36.0,13.0,23.0,74.0,26.0,6.384350873009287,2.68,1.7023445463812434,0.174
32.4,20.6,11.8,66.0,30.0,6.384350873009287,2.68,1.7533129459734962,0.195
46.0,25.0,21.0,69.0,31.0,6.384350873009287,2.68,1.7329255861365953,0.12
32.0,16.0,16.0,77.0,23.0,6.384350873009287,2.68,1.8348623853211008,0.168
52.0,27.0,25.0,87.0,13.0,6.384350873009287,2.68,1.946992864424057,0.11
60.0,28.0,32.0,90.0,10.0,6.384350873009287,2.68,1.6717635066258918,0.14
57.0,29.0,28.0,94.0,6.0,6.384350873009287,2.68,1.82466870540265,0.162
34.0,23.0,11.0,30.3,55.0,6.384350873009287,2.68,1.8960244648318043,0.0898
27.0,18.0,9.0,30.6,55.6,6.384350873009287,2.68,2.0081549439347604,0.085
31.4,21.0,10.4,31.4,62.8,6.384350873009287,2.68,1.957186544342508,0.081
33.0,21.8,11.2,26.7,59.3,6.384350873009287,2.68,2.0846075433231395,0.092
25.0,13.0,12.0,29.0,55.1,6.384350873009287,2.68,2.1508664627930685,0.0764
30.0,19.2,10.8,30.8,54.9,6.384350873009287,2.68,2.038735983690112,0.084
28.0,16.7,11.3,26.5,61.0,6.384350873009287,2.68,2.059123343527013,0.0803999999999999
29.0,19.15,9.85,30.7,57.6,6.384350873009287,2.68,2.028542303771661,0.084
26.5,14.8,11.7,24.5,56.0,6.384350873009287,2.68,2.2324159021406724,0.0698
28.6,17.8,10.8,28.0,51.0,6.384350873009287,2.68,2.1610601427115186,0.0796
25.6,18.3,7.3,24.0,54.0,6.384350873009287,2.68,2.2426095820591234,0.07
29.7,18.95,10.75,24.3,60.9,6.384350873009287,2.68,2.09480122324159,0.08
26.0,15.2,10.8,27.2,57.0,6.384350873009287,2.68,2.1610601427115186,0.073
28.0,14.0,14.0,30.1,28.6,6.384350873009287,2.68,2.1202854230377164,0.06
30.0,15.0,15.0,33.3,52.6,6.384350873009287,2.68,2.059123343527013,0.08
25.0,14.0,11.0,31.4,51.6,6.384350873009287,2.68,2.1610601427115186,0.08
29.0,15.0,14.0,26.1,57.4,6.384350873009287,2.68,2.099898063200816,0.08
33.0,16.0,17.0,33.7,51.7,6.384350873009287,2.68,2.099898063200816,0.08
23.0,13.0,10.0,71.7,27.7,6.384350873009287,2.68,2.130479102956167,0.08
29.0,14.0,15.0,51.6,42.3,6.384350873009287,2.68,2.099898063200816,0.08
27.0,14.0,13.0,23.1,73.3,6.384350873009287,2.68,2.018348623853211,0.09
30.0,15.0,15.0,37.7,57.5,6.384350873009287,2.68,2.130479102956167,0.09
30.0,15.0,15.0,18.3,12.7,6.384350873009287,2.68,2.099898063200816,0.08
30.0,16.0,14.0,16.2,72.3,6.384350873009287,2.68,2.059123343527013,0.09
31.0,16.0,15.0,30.4,64.0,6.384350873009287,2.68,2.059123343527013,0.08
54.8,27.4,27.4,62.5,37.5,6.384350873009287,2.68,1.8144750254842,0.168
58.7,16.480000000000004,42.22,60.4,34.58,6.384350873009287,2.68,1.6717635066258918,0.17
63.0,31.0,32.0,91.5,8.5,6.384350873009287,2.68,1.27420998980632,0.35
82.5,32.8,49.7,65.5,32.5,6.384350873009287,2.68,1.6106014271151885,0.196
94.0,36.0,58.0,89.0,11.0,6.384350873009287,2.68,1.3557594291539246,0.354
75.0,32.0,43.0,89.0,11.0,6.384350873009287,2.68,1.4984709480122322,0.28
48.0,26.0,22.0,91.0,9.0,6.384350873009287,2.68,1.6411824668705404,0.2
49.0,24.0,25.0,71.0,27.0,6.384350873009287,2.68,1.7227319062181443,0.196
59.0,34.0,25.0,52.0,39.0,6.384350873009287,2.68,1.7227319062181443,0.19
47.2,32.0,15.200000000000005,100.0,0.0,6.384350873009287,2.68,1.5800203873598369,0.23
24.6,15.3,9.3,60.0,18.0,6.384350873009287,2.68,1.5902140672782876,0.185
29.3,18.4,10.900000000000002,57.0,24.0,6.384350873009287,2.68,1.743119266055046,0.182
26.0,11.9,14.1,57.0,19.0,6.384350873009287,2.68,1.661569826707441,0.152
30.0,12.3,17.7,54.0,28.0,6.384350873009287,2.68,1.855249745158002,0.142
36.5,20.9,15.6,83.0,17.0,6.384350873009287,2.68,1.7940876656472988,0.162
34.04,25.75,8.29,66.67,33.3,6.384350873009287,2.68,1.549439347604485,0.1889999999999999
45.2,22.3,22.9,61.5,35.5,6.384350873009287,2.68,1.8144750254842,0.123
56.0,27.0,29.0,74.0,26.0,6.384350873009287,2.68,1.5392456676860344,0.248
59.0,31.0,28.0,79.0,21.0,6.384350873009287,2.68,1.4984709480122322,0.261
57.8,21.700000000000003,36.1,92.0,8.0,6.384350873009287,2.68,1.6106014271151885,0.22
32.6,20.6,12.0,87.0,13.0,6.384350873009287,2.68,1.8756371049949032,0.15
43.5,26.78,16.72,59.86,40.14,6.384350873009287,2.68,1.6411824668705404,0.216
31.9,16.9,15.0,22.1,65.5,6.384350873009287,2.68,2.0081549439347604,0.092
33.6,18.6,15.0,30.2,55.5,6.384350873009287,2.68,2.018348623853211,0.094
34.0,20.0,14.0,27.5,50.6,6.384350873009287,2.68,1.98776758409786,0.094
33.2,20.200000000000003,13.0,20.3,64.3,6.384350873009287,2.68,1.926605504587156,0.099
32.0,17.0,15.0,21.8,67.3,6.384350873009287,2.68,1.9775739041794085,0.098
32.0,18.5,13.5,24.6,70.4,6.384350873009287,2.68,1.9367991845056065,0.086
31.8,15.8,16.0,22.8,68.6,6.384350873009287,2.68,1.926605504587156,0.094
32.0,17.0,15.0,21.2,71.9,6.384350873009287,2.68,2.059123343527013,0.09
33.0,18.0,15.0,26.4,59.8,6.384350873009287,2.68,2.059123343527013,0.091
33.1,19.0,14.1,29.2,62.5,6.384350873009287,2.68,2.0489296636085625,0.09
33.3,16.999999999999996,16.3,20.3,71.9,6.384350873009287,2.68,2.0489296636085625,0.0901
33.8,20.3,13.5,20.2,58.6,6.384350873009287,2.68,2.1202854230377164,0.089
33.9,19.8,14.1,20.3,64.1,6.384350873009287,2.68,2.069317023445464,0.083
32.3,17.099999999999998,15.2,23.7,74.2,6.384350873009287,2.68,2.059123343527013,0.086
33.1,17.900000000000002,15.2,21.2,69.9,6.384350873009287,2.68,2.059123343527013,0.086
33.2,19.000000000000004,14.2,22.6,73.2,6.384350873009287,2.68,2.0897043832823647,0.089
33.2,18.4,14.8,22.6,74.6,6.384350873009287,2.68,2.069317023445464,0.083
32.0,16.0,16.0,24.2,67.5,6.384350873009287,2.68,2.059123343527013,0.086
64.5,22.200000000000003,42.3,63.5,30.75,6.384350873009287,2.68,1.4260958205912333,0.306
66.3,21.849999999999994,44.45,74.0,24.45,6.384350873009287,2.68,1.3904179408766564,0.316
68.2,22.15000000000001,46.05,72.5,24.14,6.384350873009287,2.68,1.3547400611620797,0.326
57.9,22.5,35.4,79.5,19.27,6.384350873009287,2.68,1.5229357798165135,0.278
54.1,23.1,31.0,56.0,33.5,6.384350873009287,2.68,1.5616717635066255,0.267
62.0,22.25,39.75,61.0,29.35,6.384350873009287,2.68,1.4475025484199795,0.296
55.9,21.3,34.6,60.0,21.78,6.384350873009287,2.68,1.5259938837920488,0.2769999999999999
62.7,22.15000000000001,40.55,75.0,23.35,6.384350873009287,2.68,1.4576962283384305,0.296
58.2,23.1,35.1,75.0,23.35,6.384350873009287,2.68,1.4974515800203871,0.285
59.6,21.15,38.45,75.0,15.98,6.384350873009287,2.68,1.4220183486238531,0.307
64.3,21.4,42.9,60.0,23.15,6.384350873009287,2.68,1.4250764525993884,0.309
58.3,23.15,35.15,57.0,23.75,6.384350873009287,2.68,1.454638124362895,0.297
56.2,22.90000000000001,33.3,57.0,41.16,6.384350873009287,2.68,1.5229357798165135,0.278
61.2,24.85,36.35,99.0,1.0,6.384350873009287,2.68,1.3506625891946993,0.327
51.8,23.05,28.75,74.0,18.0,6.384350873009287,2.68,1.5586136595310909,0.268
62.4,24.7,37.7,60.3,29.10000000000001,6.384350873009287,2.68,1.3863404689092762,0.314
66.3,25.16,41.14,79.8,20.0,6.384350873009287,2.68,1.3353720693170232,0.3339999999999999
63.4,24.3,39.1,53.7,36.2,6.384350873009287,2.68,1.4067278287461773,0.317
58.3,24.8,33.5,53.8,41.0,6.384350873009287,2.68,1.5208970438328235,0.273
50.8,24.0,26.8,58.3,31.60000000000001,6.384350873009287,2.68,1.6585117227319062,0.2269999999999999
52.8,23.3,29.5,62.9,27.000000000000007,6.384350873009287,2.68,1.6472986748216103,0.23
54.5,21.85,32.65,67.7,27.200000000000003,6.384350873009287,2.68,1.632008154943935,0.2339999999999999
53.3,21.4,31.9,72.4,22.5,6.384350873009287,2.68,1.6432212028542303,0.231
50.8,24.35,26.45,77.0,17.900000000000006,6.384350873009287,2.68,1.6962283384301733,0.216
53.5,20.200000000000003,33.3,81.6,13.400000000000006,6.384350873009287,2.68,1.6432212028542303,0.231
52.7,20.40000000000001,32.3,63.1,31.7,6.384350873009287,2.68,1.6809378185524972,0.221
64.5,22.200000000000003,42.3,67.3,12.799999999999995,6.384350873009287,2.68,1.4260958205912333,0.306
66.3,21.849999999999994,44.45,62.6,17.499999999999993,6.384350873009287,2.68,1.3904179408766564,0.316
68.4,22.35000000000001,46.05,58.0,22.0,6.384350873009287,2.68,1.3547400611620797,0.326
57.9,22.5,35.4,53.4,26.6,6.384350873009287,2.68,1.5229357798165135,0.278
54.1,23.1,31.0,62.5,12.700000000000005,6.384350873009287,2.68,1.5616717635066255,0.267
62.0,22.25,39.75,57.9,17.199999999999996,6.384350873009287,2.68,1.4780835881753311,0.296
55.9,21.3,34.6,53.2,21.89999999999999,6.384350873009287,2.68,1.5259938837920488,0.2769999999999999
62.7,22.15000000000001,40.55,53.1,17.1,6.384350873009287,2.68,1.4576962283384305,0.296
58.2,23.1,35.1,57.7,12.5,6.384350873009287,2.68,1.4974515800203871,0.285
59.6,21.15,38.45,87.0,13.0,6.384350873009287,2.68,1.4220183486238531,0.307
64.3,21.4,42.9,90.0,10.0,6.384350873009287,2.68,1.414882772680938,0.309
58.3,23.15,35.15,94.0,6.0,6.384350873009287,2.68,1.454638124362895,0.297
56.2,22.90000000000001,33.3,62.5,37.5,6.384350873009287,2.68,1.5229357798165135,0.278
62.0,22.25,39.75,60.4,34.58,6.384350873009287,2.68,1.4475025484199795,0.299
52.4,24.25,28.15,94.4,5.6,6.384350873009287,2.68,1.5728848114169214,0.237
53.4,24.55,28.85,91.5,8.5,6.384350873009287,2.68,1.54841997961264,0.243
54.2,25.15,29.05,94.4,5.6,6.384350873009287,2.68,1.4882772680937817,0.258
50.4,26.3,24.1,65.5,32.5,6.384350873009287,2.68,1.4260958205912333,0.267
52.4,26.6,25.8,89.0,11.0,6.384350873009287,2.68,1.3476044852191642,0.286
53.8,26.55,27.25,89.0,11.0,6.384350873009287,2.68,1.5076452599388377,0.247
52.5,26.6,25.9,74.0,26.0,6.384350873009287,2.68,1.6055045871559632,0.223
32.1,15.1,17.0,70.0,18.77,6.384350873009287,2.68,1.5412844036697246,0.264
33.2,18.450000000000003,14.75,57.5,40.0,6.384350873009287,2.68,1.6799184505606524,0.176
40.0,24.0,16.0,28.0,31.0,6.384350873009287,2.68,1.6585117227319062,0.188
41.0,22.0,19.0,23.0,25.0,6.384350873009287,2.68,1.885830784913353,0.126
50.0,29.0,21.0,46.0,54.0,6.384350873009287,2.68,1.5596330275229358,0.203
35.0,20.0,15.0,59.0,31.0,6.384350873009287,2.68,1.763506625891947,0.138
43.0,22.0,21.0,72.0,28.0,6.384350873009287,2.68,1.6106014271151885,0.154
44.0,19.0,25.0,78.0,22.0,6.384350873009287,2.68,1.575942915392457,0.175
25.0,20.0,5.0,81.0,19.0,6.384350873009287,2.68,1.6360856269113149,0.156
59.0,27.0,32.0,89.0,11.0,6.384350873009287,2.68,1.4638124362895004,0.222
36.0,20.0,16.0,36.0,29.0,6.384350873009287,2.68,1.847094801223241,0.123
30.0,16.0,14.0,29.0,5.0,6.384350873009287,2.68,1.91335372069317,0.114
25.0,15.0,10.0,11.0,21.0,6.384350873009287,2.68,1.983690112130479,0.098
35.0,17.0,18.0,84.0,16.0,6.384350873009287,2.68,1.887869520897044,0.132
41.0,21.0,20.0,52.0,48.0,6.384350873009287,2.68,1.602446483180428,0.207
33.0,20.0,13.0,26.0,31.0,6.384350873009287,2.68,1.9021406727828745,0.106
47.0,21.0,26.0,42.0,13.0,6.384350873009287,2.68,1.6676860346585116,0.185
56.0,26.0,30.0,78.0,22.0,6.384350873009287,2.68,1.5382262996941896,0.21
28.0,19.0,9.0,68.0,32.0,6.384350873009287,2.68,1.6503567787971458,0.171
27.0,17.0,10.0,68.0,32.0,6.384350873009287,2.68,1.7176350662589197,0.17
32.0,19.0,13.0,79.0,21.0,6.384350873009287,2.68,1.6371049949031602,0.203
32.0,18.0,14.0,73.0,27.0,6.384350873009287,2.68,1.6717635066258918,0.176
32.0,20.0,12.0,42.0,17.0,6.384350873009287,2.68,1.6432212028542303,0.193
30.0,18.0,12.0,93.0,7.0,6.384350873009287,2.68,1.6717635066258918,0.162
51.0,29.0,22.0,17.0,43.0,6.384350873009287,2.68,1.6738022426095818,0.175
39.0,24.0,15.0,30.0,25.0,6.384350873009287,2.68,1.6472986748216103,0.188
53.0,24.0,29.0,82.0,18.0,6.384350873009287,2.68,1.5800203873598369,0.187
56.0,25.0,31.0,67.0,13.0,6.384350873009287,2.68,1.4627930682976555,0.223
25.0,16.0,9.0,28.0,33.0,6.384350873009287,2.68,1.931702344546381,0.1119999999999999
48.0,26.0,22.0,16.0,60.0,6.384350873009287,2.68,1.692150866462793,0.173
54.0,30.0,24.0,31.0,11.0,6.384350873009287,2.68,1.4627930682976555,0.237
41.0,23.0,18.0,32.0,25.0,6.384350873009287,2.68,1.710499490316004,0.143
37.0,20.0,17.0,66.0,34.0,6.384350873009287,2.68,1.6799184505606524,0.152
44.0,27.0,17.0,80.0,20.0,6.384350873009287,2.68,1.6819571865443423,0.146
46.0,27.0,19.0,86.0,14.0,6.384350873009287,2.68,1.6819571865443423,0.173
31.0,20.0,11.0,18.0,24.0,6.384350873009287,2.68,1.9510703363914368,0.103
39.0,22.0,17.0,30.0,42.0,6.384350873009287,2.68,1.8674821610601424,0.125
32.0,18.0,14.0,36.0,47.0,6.384350873009287,2.68,1.930682976554536,0.12
34.0,20.0,14.0,82.0,18.0,6.384350873009287,2.68,1.661569826707441,0.206
61.0,28.0,33.0,98.0,2.0,6.384350873009287,2.68,1.4984709480122322,0.237
47.0,20.0,27.0,72.0,28.0,6.384350873009287,2.68,1.600407747196738,0.188
46.0,18.0,28.0,77.0,23.0,6.384350873009287,2.68,1.6452599388379203,0.182
48.0,21.0,27.0,88.0,12.0,6.384350873009287,2.68,1.6534148827726811,0.191
54.0,28.0,26.0,79.0,21.0,6.384350873009287,2.68,1.5066258919469928,0.204
55.0,32.0,23.0,51.0,49.0,6.384350873009287,2.68,1.5158002038735985,0.228
44.0,24.0,20.0,84.0,16.0,6.384350873009287,2.68,1.6095820591233434,0.191
30.0,21.0,9.0,54.0,46.0,6.384350873009287,2.68,1.6258919469928643,0.208
37.0,18.0,19.0,30.0,23.0,6.384350873009287,2.68,1.855249745158002,0.125
51.0,23.0,28.0,60.0,18.0,6.384350873009287,2.68,1.6972477064220182,0.17
60.0,25.0,35.0,99.0,1.0,6.384350873009287,2.68,1.5555555555555554,0.211
79.0,36.0,43.0,94.0,6.0,6.384350873009287,2.68,1.3261977573904178,0.24
29.0,17.0,12.0,52.0,48.0,6.384350873009287,2.68,1.743119266055046,0.132
75.0,49.0,26.0,89.0,11.0,6.384350873009287,2.68,1.2660550458715596,0.299
59.0,24.0,35.0,99.0,1.0,6.384350873009287,2.68,1.4678899082568806,0.213
56.0,21.0,35.0,92.0,8.0,6.384350873009287,2.68,1.549439347604485,0.2239999999999999
56.0,22.0,34.0,91.0,9.0,6.384350873009287,2.68,1.4658511722731904,0.239
42.0,35.0,7.0,43.0,57.0,6.384350873009287,2.68,1.3588175331294596,0.28
